
-- Задача 1:
-- i. Заполнить все таблицы БД vk данными (по 10-100 записей в каждой таблице)


DROP DATABASE IF EXISTS vk;
CREATE DATABASE vk;
USE vk;

-- Generation time: Mon, 30 Mar 2020 09:38:42 +0000
-- Host: mysql.hostinger.ro
-- DB name: u574849695_21
/*!40030 SET NAMES UTF8 */;
/*!40101 SET @OLD_CHARACTER_SET_CLIENT=@@CHARACTER_SET_CLIENT */;
/*!40101 SET @OLD_CHARACTER_SET_RESULTS=@@CHARACTER_SET_RESULTS */;
/*!40101 SET @OLD_COLLATION_CONNECTION=@@COLLATION_CONNECTION */;
/*!40103 SET @OLD_TIME_ZONE=@@TIME_ZONE */;
/*!40103 SET TIME_ZONE='+00:00' */;
/*!40014 SET @OLD_UNIQUE_CHECKS=@@UNIQUE_CHECKS, UNIQUE_CHECKS=0 */;
/*!40014 SET @OLD_FOREIGN_KEY_CHECKS=@@FOREIGN_KEY_CHECKS, FOREIGN_KEY_CHECKS=0 */;
/*!40101 SET @OLD_SQL_MODE=@@SQL_MODE, SQL_MODE='NO_AUTO_VALUE_ON_ZERO' */;
/*!40111 SET @OLD_SQL_NOTES=@@SQL_NOTES, SQL_NOTES=0 */;

DROP TABLE IF EXISTS `comment_comments`;
CREATE TABLE `comment_comments` (
  `ctocs_id` bigint(20) unsigned NOT NULL AUTO_INCREMENT,
  `user_ctocs_commentator_id` bigint(20) unsigned NOT NULL,
  `user_ctocs_owner_id` bigint(20) unsigned NOT NULL,
  `text_comments` text COLLATE utf8_unicode_ci NOT NULL,
  `created_ctocs_at` datetime DEFAULT current_timestamp(),
  PRIMARY KEY (`ctocs_id`),
  KEY `user_ctocs_commentator_id` (`user_ctocs_commentator_id`),
  KEY `user_ctocs_owner_id` (`user_ctocs_owner_id`),
  CONSTRAINT `comment_comments_ibfk_1` FOREIGN KEY (`user_ctocs_commentator_id`) REFERENCES `users` (`id`),
  CONSTRAINT `comment_comments_ibfk_2` FOREIGN KEY (`user_ctocs_owner_id`) REFERENCES `users` (`id`),
  CONSTRAINT `fk_comments_id` FOREIGN KEY (`ctocs_id`) REFERENCES `comments` (`id`) ON DELETE CASCADE ON UPDATE CASCADE
) ENGINE=InnoDB AUTO_INCREMENT=501 DEFAULT CHARSET=utf8 COLLATE=utf8_unicode_ci;

INSERT INTO `comment_comments` VALUES ('1','501','501','Alias rem voluptatibus alias ipsa.','1985-02-02 03:32:32'),
('2','502','502','Facere sit aut ut occaecati mollitia dolorem.','1992-10-09 23:50:56'),
('3','503','503','Qui nihil ullam aspernatur occaecati.','1975-08-08 01:53:24'),
('4','504','504','Soluta aut culpa neque molestias cupiditate.','2008-06-30 03:35:37'),
('5','505','505','Occaecati ullam pariatur possimus quidem ut sunt.','2005-01-29 20:29:46'),
('6','506','506','Qui tenetur ut veritatis vel accusantium autem.','1984-07-14 00:51:08'),
('7','508','508','Molestiae autem aut eos totam neque sint excepturi et.','1979-10-31 10:19:29'),
('8','509','509','Enim eum iusto laudantium nisi officiis ut consequatur.','1993-07-12 11:56:48'),
('9','510','510','Ea fugit sint doloribus et magni beatae.','1999-08-01 14:03:08'),
('10','512','512','Esse et pariatur dolorem illo eveniet.','2005-03-27 15:26:26'),
('11','517','517','Quo fugiat iusto similique totam doloremque.','2008-12-10 04:09:57'),
('12','518','518','Aut ad aut aut error quasi eos.','1971-07-15 18:14:21'),
('13','519','519','Sapiente necessitatibus dolorum pariatur autem deleniti aliquid.','1993-07-03 16:02:06'),
('14','520','520','Aut ex dolores aliquam odit aperiam eos.','1982-06-19 04:24:18'),
('15','521','521','Culpa deleniti sint et assumenda sunt.','2009-08-10 17:22:51'),
('16','523','523','Assumenda eaque odit iusto rerum explicabo perferendis.','1992-09-25 12:22:13'),
('17','524','524','Minima libero nostrum minima aut nam.','1988-03-23 02:43:12'),
('18','525','525','Esse id quam cupiditate dolorem.','2003-05-22 12:07:59'),
('19','526','526','Perferendis repudiandae est reiciendis et id aut.','2010-01-23 07:37:17'),
('20','529','529','Non repudiandae iure qui est.','1976-01-13 14:34:33'),
('21','530','530','Et voluptatem dolores et dicta earum.','1974-06-14 10:42:22'),
('22','531','531','Nobis ut ad necessitatibus et et est.','1989-08-25 10:39:31'),
('23','535','535','Asperiores voluptas est possimus.','2001-08-29 09:14:00'),
('24','537','537','Possimus eaque fuga tenetur facere.','1995-10-02 01:22:56'),
('25','538','538','Odio aliquid deleniti quis illo velit.','1995-06-27 14:50:44'),
('26','539','539','Eveniet fugiat vel provident ut.','2007-01-06 14:58:42'),
('27','540','540','Eos similique repudiandae sit.','1990-08-18 00:44:12'),
('28','541','541','Excepturi fuga dolorem sed est quia consequatur.','1977-05-01 18:06:49'),
('29','542','542','Voluptatibus sint consequuntur voluptas unde tempora aliquid accusamus veniam.','2007-05-08 11:32:56'),
('30','543','543','Quia molestiae qui aut aut est ut in.','1998-09-05 14:40:15'),
('31','544','544','Repellat atque tempore odit quaerat dicta.','1980-03-04 17:01:00'),
('32','545','545','Suscipit et ut minima libero qui.','1984-12-18 21:11:43'),
('33','546','546','Porro vel error voluptate voluptate.','1986-03-19 00:48:13'),
('34','547','547','Deleniti in doloremque necessitatibus laboriosam.','2016-09-13 10:49:54'),
('35','548','548','Minus voluptatem quia illo qui maiores ullam accusamus et.','2017-01-10 17:46:49'),
('36','552','552','Recusandae aut qui quasi dolores impedit.','1988-10-25 10:05:24'),
('37','553','553','Est exercitationem enim voluptas perferendis aut.','2001-02-14 01:25:50'),
('38','556','556','Impedit enim consequuntur nam aliquam sapiente ipsam.','2012-07-23 05:16:09'),
('39','557','557','Illum earum molestiae amet aut dicta expedita sint.','1996-04-08 10:48:54'),
('40','561','561','Velit eligendi molestias libero aut ratione ipsum.','1980-12-19 20:42:25'),
('41','562','562','Et non nulla aut.','1993-11-23 22:14:06'),
('42','564','564','Velit ut non ut distinctio nostrum dolores.','1988-04-17 17:12:53'),
('43','565','565','Enim repellat quo fuga mollitia id.','1990-10-14 01:33:13'),
('44','566','566','Beatae inventore et officiis ut quia.','1992-04-28 12:49:52'),
('45','567','567','Et odio cum culpa non minus.','2014-06-04 08:35:30'),
('46','568','568','Dolorem dolore accusantium quia et.','1995-06-19 16:05:22'),
('47','569','569','Non earum et adipisci.','1995-07-02 23:53:29'),
('48','571','571','Consectetur modi qui ea et aut.','1978-09-07 09:22:11'),
('49','572','572','Eligendi illo provident sed.','1982-12-11 23:09:24'),
('50','573','573','Quo omnis sit unde.','2017-09-23 03:43:23'),
('51','574','574','Ex soluta deserunt dolore labore pariatur.','2005-06-02 00:52:33'),
('52','577','577','Saepe nihil amet et fuga et adipisci.','2010-08-22 19:31:00'),
('53','579','579','Consequatur ut enim at in placeat.','2012-02-23 07:51:54'),
('54','583','583','Ab quo rerum exercitationem dolor.','2007-05-08 16:56:06'),
('55','585','585','Temporibus eum dolor ut non alias inventore perferendis.','2004-08-23 00:18:38'),
('56','586','586','Quos vel atque perspiciatis est reprehenderit.','1978-01-27 16:38:09'),
('57','587','587','Eaque est rerum quae.','2019-05-25 19:19:41'),
('58','590','590','Delectus eligendi id praesentium maiores nesciunt.','1971-07-23 16:33:25'),
('59','594','594','Sapiente earum commodi sint hic.','2012-10-05 06:04:33'),
('60','595','595','Dignissimos est impedit fugiat est.','1977-11-17 16:06:42'),
('61','597','597','Itaque exercitationem nulla quod dolores quis.','2018-05-16 08:41:12'),
('62','598','598','Est ab qui vel et aliquam vel.','1976-07-05 11:39:04'),
('63','599','599','Adipisci sint aut amet in labore enim recusandae culpa.','1997-08-27 12:07:15'),
('64','600','600','Culpa dolores adipisci id omnis vitae velit.','2016-02-13 03:19:43'),
('65','601','601','Ut culpa dolore nostrum non sint quibusdam.','1984-07-01 20:07:19'),
('66','602','602','Magni voluptate velit iste recusandae est.','2007-04-30 00:37:51'),
('67','603','603','Perspiciatis necessitatibus beatae vel aut.','1976-10-27 05:34:18'),
('68','605','605','Iusto tenetur quis aut cum architecto odio.','1986-09-27 00:02:43'),
('69','607','607','Veritatis ducimus minus suscipit officiis.','1971-02-15 06:46:57'),
('70','608','608','Et nihil aut maiores.','1993-07-11 07:01:35'),
('71','610','610','Quo suscipit voluptatibus voluptate aspernatur ut minima consequatur.','1995-09-21 09:57:21'),
('72','611','611','Expedita excepturi laboriosam vitae sit.','1999-05-07 23:11:57'),
('73','614','614','Amet fugit sapiente non maxime.','2008-04-10 10:57:40'),
('74','615','615','Et deleniti qui cupiditate minima voluptates est et.','2013-10-08 23:34:05'),
('75','618','618','Enim est saepe quisquam libero.','2009-06-15 10:12:34'),
('76','621','621','Ratione enim illum qui esse ea maiores temporibus est.','1975-07-03 07:59:29'),
('77','623','623','Ea iure delectus enim natus dolor mollitia.','1981-04-25 23:55:57'),
('78','624','624','Maxime necessitatibus alias nam.','2003-10-19 05:29:35'),
('79','625','625','Veniam sit neque voluptatem exercitationem ipsa nesciunt.','2000-10-08 07:26:19'),
('80','626','626','Adipisci eum dolorem suscipit et quae iste et.','1990-01-27 23:22:48'),
('81','627','627','Et natus id magni nostrum cumque et doloribus iusto.','2018-12-31 08:57:54'),
('82','628','628','Aut aliquam iure voluptatem.','1975-05-05 06:34:10'),
('83','629','629','Sed quia quisquam tenetur dolore consequatur et.','2016-11-12 13:59:38'),
('84','633','633','Velit tempora ipsam odit non.','1977-10-18 06:18:35'),
('85','635','635','Omnis quae dolores modi debitis eveniet vero.','2011-11-12 03:22:12'),
('86','636','636','Ut ut eveniet rerum quidem.','2011-09-17 22:20:07'),
('87','637','637','Atque non dolorem vel vel ad aut molestias.','1970-07-21 18:56:55'),
('88','644','644','Quia aperiam aut sit quo placeat sunt.','2007-09-22 05:40:07'),
('89','646','646','Blanditiis est totam iure suscipit consequatur itaque.','1979-01-17 11:26:37'),
('90','647','647','Fugit sed minus unde odio in ut tempora.','2004-07-30 05:45:47'),
('91','648','648','Modi quo pariatur est dolorem.','2012-01-16 14:26:16'),
('92','652','652','Reiciendis non dolor repellat illum odio sint harum velit.','1987-09-08 09:46:37'),
('93','653','653','Exercitationem error aut optio iure suscipit dicta facilis est.','1984-03-26 13:18:32'),
('94','654','654','Quasi et quis consectetur tenetur non nostrum dicta quia.','1980-01-02 02:51:04'),
('95','658','658','Libero ullam aut sunt perferendis rerum doloremque ut ea.','2000-05-19 06:12:51'),
('96','660','660','Repellat aut ipsam qui aut.','1993-02-21 19:47:17'),
('97','661','661','Et nesciunt voluptas recusandae tempora at nesciunt.','1973-03-30 19:01:53'),
('98','665','665','Quia velit consequatur sequi nisi qui culpa.','2002-04-28 17:55:25'),
('99','668','668','Aspernatur porro magni eum voluptates architecto id.','1994-09-18 02:41:00'),
('100','669','669','Praesentium officia voluptatem aperiam sit tempore tenetur aut.','1991-05-23 04:13:42'),
('101','670','670','Est et facilis rerum sit saepe quo.','1999-04-24 05:21:18'),
('102','671','671','Quo velit iure aut quia dicta deserunt ad.','2010-01-19 18:07:17'),
('103','673','673','Est asperiores sed ipsam maxime non voluptas fugit.','2015-12-15 02:11:09'),
('104','674','674','Modi incidunt et cum amet quidem.','1975-08-26 17:50:29'),
('105','675','675','Non illo temporibus commodi.','1999-04-17 11:19:45'),
('106','676','676','Nulla ea commodi dolores sequi dolores.','2008-07-25 15:35:39'),
('107','677','677','At quis voluptas molestias numquam aspernatur quasi.','1993-06-20 16:07:14'),
('108','678','678','Omnis consectetur est et est saepe et voluptas porro.','2006-11-15 12:34:17'),
('109','680','680','Et eveniet minima rem iste fuga distinctio.','1999-11-02 16:15:53'),
('110','681','681','Iste labore impedit voluptatum.','2001-07-15 00:26:02'),
('111','683','683','Error magnam et sapiente ullam saepe dolorem.','1972-12-05 11:11:35'),
('112','684','684','Corporis fugit voluptatem hic vel facilis aperiam et.','2001-12-10 19:15:43'),
('113','685','685','Ut consequatur sit aut.','1974-12-20 16:46:31'),
('114','686','686','Et consequatur nihil et quia.','1973-07-11 18:41:34'),
('115','690','690','Sint aliquam qui nihil accusantium eum.','2005-02-12 15:06:34'),
('116','691','691','Nihil aliquid quae perferendis aut est consectetur officiis.','2009-04-10 09:12:44'),
('117','692','692','Dolorum rerum molestiae id repudiandae omnis voluptatem.','1989-06-04 03:44:20'),
('118','693','693','Rerum inventore molestias velit magnam.','2004-09-07 21:49:43'),
('119','694','694','Provident omnis aut tenetur voluptas.','2012-05-30 09:49:01'),
('120','697','697','Officia earum delectus suscipit.','2003-01-11 10:16:13'),
('121','700','700','Reprehenderit quae quisquam architecto repellendus.','1987-09-14 15:58:02'),
('122','701','701','Consequatur ab provident qui dignissimos nam velit et occaecati.','1975-11-28 13:24:47'),
('123','702','702','Aperiam aut nulla rerum est iure quia.','1991-02-09 15:11:47'),
('124','703','703','Quo dolore exercitationem voluptatum esse enim sint.','1973-01-29 20:20:44'),
('125','704','704','Nihil culpa eveniet harum dolores similique porro.','1992-01-28 09:40:06'),
('126','707','707','Beatae eius facilis rerum id eaque inventore ipsam.','1983-05-01 20:03:02'),
('127','709','709','Fugiat repudiandae delectus et fuga autem sed.','2020-02-16 00:02:03'),
('128','712','712','Aut iste quia et.','1989-12-15 04:55:24'),
('129','713','713','Aut necessitatibus vel fuga dolores.','1981-12-18 11:22:28'),
('130','718','718','Sint reprehenderit sit est ex officiis est atque molestiae.','2017-10-04 02:16:05'),
('131','719','719','Autem eos quasi veritatis asperiores quo.','2011-09-20 15:28:55'),
('132','720','720','Commodi impedit architecto voluptatem ipsum.','1975-10-06 17:39:13'),
('133','721','721','Quis id et delectus quidem ut.','1986-10-23 17:53:27'),
('134','722','722','Ut beatae possimus soluta.','1998-11-27 19:41:59'),
('135','723','723','Quaerat perspiciatis et est sit vel voluptates.','2011-09-07 07:37:16'),
('136','725','725','Quidem nulla minima quisquam.','1974-12-27 13:38:10'),
('137','727','727','Voluptatem tempore rerum aut ipsum.','1973-04-25 07:41:16'),
('138','729','729','Et earum neque inventore aut porro.','1985-03-04 14:32:32'),
('139','731','731','Eligendi et odit omnis.','1992-10-23 12:36:30'),
('140','732','732','Voluptate natus et beatae et voluptatum vitae.','2003-06-07 04:24:06'),
('141','733','733','Aliquid eveniet ratione cum aut.','2001-07-03 04:10:30'),
('142','737','737','Deleniti nisi repellendus molestiae illo sed mollitia.','1992-11-28 18:18:38'),
('143','738','738','Tempore explicabo ut fuga accusantium magnam adipisci et.','1993-11-18 16:49:48'),
('144','740','740','Reiciendis quia tempore nemo ea ut repudiandae fugit eum.','1998-09-03 02:06:01'),
('145','742','742','Ut aliquid recusandae dolorum vel id vitae quas error.','2012-02-15 07:05:10'),
('146','745','745','Repellendus sed corporis ipsam minima delectus.','1996-09-10 05:10:42'),
('147','746','746','Blanditiis magnam odio sed voluptatem aut perferendis.','1976-01-30 19:31:20'),
('148','747','747','Ut consectetur eligendi ut atque.','1970-10-21 12:44:47'),
('149','749','749','Nostrum incidunt facilis ipsa molestiae optio.','1973-06-12 14:28:51'),
('150','750','750','Sit culpa aliquam tempora repellat et consectetur delectus.','1989-12-25 23:25:29'),
('151','751','751','Est maiores voluptatibus sit aperiam earum.','2005-07-03 04:35:19'),
('152','752','752','Nesciunt dolor eveniet accusantium autem quam excepturi.','1971-11-10 02:56:48'),
('153','753','753','Et rerum rerum magni quibusdam rerum cumque.','1972-02-19 01:33:32'),
('154','757','757','Et aut voluptas modi corrupti quas.','1990-07-06 20:47:36'),
('155','758','758','Qui eligendi aliquid eum quisquam nihil.','1979-07-29 07:28:52'),
('156','759','759','Est quidem placeat praesentium est.','1979-05-16 05:11:07'),
('157','760','760','Nobis quo aliquid id.','2013-06-23 21:36:15'),
('158','761','761','Aut voluptas ipsa numquam quisquam enim quia necessitatibus.','2009-02-11 19:31:19'),
('159','762','762','Consequuntur sint nihil minus earum inventore.','2012-08-08 02:57:06'),
('160','763','763','Suscipit repellendus et ratione ipsa.','1974-10-13 06:18:53'),
('161','765','765','Ut ad corrupti accusantium asperiores omnis.','1992-03-22 18:24:32'),
('162','767','767','Repudiandae et nam est aut.','2017-01-03 17:18:49'),
('163','768','768','Praesentium minima aut fugiat quo voluptatum illo voluptatem.','1989-12-17 07:29:47'),
('164','769','769','Dolorum et laudantium est rerum.','2006-10-18 06:47:07'),
('165','771','771','Aut architecto quos voluptatibus sint iusto officiis.','1975-01-31 12:14:01'),
('166','772','772','Quibusdam libero non harum qui.','1978-09-23 21:00:13'),
('167','773','773','Sint non aut ipsam tenetur.','2001-06-02 04:44:39'),
('168','776','776','Et nihil magni et.','2018-02-04 09:12:55'),
('169','777','777','Blanditiis accusamus exercitationem veniam non numquam accusantium.','1997-07-19 00:02:17'),
('170','778','778','Ut quam enim quia aut placeat.','1986-06-15 07:59:04'),
('171','781','781','Et est consectetur id dolorem sapiente laudantium quibusdam.','1982-10-11 22:58:48'),
('172','782','782','Molestias rerum qui iste est.','1976-11-19 20:29:45'),
('173','784','784','Amet deserunt tenetur deserunt.','2016-08-26 06:00:26'),
('174','785','785','Nihil nihil rerum aut ut maxime et assumenda.','1980-11-30 01:03:09'),
('175','786','786','Vel rerum harum ipsam quo earum.','2018-11-15 09:35:22'),
('176','787','787','Sed architecto veritatis rerum fugiat velit ut.','1974-04-25 09:19:51'),
('177','788','788','Aut quia ut dolorum.','1984-10-28 11:20:51'),
('178','790','790','Enim autem qui officia.','2002-03-10 04:05:33'),
('179','791','791','Quia voluptate deserunt sit quia in.','2018-01-05 07:08:14'),
('180','792','792','Eos porro optio temporibus quisquam cupiditate nihil et voluptatem.','1990-05-02 07:35:35'),
('181','795','795','Ipsum sit eos nostrum quidem.','2014-06-14 03:52:10'),
('182','796','796','Odit magnam sit id quo qui.','1972-04-12 11:35:40'),
('183','797','797','Accusamus et tenetur blanditiis quia possimus quo omnis.','2015-03-27 11:56:02'),
('184','798','798','Rem earum ducimus rem ut.','2003-12-15 17:05:39'),
('185','799','799','Quae ad qui explicabo accusamus voluptatem sint est.','1973-10-26 07:58:13'),
('186','800','800','Fuga adipisci pariatur quidem tempora neque.','1987-07-27 21:49:44'),
('187','803','803','Excepturi in ea laudantium odio nihil laudantium non.','2004-04-03 00:30:40'),
('188','805','805','Voluptates nisi aut dolores adipisci.','2006-02-24 17:08:38'),
('189','806','806','Voluptatem et eum adipisci perferendis corrupti quos minima eos.','1999-10-03 17:24:32'),
('190','807','807','Nisi voluptatem incidunt soluta aut.','1984-07-07 09:09:57'),
('191','808','808','Quos exercitationem reprehenderit tempore corrupti et voluptatem nulla odit.','1986-10-08 22:05:42'),
('192','811','811','Possimus qui ut dolores repellendus qui quod est.','2016-02-13 14:35:41'),
('193','815','815','Dolores non id voluptate sequi iure sed autem.','2002-10-15 19:10:01'),
('194','816','816','Dicta laudantium dolor laudantium voluptatem.','1986-03-07 15:23:51'),
('195','818','818','Blanditiis commodi veritatis et.','1979-02-23 01:17:06'),
('196','819','819','Et vel placeat non illo.','2010-11-25 13:11:47'),
('197','820','820','Eos deserunt debitis quia id.','1978-11-30 22:07:12'),
('198','821','821','Odio deleniti blanditiis mollitia nihil quis recusandae.','2016-08-12 22:02:40'),
('199','822','822','Sit numquam consequatur excepturi et reiciendis nesciunt nemo autem.','1977-10-14 13:20:13'),
('200','823','823','Tenetur eaque molestias rem corrupti.','1977-08-20 02:58:58'),
('201','828','828','Ut asperiores nam ut qui reiciendis et.','1976-02-27 10:50:03'),
('202','829','829','Iusto tempora eius harum aut ad.','1980-04-13 02:22:30'),
('203','831','831','Velit error eos est autem.','1971-01-14 00:39:45'),
('204','832','832','Consequatur et amet tenetur voluptatem iusto et et.','2016-03-31 03:37:37'),
('205','833','833','Enim modi et cumque quibusdam.','2015-04-20 06:41:02'),
('206','836','836','Iste et similique quas possimus.','2016-03-11 04:17:31'),
('207','842','842','Vel expedita possimus minus quia ut.','1989-03-12 08:28:02'),
('208','844','844','Voluptatem laboriosam ut in iusto aperiam dolorem.','2015-12-14 14:29:58'),
('209','845','845','Sed eveniet adipisci totam cumque.','1989-06-24 15:43:24'),
('210','846','846','Nihil aut molestiae inventore quis quam aut sint et.','2014-02-19 16:50:35'),
('211','848','848','Eum ipsam quos unde consequatur adipisci labore quos.','1989-07-20 08:13:39'),
('212','849','849','Vero sapiente in nostrum minus ut ut.','2015-07-09 17:26:48'),
('213','850','850','Cupiditate ratione corrupti eum ut illum.','1994-04-29 01:48:46'),
('214','851','851','Quia amet totam eum reprehenderit consectetur et qui.','2005-05-10 02:04:04'),
('215','857','857','Voluptas quam veritatis vel itaque perspiciatis dolores ipsam.','2013-07-23 05:35:56'),
('216','859','859','Voluptates sint temporibus perferendis quo.','2014-07-16 15:35:12'),
('217','860','860','Perferendis temporibus accusantium qui error repellat nulla.','1988-05-19 01:42:02'),
('218','861','861','Non id reprehenderit iure itaque.','2013-08-25 16:15:36'),
('219','862','862','Eaque nam unde quibusdam.','2014-08-23 04:25:02'),
('220','863','863','Recusandae in ipsa aut architecto temporibus consequatur.','1974-07-17 15:27:14'),
('221','864','864','Commodi consequatur possimus similique ut et fuga neque.','1999-05-07 07:18:19'),
('222','869','869','Sequi dolores voluptatem veniam voluptas harum quibusdam sint perferendis.','1971-10-06 08:49:29'),
('223','870','870','Nam accusantium et corrupti et est a excepturi nihil.','1984-02-29 18:47:25'),
('224','871','871','Ipsa similique eum ab et voluptas eum voluptas.','1995-01-28 14:00:48'),
('225','872','872','Neque unde ex voluptates consectetur odio aut ut.','1977-10-01 08:35:25'),
('226','876','876','Minus assumenda qui necessitatibus corrupti reprehenderit.','2005-02-06 03:31:22'),
('227','877','877','Est non vitae facere qui tempora recusandae aut.','2003-03-07 02:47:15'),
('228','883','883','Necessitatibus cupiditate vel et earum.','2010-09-03 09:40:07'),
('229','885','885','Deleniti aut quia aut nulla ipsum.','2017-11-23 09:38:12'),
('230','887','887','Reprehenderit deleniti impedit impedit ea nihil dolores.','2010-08-23 23:40:04'),
('231','888','888','Quo laboriosam nostrum eum et doloribus.','1992-07-07 19:12:32'),
('232','889','889','Cumque sit non laudantium rerum commodi eos.','2010-06-30 00:11:51'),
('233','891','891','Explicabo beatae nemo alias consequuntur laudantium possimus expedita.','2006-05-10 15:52:46'),
('234','892','892','Quia odit sapiente non vel soluta eligendi.','1996-12-17 23:15:15'),
('235','893','893','Aut veritatis ipsam amet non nihil nihil sed qui.','2014-08-21 11:58:12'),
('236','895','895','Dicta officiis culpa repellendus quidem quo debitis quos.','2002-09-22 11:28:28'),
('237','901','901','Dolorem voluptatem pariatur illum dolor nisi consequatur laborum veniam.','2000-05-24 01:58:08'),
('238','902','902','Vel dolores accusantium unde et quia amet quas modi.','1973-08-25 08:31:29'),
('239','903','903','Voluptatibus qui tempore aliquam ullam voluptatem nihil velit.','2004-04-16 10:09:46'),
('240','905','905','Maxime et eos soluta reiciendis.','1995-03-03 22:33:53'),
('241','906','906','Eveniet velit harum ea perspiciatis autem.','1991-08-16 02:03:32'),
('242','909','909','Sit quos assumenda sit reprehenderit delectus placeat neque accusamus.','1973-05-23 21:49:22'),
('243','910','910','Ut praesentium fugit doloribus porro sunt.','2000-05-25 17:54:47'),
('244','911','911','Iure necessitatibus sed vitae animi nihil.','2016-01-07 08:36:59'),
('245','912','912','Quia provident culpa saepe quos doloremque vero.','1984-07-16 07:01:10'),
('246','913','913','Ut et dolores soluta impedit omnis vel.','1994-04-06 12:43:36'),
('247','914','914','Illo repellendus repudiandae dolores molestias debitis molestias deserunt.','1990-08-08 16:01:00'),
('248','915','915','Enim quos cumque a.','1982-12-15 05:20:43'),
('249','917','917','Unde sed magnam sint doloribus autem.','1973-03-12 15:23:02'),
('250','918','918','In mollitia ut explicabo.','1980-09-28 01:19:44'),
('251','919','919','Est voluptatem voluptatibus ut alias incidunt.','2015-12-26 03:22:46'),
('252','920','920','Distinctio debitis qui blanditiis aut impedit quod ducimus.','1992-06-23 04:04:57'),
('253','921','921','Aut eum odio quo velit.','1996-10-16 15:54:25'),
('254','923','923','Vero molestiae reiciendis reiciendis eum dolorem in eligendi.','1980-09-03 00:52:29'),
('255','924','924','Soluta autem qui alias ea ab.','2019-04-25 06:17:13'),
('256','925','925','Quibusdam sit voluptatum magni.','2004-10-08 04:48:42'),
('257','926','926','Officia fuga eos qui perferendis voluptatem aut.','1992-12-31 20:27:07'),
('258','929','929','Est tempora iure natus possimus ut accusantium.','1991-09-18 13:56:27'),
('259','930','930','Voluptas perspiciatis debitis doloremque omnis nesciunt quisquam.','2018-06-25 23:54:48'),
('260','931','931','Quaerat rerum blanditiis sequi nam consequatur ex soluta.','2002-03-06 16:51:49'),
('261','932','932','Facere ex fuga rerum inventore quod qui.','1972-02-13 06:20:37'),
('262','933','933','Porro ea voluptas adipisci rerum earum dolorum repellendus aut.','1978-12-25 11:02:23'),
('263','936','936','Qui exercitationem numquam sapiente.','1993-04-05 23:00:57'),
('264','940','940','Omnis porro eveniet facilis reprehenderit.','1980-11-02 01:58:49'),
('265','943','943','Quod magni earum necessitatibus corrupti.','1980-04-11 16:45:17'),
('266','944','944','Magnam sed aut sint eum dolorem.','1984-02-03 05:54:08'),
('267','945','945','Quam occaecati sed soluta fugit optio quaerat.','1973-07-02 19:06:24'),
('268','947','947','Et quo dolor nostrum repellendus et eaque.','2004-11-19 04:26:15'),
('269','948','948','Non quos distinctio voluptatem ad.','2008-01-05 17:14:12'),
('270','950','950','Voluptatem aspernatur itaque inventore facilis sed perspiciatis.','2016-05-13 10:59:29'),
('271','951','951','Qui voluptatem assumenda beatae ut blanditiis culpa neque.','2010-08-25 01:42:25'),
('272','953','953','Possimus deleniti consequatur autem quo.','2013-09-18 14:22:07'),
('273','955','955','Quis ut corporis suscipit molestias dolorum consequatur et ea.','1996-06-16 02:03:34'),
('274','956','956','Blanditiis autem non aut commodi.','2003-06-10 22:34:53'),
('275','957','957','Suscipit fugit et et reprehenderit dolorem vel.','2010-07-28 06:55:32'),
('276','958','958','Qui sit esse eos quis aut et.','2000-02-28 02:57:14'),
('277','960','960','Cum omnis hic quia reiciendis optio.','1977-09-24 22:45:05'),
('278','961','961','Expedita quaerat enim sit molestiae inventore voluptate ab.','2003-06-23 00:45:34'),
('279','964','964','Ipsum reiciendis labore enim.','1990-06-15 23:38:55'),
('280','965','965','Natus nihil facilis optio eum dolorem.','1994-11-08 18:28:27'),
('281','967','967','Ullam laborum animi sunt praesentium mollitia natus.','1987-03-09 17:52:26'),
('282','968','968','Voluptates porro et natus ipsum omnis ut.','2006-01-10 14:40:21'),
('283','970','970','Qui quam veritatis et nihil qui aliquid reprehenderit.','2014-08-30 17:29:29'),
('284','971','971','Est et totam sint voluptatem doloremque omnis odit.','1984-12-30 06:36:56'),
('285','975','975','Quae ut nostrum et est nihil.','2006-05-07 12:31:39'),
('286','976','976','Unde qui sunt nisi culpa pariatur fuga cumque impedit.','1995-12-23 14:00:54'),
('287','977','977','Nesciunt qui voluptatem aspernatur sapiente enim magnam omnis.','1982-03-06 19:17:26'),
('288','979','979','Architecto sapiente odit sed deleniti iste.','1971-10-21 12:37:34'),
('289','980','980','Eum doloremque in et facere et consectetur ipsa.','1976-05-26 15:08:04'),
('290','982','982','Qui qui quos sit tempore quas distinctio est rerum.','1979-12-25 02:01:15'),
('291','983','983','Id vel ipsa doloribus facilis ipsum.','2014-01-23 12:20:48'),
('292','984','984','Iste doloribus et vel dolor est animi accusantium.','1997-06-19 02:28:02'),
('293','985','985','Aut iste iure vel necessitatibus ducimus sit eum.','1980-01-19 07:35:34'),
('294','987','987','Neque quas vitae accusamus non incidunt.','1972-03-18 09:40:18'),
('295','988','988','Autem molestiae asperiores nemo et unde.','1981-09-10 15:56:53'),
('296','989','989','Velit laboriosam commodi at sapiente aut itaque vitae.','1977-03-07 16:38:40'),
('297','990','990','Dolorem voluptatem assumenda dolores ut.','1972-12-22 22:36:38'),
('298','991','991','Et id nemo quia laborum molestias et labore dolor.','1979-07-25 01:09:02'),
('299','992','992','Facere sequi aperiam numquam hic.','1984-09-30 03:07:17'),
('300','994','994','Assumenda ut quis sunt quam officia.','1991-07-19 01:33:21'),
('301','996','996','Facere dignissimos dolor eveniet maxime repudiandae expedita qui.','1993-10-28 16:26:01'),
('302','997','997','Sapiente eaque ducimus debitis.','1981-11-23 13:28:38'),
('303','501','501','Architecto accusantium minus corporis sint sint.','2005-01-29 11:33:22'),
('304','502','502','Voluptas ut ipsa debitis occaecati ducimus.','2015-12-11 16:11:45'),
('305','503','503','Ut similique voluptatem eius qui.','2003-01-16 09:50:09'),
('306','504','504','Ut quidem aut sit vel et sed.','1996-11-30 03:39:09'),
('307','505','505','Ut autem beatae commodi et sed earum tempore.','2019-11-24 23:16:31'),
('308','506','506','Dicta omnis error est.','1987-03-07 12:25:00'),
('309','508','508','Odit numquam qui magni reiciendis.','1993-12-15 21:18:01'),
('310','509','509','Dignissimos omnis omnis vitae voluptas ipsam in.','1983-01-04 04:38:00'),
('311','510','510','Sit modi quam odio est unde.','1996-03-13 01:49:50'),
('312','512','512','Hic ullam commodi perspiciatis occaecati quos quae.','2020-01-12 08:12:47'),
('313','517','517','Aut praesentium quia qui ducimus.','2011-08-08 08:26:50'),
('314','518','518','Nobis ea et omnis cumque aut perspiciatis assumenda.','1985-06-25 02:00:13'),
('315','519','519','A aliquid esse explicabo ea aut voluptatem.','1973-08-27 16:25:03'),
('316','520','520','Quia dolore dolor accusamus laborum neque rerum est.','1979-08-09 08:06:55'),
('317','521','521','Sunt veniam tenetur quaerat voluptatibus soluta.','2011-10-07 07:23:50'),
('318','523','523','Nostrum quas ut explicabo ipsam voluptate.','1994-02-08 13:48:50'),
('319','524','524','Omnis expedita omnis iusto rem repellendus repudiandae minus.','1998-03-11 20:06:25'),
('320','525','525','Quo veritatis cum enim laudantium sit.','1971-03-10 08:37:53'),
('321','526','526','Dolor nihil in est quia sit.','2014-07-13 11:40:21'),
('322','529','529','Est saepe nam sunt in rem.','1992-06-06 23:41:10'),
('323','530','530','Hic tempora velit sit ut.','2006-06-18 17:11:59'),
('324','531','531','Consequatur eaque assumenda architecto assumenda.','1977-10-14 11:18:32'),
('325','535','535','Impedit qui vel magni quis iure facere quia.','1990-07-12 05:22:35'),
('326','537','537','Perferendis eos sit blanditiis voluptas ut.','1978-09-09 12:24:01'),
('327','538','538','Rerum praesentium voluptates porro minima provident.','2015-04-25 12:31:24'),
('328','539','539','Sequi veniam odio repellat facilis qui dolore.','1981-06-14 06:25:32'),
('329','540','540','Doloribus quo asperiores sit enim molestiae et.','1970-10-03 23:28:10'),
('330','541','541','Eveniet ipsa doloremque qui similique dolore.','1978-10-27 16:06:28'),
('331','542','542','Neque eaque quisquam laudantium quisquam minus non voluptas.','2019-04-24 22:46:33'),
('332','543','543','Est non maxime cumque repellat.','2013-11-04 05:29:00'),
('333','544','544','Fugiat qui eum eos asperiores.','1972-08-03 20:56:19'),
('334','545','545','Aut quam et architecto consectetur quae amet neque.','2008-09-16 11:20:19'),
('335','546','546','Et omnis hic eligendi tempore et.','1985-12-16 05:02:37'),
('336','547','547','Vel doloribus ut aperiam dolores ut saepe.','2012-12-27 22:05:54'),
('337','548','548','Tenetur consequuntur voluptatum non velit ad.','2006-12-03 23:05:08'),
('338','552','552','Non perferendis ipsum aut sed quaerat eius.','1985-03-16 04:40:38'),
('339','553','553','Nesciunt in ut dolores consectetur labore et dolores.','2015-03-31 03:23:28'),
('340','556','556','Architecto est aliquam rerum sit sit odit.','1981-08-25 00:11:44'),
('341','557','557','Minus error non repellendus praesentium tempore.','1995-02-17 18:56:32'),
('342','561','561','Blanditiis delectus iste accusantium totam sed natus.','2003-08-31 04:58:05'),
('343','562','562','Officia voluptas magni ut magni assumenda exercitationem.','1982-02-21 03:50:33'),
('344','564','564','Accusantium vitae animi enim voluptas ea vero laboriosam.','2018-07-04 20:38:10'),
('345','565','565','Molestiae enim eum illum.','1977-03-16 04:30:21'),
('346','566','566','Explicabo at natus unde exercitationem.','2014-04-09 11:58:56'),
('347','567','567','Et accusantium impedit nostrum voluptate.','2004-02-29 08:56:47'),
('348','568','568','Itaque vero aut molestiae alias.','2014-07-01 03:57:13'),
('349','569','569','Animi aliquid soluta omnis magni voluptatum et qui.','2014-06-12 22:49:31'),
('350','571','571','Ab voluptas in perferendis iste expedita quo.','1972-05-29 05:59:32'),
('351','572','572','Magnam enim dicta natus.','2010-08-08 01:46:22'),
('352','573','573','Aliquid quis iure nostrum blanditiis.','1971-12-31 04:49:59'),
('353','574','574','Aliquid eveniet est harum.','2019-08-22 18:30:17'),
('354','577','577','Voluptatum et voluptatem ea consequatur et iure.','1976-04-07 06:12:59'),
('355','579','579','Cum tempore ipsa repellendus possimus.','2016-07-24 00:43:50'),
('356','583','583','Voluptatem recusandae porro voluptas quia.','1972-02-26 23:54:08'),
('357','585','585','Quia corrupti ullam molestiae enim et accusantium sed.','1981-03-02 16:11:42'),
('358','586','586','Illo commodi labore excepturi deleniti.','1978-08-30 08:55:30'),
('359','587','587','Molestiae fugiat quaerat rerum neque voluptas laudantium hic.','1978-11-12 09:11:33'),
('360','590','590','Consectetur cupiditate vero delectus molestiae ea sunt odio aspernatur.','1977-07-26 19:58:51'),
('361','594','594','Odit aut labore quibusdam reprehenderit est porro.','2017-09-30 10:34:15'),
('362','595','595','Quibusdam vel libero quia autem.','2017-07-10 10:18:00'),
('363','597','597','Quo qui perferendis facilis enim consequuntur.','1998-08-05 16:16:16'),
('364','598','598','Quam ipsum ut numquam mollitia eligendi suscipit unde et.','2000-06-15 09:19:52'),
('365','599','599','Ea a rerum officia voluptatem.','1998-08-09 01:58:22'),
('366','600','600','Velit voluptates esse reprehenderit odio in.','2008-05-01 05:11:32'),
('367','601','601','Consequatur temporibus illo laudantium aspernatur eaque.','1989-06-24 18:56:29'),
('368','602','602','Ad maiores repudiandae corrupti.','1987-01-03 13:47:37'),
('369','603','603','Quas nulla distinctio repellat et deserunt.','1970-12-21 03:51:45'),
('370','605','605','Vel dolore natus quia expedita ullam culpa.','2015-11-21 16:27:46'),
('371','607','607','Excepturi qui ducimus placeat voluptas.','1976-09-13 17:29:44'),
('372','608','608','Totam et asperiores dolor labore adipisci commodi tempore atque.','2015-06-02 10:52:43'),
('373','610','610','Accusamus ratione porro aliquid deleniti nobis ad.','1980-12-28 03:28:51'),
('374','611','611','Nam dolorem deleniti vel repellendus autem.','2001-12-03 09:48:00'),
('375','614','614','Eaque unde nam temporibus sed.','2006-04-09 06:51:34'),
('376','615','615','Qui est totam odio laudantium velit repellat.','2001-04-02 09:01:01'),
('377','618','618','Non necessitatibus quos sequi iste voluptatem et cumque.','1979-02-26 19:55:29'),
('378','621','621','Est quo voluptatem deleniti at alias.','1976-09-22 21:49:26'),
('379','623','623','Error non ipsum provident consequatur sit qui.','2015-10-24 15:03:21'),
('380','624','624','Voluptas commodi sunt voluptatum veniam.','1991-01-28 04:39:11'),
('381','625','625','Impedit perferendis tempore sit dolores.','1991-06-07 18:32:53'),
('382','626','626','Dignissimos quisquam dolor doloremque blanditiis.','1999-12-29 21:06:31'),
('383','627','627','Voluptas nihil quisquam sed.','2013-12-19 13:52:20'),
('384','628','628','Tempore et earum officia.','1997-07-29 09:09:25'),
('385','629','629','Accusantium aliquid quas vel.','1979-06-04 23:13:33'),
('386','633','633','Exercitationem minus porro id soluta eum.','1981-09-26 23:58:26'),
('387','635','635','Molestiae blanditiis soluta est magni soluta qui.','1996-08-26 11:17:03'),
('388','636','636','Quasi non incidunt dolores totam occaecati incidunt et.','1987-01-23 01:04:56'),
('389','637','637','Porro quas dolores inventore hic ut cum.','1996-10-05 17:57:57'),
('390','644','644','Autem sint earum ratione animi repudiandae quia.','2018-03-09 08:18:18'),
('391','646','646','Libero sint neque est quasi ut sit debitis exercitationem.','1994-12-28 14:24:19'),
('392','647','647','Occaecati quisquam accusamus incidunt error neque vero eveniet.','1985-03-16 10:10:00'),
('393','648','648','Consectetur eligendi impedit aut quia odio.','1986-03-10 10:48:30'),
('394','652','652','Quae quaerat molestias nobis voluptas magni est laudantium.','2007-05-15 11:12:47'),
('395','653','653','Necessitatibus sed nisi nemo fuga reiciendis est possimus sit.','2005-10-26 10:51:12'),
('396','654','654','Nostrum incidunt quas ut delectus.','2014-07-07 20:20:42'),
('397','658','658','Quibusdam nihil suscipit officiis unde accusantium quas recusandae.','2015-12-28 22:30:14'),
('398','660','660','Rem delectus at est porro accusamus.','2002-04-25 06:24:51'),
('399','661','661','Vel quis possimus voluptatem voluptatum quis a.','2001-02-26 16:50:24'),
('400','665','665','Voluptas itaque quia nam voluptatem voluptatem in corrupti.','1975-01-02 19:33:38'),
('401','668','668','Architecto eius nihil omnis velit et quaerat minima voluptas.','2008-07-15 18:35:28'),
('402','669','669','Molestiae possimus omnis et velit laborum doloribus unde.','1990-10-20 20:28:01'),
('403','670','670','Qui neque nemo quisquam consequatur nam.','2012-07-31 02:25:59'),
('404','671','671','Et earum ut voluptates commodi.','1997-04-18 10:40:57'),
('405','673','673','Voluptatem architecto earum nihil aut non placeat.','1987-05-08 05:25:31'),
('406','674','674','Nulla eos nihil quia corporis qui officia.','1993-11-08 08:27:07'),
('407','675','675','Sint qui vero aut cumque.','2012-09-24 04:06:20'),
('408','676','676','Non sed tenetur quod sunt.','2015-06-20 16:26:51'),
('409','677','677','Animi deleniti facilis inventore iste voluptas omnis aut voluptate.','1989-10-11 09:14:16'),
('410','678','678','Nulla perspiciatis occaecati aut doloribus dolores molestias voluptatem.','1999-02-04 07:45:23'),
('411','680','680','Amet quia ratione quasi nostrum.','2012-04-11 17:53:35'),
('412','681','681','Velit reiciendis suscipit voluptatem nulla voluptas est.','1975-02-24 15:57:54'),
('413','683','683','Voluptatem ipsum quia iste.','2015-04-14 01:45:31'),
('414','684','684','Adipisci soluta sit officiis consequatur nemo eaque.','1973-03-02 15:40:13'),
('415','685','685','Non fugit qui ratione quo.','2018-10-07 14:30:22'),
('416','686','686','Qui ut culpa voluptatem repudiandae sit quasi.','1976-05-25 01:38:03'),
('417','690','690','Doloribus est omnis vero maxime cum adipisci neque.','1981-08-19 14:51:31'),
('418','691','691','Vitae laudantium et fugiat voluptas totam.','1973-02-28 04:27:42'),
('419','692','692','Qui et magni architecto omnis.','2019-09-20 07:08:00'),
('420','693','693','Fugit ipsam cumque ab odit.','2019-10-17 20:10:52'),
('421','694','694','Voluptas ipsa voluptate occaecati recusandae eligendi rem.','2009-09-06 11:08:14'),
('422','697','697','Odio qui eveniet enim voluptatem soluta repellendus saepe.','1970-06-02 01:29:20'),
('423','700','700','Sequi consequatur quia voluptatem eos aliquid dicta.','1981-01-23 06:44:21'),
('424','701','701','In molestiae esse iusto id vel at.','1991-08-10 07:49:38'),
('425','702','702','Iusto totam consequatur eaque dolores iste facere rem.','2015-03-25 06:27:40'),
('426','703','703','Veritatis error quos consectetur quae.','2001-04-26 19:56:33'),
('427','704','704','Est eos qui numquam amet.','2005-01-07 09:07:41'),
('428','707','707','Dolores et pariatur ut placeat quos doloribus velit magnam.','1984-08-20 22:43:05'),
('429','709','709','In numquam non cupiditate sint et quos.','1981-11-01 11:44:17'),
('430','712','712','Eveniet et magni voluptate adipisci deleniti.','1971-01-03 11:31:27'),
('431','713','713','Sit eum officia doloremque quaerat dolorum.','2018-10-05 15:31:41'),
('432','718','718','Omnis laudantium doloremque nobis error nihil ipsam.','1974-03-11 22:43:32'),
('433','719','719','Vel velit aut numquam qui.','1972-01-31 09:48:03'),
('434','720','720','Eius quam illum odio ipsa.','2011-09-02 08:09:40'),
('435','721','721','Autem dolor impedit placeat ipsam asperiores cumque.','1999-01-30 13:47:32'),
('436','722','722','Nihil eum deleniti et tenetur reprehenderit sunt qui.','1979-04-25 02:24:53'),
('437','723','723','Ea doloribus ut architecto autem sed fugiat.','1993-10-30 22:14:17'),
('438','725','725','Perspiciatis omnis perspiciatis fugiat.','1978-01-30 07:23:12'),
('439','727','727','Unde accusamus quia sit provident velit impedit.','1997-06-11 17:25:00'),
('440','729','729','Non velit doloribus eveniet omnis architecto.','2013-08-15 19:33:35'),
('441','731','731','Reprehenderit consequatur ex ratione ducimus numquam excepturi est.','1991-07-25 02:06:54'),
('442','732','732','Quasi facilis dolorem est.','1995-08-08 13:19:44'),
('443','733','733','Consequatur nam voluptatibus numquam magnam praesentium facilis expedita.','1970-11-23 07:37:55'),
('444','737','737','Porro quaerat repellendus est incidunt repudiandae voluptate error.','1986-12-28 12:33:28'),
('445','738','738','Nemo occaecati quia consequuntur sed modi minus et.','1996-03-24 18:27:43'),
('446','740','740','Vel aut totam aut.','1977-07-07 11:56:55'),
('447','742','742','Molestiae ab unde aut ea similique.','2009-05-07 00:15:29'),
('448','745','745','Distinctio qui ut quam odit voluptas cum laborum.','1989-12-16 07:50:16'),
('449','746','746','Quae omnis a labore animi incidunt est ut ut.','1995-09-08 00:18:25'),
('450','747','747','Quaerat et natus nesciunt ducimus aliquid consequatur.','2005-10-30 11:51:22'),
('451','749','749','Earum qui consequatur placeat et et nam.','1999-03-07 21:37:27'),
('452','750','750','Fugiat sequi quidem iure saepe.','2015-06-05 05:12:29'),
('453','751','751','Tempora voluptas eius adipisci aut dolor.','2005-03-04 22:40:33'),
('454','752','752','Ut incidunt qui qui magni omnis.','2015-11-06 23:21:28'),
('455','753','753','Illo sint cum expedita rerum vitae ut et.','1990-04-01 00:31:14'),
('456','757','757','Iusto aut et voluptatem voluptatem odio facilis.','1990-05-13 23:50:48'),
('457','758','758','Est cupiditate mollitia sunt facilis voluptate est.','1995-10-13 04:31:13'),
('458','759','759','Molestiae aperiam quidem non quisquam iste.','1980-04-22 15:13:21'),
('459','760','760','Corporis quis eum asperiores aspernatur ut.','2018-06-27 12:37:19'),
('460','761','761','Nesciunt sed quaerat est sed numquam ipsam.','1972-03-21 22:09:10'),
('461','762','762','Quos aperiam accusantium nesciunt.','1986-09-20 13:11:47'),
('462','763','763','Accusantium molestiae eos tempora perspiciatis quis.','2000-04-06 02:58:39'),
('463','765','765','Enim sed dignissimos velit rerum culpa dolores dolore.','2006-11-10 10:26:08'),
('464','767','767','Praesentium fugiat quo veniam iste ut.','1996-02-02 04:54:35'),
('465','768','768','Saepe aut rerum voluptatum non.','1972-08-08 14:48:19'),
('466','769','769','Ea iste ea sit quibusdam ut quas non vel.','2001-05-20 02:23:59'),
('467','771','771','Quo qui et dolores accusantium laborum.','1981-06-07 17:34:24'),
('468','772','772','Labore temporibus nihil id qui nostrum vero.','1983-04-25 06:42:33'),
('469','773','773','Consequatur consequatur ea sit optio qui.','2006-01-10 06:18:43'),
('470','776','776','Qui autem dolores sunt voluptatem.','2018-02-17 05:03:08'),
('471','777','777','Modi rerum delectus expedita sit fugiat et officiis est.','2006-08-13 19:18:05'),
('472','778','778','Tenetur esse earum qui in inventore.','2016-03-16 14:09:01'),
('473','781','781','Aut rerum quod aliquam molestias omnis.','2014-09-09 11:02:34'),
('474','782','782','Alias eum minima eius officiis odit eum.','2020-02-26 09:56:14'),
('475','784','784','Sed fugit ratione minus quibusdam enim mollitia.','1982-07-30 07:02:49'),
('476','785','785','Et sequi aut consequatur sed.','1976-08-24 01:17:37'),
('477','786','786','Enim deserunt suscipit dolores doloribus exercitationem voluptatem.','2008-01-24 08:20:09'),
('478','787','787','Libero quis et dolor.','1977-01-03 21:49:47'),
('479','788','788','Error quae laudantium sapiente fugit et voluptatum quo.','2012-12-27 10:04:43'),
('480','790','790','A iusto enim hic nihil nesciunt ullam.','2000-05-29 20:40:12'),
('481','791','791','Sequi odio quos ex quis laudantium aliquid.','1981-03-17 10:45:06'),
('482','792','792','Et animi praesentium sequi ut est.','1994-06-02 18:09:23'),
('483','795','795','Aut voluptates aspernatur rerum ad sed qui dolore.','1991-06-15 22:35:09'),
('484','796','796','Harum dicta ipsum laboriosam omnis rerum.','1986-05-19 15:21:46'),
('485','797','797','Aut velit laudantium exercitationem accusamus inventore ut.','2006-02-04 08:44:09'),
('486','798','798','Tenetur consequatur eius magnam consequatur.','1985-12-26 22:18:56'),
('487','799','799','Ut facilis provident totam itaque debitis.','1974-08-15 21:34:07'),
('488','800','800','Voluptatum vitae quis iure totam qui voluptates laudantium beatae.','1992-05-25 23:51:31'),
('489','803','803','Rerum et amet sed cum et ratione autem.','2019-04-12 14:36:43'),
('490','805','805','Saepe minima vel quasi corporis.','1990-08-27 23:50:15'),
('491','806','806','Et veniam debitis provident.','2013-05-28 16:17:27'),
('492','807','807','Quia iure eveniet asperiores excepturi autem.','1995-12-01 12:00:52'),
('493','808','808','Provident sed veritatis repellendus iure porro beatae.','2004-04-06 16:20:48'),
('494','811','811','Similique sit cum ut atque.','1995-04-03 15:38:48'),
('495','815','815','Ratione ea quod rerum nobis eos voluptatem sunt autem.','2015-08-07 02:49:15'),
('496','816','816','Adipisci et nihil tempora iure aliquam.','2001-06-15 05:50:36'),
('497','818','818','Nulla qui autem quaerat.','1983-01-03 11:52:57'),
('498','819','819','Temporibus saepe dolore dolore qui.','1992-04-09 10:42:45'),
('499','820','820','Non veritatis sequi voluptatem commodi architecto.','1975-10-27 02:51:26'),
('500','821','821','Doloremque laborum aspernatur nostrum dolor commodi rerum voluptatem.','2004-01-07 19:59:42'); 


DROP TABLE IF EXISTS `comments`;
CREATE TABLE `comments` (
  `id` bigint(20) unsigned NOT NULL AUTO_INCREMENT,
  `user_commentator_id` bigint(20) unsigned NOT NULL,
  `user_owner_id` bigint(20) unsigned NOT NULL,
  `media_comments_id` bigint(20) unsigned DEFAULT NULL,
  `news_comments_id` bigint(20) unsigned DEFAULT NULL,
  `text_comments` text COLLATE utf8_unicode_ci NOT NULL,
  `created_comments_at` datetime DEFAULT current_timestamp(),
  PRIMARY KEY (`id`),
  KEY `user_commentator_id` (`user_commentator_id`),
  KEY `media_comments_id` (`media_comments_id`),
  KEY `news_comments_id` (`news_comments_id`),
  KEY `user_owner_id` (`user_owner_id`),
  CONSTRAINT `comments_ibfk_1` FOREIGN KEY (`user_commentator_id`) REFERENCES `users` (`id`),
  CONSTRAINT `comments_ibfk_2` FOREIGN KEY (`media_comments_id`) REFERENCES `media` (`id`),
  CONSTRAINT `comments_ibfk_3` FOREIGN KEY (`news_comments_id`) REFERENCES `news` (`id`),
  CONSTRAINT `comments_ibfk_4` FOREIGN KEY (`user_owner_id`) REFERENCES `users` (`id`)
) ENGINE=InnoDB AUTO_INCREMENT=701 DEFAULT CHARSET=utf8 COLLATE=utf8_unicode_ci;

INSERT INTO `comments` VALUES ('1','501','501','1','1','Ut optio quod ad nihil voluptate eum et. Voluptates ut sed nemo omnis doloremque optio placeat. Temporibus atque eum accusantium est voluptas eum consectetur id.','1978-11-27 03:08:32'),
('2','502','502','2','2','Accusantium rerum aut eligendi harum est. Vel dolorem cupiditate in velit sequi dolore eius.','2016-12-30 13:52:59'),
('3','503','503','3','3','Rerum impedit explicabo ut est a. Qui similique consequatur et. Explicabo alias ut qui qui consequuntur incidunt. Pariatur veritatis consequuntur molestias atque sint officiis vitae.','2013-11-12 10:55:37'),
('4','504','504','4','4','Libero ut aliquid non sed. Est accusamus voluptas cupiditate dolore aliquam architecto. Nulla qui error est eligendi.','2011-01-18 12:07:02'),
('5','505','505','5','5','Aliquam eum ullam veniam vitae alias quisquam. Eaque incidunt illum consequuntur alias.','1983-10-13 20:22:27'),
('6','506','506','6','6','Culpa aut a saepe praesentium quis eos laboriosam. Maiores architecto non eligendi voluptatem exercitationem cum. Laboriosam velit et ducimus quia.','1999-02-18 01:02:35'),
('7','508','508','7','7','Culpa ea sunt accusamus nulla voluptatem. Et aperiam voluptatem doloremque ut at voluptatem. Voluptas et id magnam ad atque.','2011-07-30 18:36:40'),
('8','509','509','8','8','Velit enim laudantium dolorem quaerat et molestiae. Sint quas et dolorum omnis exercitationem. Debitis magni qui at. Distinctio aut dolorem eligendi tempora nemo harum.','1986-12-07 16:47:29'),
('9','510','510','9','9','Necessitatibus iure voluptatem neque magni quas autem. Accusamus porro aut voluptas vero. Soluta aut accusantium natus illum deleniti. Cum impedit rerum id.','1986-02-11 21:18:26'),
('10','512','512','10','10','Aut perspiciatis quis nulla eligendi et dolore. Distinctio dolores perspiciatis est et qui voluptas. Nostrum nesciunt qui repudiandae magni et.','2016-10-12 18:15:49'),
('11','517','517','11','11','Quos veritatis excepturi tempora non voluptatum molestiae. Eos et maiores et quibusdam fugiat omnis aperiam. Ratione aliquid quia consectetur eos. Sit rerum asperiores ut.','1976-05-16 07:55:13'),
('12','518','518','12','12','Est odio ut blanditiis est omnis. Nobis aut et qui. Reiciendis facere illum minus id aut modi eos perspiciatis.','1997-07-27 20:06:43'),
('13','519','519','13','13','Nobis eveniet aperiam excepturi porro doloremque. Exercitationem expedita qui in. Eius inventore qui dolor veniam commodi consequuntur. Incidunt dolor tenetur exercitationem quos.','2010-09-11 12:28:27'),
('14','520','520','14','14','Dolor quia ut nulla. Accusantium incidunt ipsum minus. Et aliquid vero sunt temporibus delectus ut.','2010-11-19 08:07:49'),
('15','521','521','15','15','Corrupti dolorem maiores facilis at ut in quos. Quas reprehenderit aut nostrum occaecati aut possimus. Perferendis et atque ut et.','2011-07-02 14:29:47'),
('16','523','523','16','16','Dolores ullam quae officia maxime repellendus eum illum. Omnis possimus quod quidem expedita natus. Id ut corrupti et quo dolor ut. Voluptatum necessitatibus ullam asperiores ullam.','2018-06-10 21:50:17'),
('17','524','524','17','17','Iure dolor qui dicta omnis voluptatem sint. Sed tempore et alias ut consequatur reprehenderit eos. Non maiores dicta qui. Dignissimos qui vero molestiae sint.','2002-07-31 21:54:09'),
('18','525','525','18','18','Nulla rerum quo quis iusto voluptas sunt. Voluptatibus dolores dignissimos assumenda consectetur. Vero unde adipisci earum cumque qui.','1971-07-22 22:22:57'),
('19','526','526','19','19','At quia atque aspernatur quis debitis labore. Ut ex dolor repellat. Similique mollitia nihil magnam sit sunt tenetur. Eveniet magni sunt animi quia minima odit similique.','1973-09-30 20:29:36'),
('20','529','529','20','20','Esse et architecto voluptatem quo qui. Rerum corrupti omnis fuga quasi sit est natus sapiente. Velit sunt at sit sunt. Est impedit fuga et et aut itaque autem consequatur. Ipsa voluptas perferendis possimus atque dignissimos sit quibusdam.','1980-03-06 18:55:39'),
('21','530','530','21','21','Voluptatem cum vel nihil aut aliquid et nesciunt sint. Corporis quae nihil distinctio commodi hic reprehenderit laudantium. Perspiciatis sint dolorem qui et omnis sequi expedita.','1975-11-05 10:36:49'),
('22','531','531','22','22','Aut ut aliquam aspernatur id. Eveniet provident perferendis ut doloribus aut voluptatem. Est dignissimos aperiam nulla ipsa laboriosam omnis.','2012-12-25 15:19:26'),
('23','535','535','23','23','Et quisquam sit rerum autem harum. Quas aut nulla eveniet quae. Cupiditate blanditiis fugiat officiis voluptate.','1981-04-24 12:15:17'),
('24','537','537','24','24','Ex aut voluptas reiciendis molestias aut voluptas adipisci. Libero voluptas ducimus esse eum voluptatum. Sit molestiae exercitationem vel culpa. Officiis maxime incidunt rerum voluptatem.','2008-07-20 15:52:48'),
('25','538','538','25','25','Quia eum porro ut voluptatum eum aut quae. Repellat quam at libero dolores suscipit iste. Cupiditate quis quia molestiae rerum. Sed aut sed quae incidunt quam eos sequi.','1997-10-25 21:06:38'),
('26','539','539','26','26','Nihil veniam et et aspernatur est aut et. Vero minus iure tempora sequi est. Optio nam minima vel reiciendis molestiae fuga magnam. Numquam aut suscipit nam ipsum eos quaerat.','1976-11-24 14:26:39'),
('27','540','540','27','27','Ut harum ut quia consequatur ullam. Consequatur eum asperiores iure culpa et tempora error. Qui voluptatem eos et. Non explicabo atque in perspiciatis voluptas molestias. Laborum ut quam sed eveniet quo nam cupiditate.','2006-09-01 00:20:25'),
('28','541','541','28','28','Odio iste perspiciatis explicabo ipsum laboriosam assumenda assumenda. Et ratione perferendis aperiam voluptatem corrupti eligendi qui. Sed ut autem officiis quam quas.','2004-04-11 18:14:54'),
('29','542','542','29','29','Voluptate odit non omnis hic autem. Dolorum ratione dolorem tenetur. Eos quasi alias porro. Quo impedit molestiae accusamus ut dolores.','1992-12-13 09:02:56'),
('30','543','543','30','30','Maxime maxime doloribus sunt quia. Magni et rerum dolores. Suscipit ducimus neque molestiae enim modi itaque error. Nobis dolore labore cum.','2011-02-11 23:26:00'),
('31','544','544','31','31','Dolor ipsum autem nulla aut reiciendis debitis alias. Dolore dolores dicta est et. Consequuntur in nulla possimus itaque. Et quibusdam sapiente consequuntur accusantium quo aut.','1979-09-27 11:14:51'),
('32','545','545','32','32','Odit placeat est tempora natus. Possimus tempora ex quam. Qui perspiciatis vel incidunt architecto enim enim. Perferendis sed commodi quisquam beatae fugit sit ipsam.','2013-05-09 00:29:26'),
('33','546','546','33','33','Ut aliquid nobis quia molestiae dolores tempore. Modi doloremque rerum iure blanditiis dolor maiores praesentium. Architecto consequatur sed dolorem magni non officia ea. Facere dolores omnis nisi velit earum et deserunt. Ipsum sit corporis ut officiis vitae neque debitis.','1992-09-18 06:04:19'),
('34','547','547','34','34','Nobis et qui voluptatem ut et magni. Eum excepturi non repellendus et. Et incidunt consequuntur est dolorum dolor. Suscipit ut est et.','2016-10-18 09:00:29'),
('35','548','548','35','35','Aperiam excepturi quis autem nisi quam eos omnis. Numquam velit iusto ratione recusandae maiores officia.','2020-03-29 12:25:30'),
('36','552','552','36','36','Asperiores animi quia nobis. Animi ad quia hic quae.','1999-05-22 21:45:25'),
('37','553','553','37','37','Deserunt totam error laborum repudiandae quia et. Et at expedita est impedit excepturi velit. Soluta corporis eos sint minus ut quae.','2016-08-05 14:03:21'),
('38','556','556','38','38','Et molestiae veniam non in et repudiandae non. Aut dicta possimus natus quis non. Reprehenderit porro a aut laboriosam amet laudantium. Velit qui eos suscipit maxime accusantium.','1989-01-15 06:56:50'),
('39','557','557','39','39','Rerum voluptas explicabo ut quis id in. Tenetur possimus ab ut suscipit minima. Doloribus quis quas commodi beatae est laborum.','2006-11-20 20:36:13'),
('40','561','561','40','40','Odit quia eligendi consequatur quis. Illo voluptas voluptas soluta nam cum. Unde praesentium ducimus nobis qui sint inventore.','2011-01-08 02:53:49'),
('41','562','562','41','41','Perspiciatis dignissimos enim ex et nihil. Perspiciatis in ipsa porro enim fugiat provident ea. Quidem delectus eos rerum alias aut quas.','1985-05-17 19:26:23'),
('42','564','564','42','42','Voluptatum aperiam sint et placeat. Laboriosam nesciunt autem rerum a illo perspiciatis. Enim qui id dignissimos et a. Molestiae sunt voluptate provident ipsa.','1972-09-15 04:01:29'),
('43','565','565','43','43','Quam soluta iste delectus et sed eligendi qui quia. Nemo et magni consequuntur recusandae itaque voluptatum. Qui est sint nam aut vero et.','1989-04-25 23:38:06'),
('44','566','566','44','44','Aliquam aliquid in eius sed enim qui. Earum quae sit sed autem. Omnis aut repellendus omnis illum iure.','1999-10-30 08:14:15'),
('45','567','567','45','45','Deleniti ea omnis ipsum in voluptas. Tenetur eum cumque ratione ipsum. Et quaerat voluptatum iusto eaque laudantium consequatur.','2015-12-04 11:44:46'),
('46','568','568','46','46','Quis et et nisi ab sequi. Et maxime sunt voluptas numquam cumque sit. Sit sit non mollitia. Qui atque ad blanditiis exercitationem eaque.','1972-03-19 01:27:54'),
('47','569','569','47','47','Ea qui ullam id eos. Consectetur ut voluptates cupiditate veritatis doloremque. Itaque qui est suscipit similique nemo praesentium temporibus perferendis. Ut cupiditate omnis quo consectetur numquam.','1984-09-01 17:02:36'),
('48','571','571','48','48','Enim aut cum temporibus eos distinctio minima. Molestiae iusto neque alias culpa quia soluta ullam numquam.','2005-12-17 03:17:27'),
('49','572','572','49','49','Nulla et ad voluptates esse est ducimus qui id. Et dolorem rem reiciendis distinctio. Fugiat qui quia corporis vel error rerum porro et.','2012-09-14 18:00:07'),
('50','573','573','50','50','Officia provident repellendus molestias qui. Aliquam animi aut sunt et eligendi magnam.','1975-07-22 11:39:54'),
('51','574','574','51','51','Velit nostrum et voluptatem voluptatem nemo omnis consequatur iusto. Recusandae non tempora voluptatem consequatur consequatur a. Dignissimos et eaque et. Repudiandae modi ratione qui sunt ducimus quia.','1981-04-11 05:20:11'),
('52','577','577','52','52','Autem quas iure quod adipisci ratione et accusantium quo. Officiis sunt est esse tempore qui suscipit maiores. Animi voluptatem et rem. Dolorem facere at in harum. Omnis voluptates reiciendis in voluptatem.','2015-08-02 16:48:15'),
('53','579','579','53','53','Qui autem rerum excepturi officia eos qui. Minus neque est pariatur placeat neque. Beatae sint voluptatem asperiores tempore. Accusamus accusamus tempora ipsa et accusamus in ut.','2010-05-09 18:56:33'),
('54','583','583','54','54','Quis ratione necessitatibus iure omnis dignissimos ut aut. Est facilis corrupti maiores voluptatibus expedita blanditiis. Dolor consequatur iusto enim ut et sed. Voluptatem quisquam ut illum aut.','2000-07-07 02:08:32'),
('55','585','585','55','55','Quo ullam sit velit omnis quidem. Non maiores nihil natus ut. At qui quo rerum. Aut fugiat consequatur reprehenderit aut ut autem vel vero.','2019-03-07 07:15:57'),
('56','586','586','56','56','Recusandae tempore rem aut illum optio. Vel voluptas tenetur exercitationem possimus. Ex consequatur a enim repellat in quo assumenda.','2017-11-26 16:49:57'),
('57','587','587','57','57','Neque et reiciendis ad voluptatum voluptas. Porro nihil tempora accusamus temporibus praesentium qui delectus. Ipsam deleniti qui sed.','2012-12-03 06:05:15'),
('58','590','590','58','58','Et magni ea veniam non fugiat vitae aut. Modi nihil minima et sit explicabo numquam est. Blanditiis vitae quia necessitatibus vel placeat voluptatum qui. Et ad ratione aliquam voluptas dolor aspernatur est.','2010-07-19 23:21:09'),
('59','594','594','59','59','Provident blanditiis architecto omnis at repellat illo non. Consequatur cupiditate ex quisquam maiores. Similique itaque ea optio sit autem voluptates.','1972-03-21 21:52:21'),
('60','595','595','60','60','Cum temporibus facere architecto. Asperiores quas aliquam error voluptates voluptatem.','1979-03-12 15:09:04'),
('61','597','597','61','61','Et recusandae perferendis nisi dignissimos facere est. Sapiente repellendus eligendi numquam tempore incidunt ut. Eius officiis sed modi exercitationem quo itaque autem. Accusantium ut amet voluptatem rem optio.','1979-08-11 16:45:06'),
('62','598','598','62','62','Ut voluptatem porro et maiores voluptate recusandae voluptatem. Optio perspiciatis expedita sapiente consequatur alias sed illo. Eaque illum itaque non est nisi ullam. Corrupti distinctio odit consectetur illum.','1973-12-20 23:57:14'),
('63','599','599','63','63','Sed sequi cumque debitis commodi nisi. Minus tempora dolor beatae consequuntur minima. Inventore itaque tempore dicta pariatur placeat in ut.','2011-04-25 09:08:35'),
('64','600','600','64','64','Sapiente praesentium quis a distinctio occaecati ex sit. Molestiae error consequatur ut illo quasi itaque. Distinctio quis non commodi voluptatem vero quibusdam.','1992-07-09 08:24:53'),
('65','601','601','65','65','Ab harum incidunt velit eos. Quia quam nostrum tempora iure. Sit sed consequuntur perspiciatis quia et eos. Eligendi vel minus non odit labore amet quos.','2004-12-26 22:46:24'),
('66','602','602','66','66','Et quaerat exercitationem aspernatur similique est. Earum et consequatur et quam et perspiciatis unde. Aut dolorum aut eos.','1970-07-26 23:31:50'),
('67','603','603','67','67','Quasi est enim voluptatem rerum. Sunt impedit aperiam at ea non incidunt. Ipsum deleniti ex explicabo et enim vero. Quae et labore dolorem non.','2003-12-30 17:16:53'),
('68','605','605','68','68','Laboriosam adipisci tempora molestias quia illo nesciunt dolore. Quas laudantium facere illo tempore asperiores possimus. Velit repellendus ipsam ratione ut quaerat culpa.','1976-12-03 13:28:01'),
('69','607','607','69','69','Numquam assumenda et nihil quidem et. Molestiae doloremque et sunt quo voluptas officia aliquid. Nisi placeat aut ea laborum architecto exercitationem nemo. Rerum et minus cupiditate itaque perspiciatis nemo eius.','1975-06-10 05:49:53'),
('70','608','608','70','70','Nobis unde et et ut architecto optio ut. Cumque officiis porro laboriosam itaque repellat eos.','2013-08-02 15:26:15'),
('71','610','610','71','71','Ad voluptas pariatur doloremque et. Fugiat alias qui eum exercitationem. Ratione eum pariatur molestias consequuntur. Est et aut harum unde.','1979-11-16 22:23:03'),
('72','611','611','72','72','Cupiditate aut non ullam autem voluptas qui. Et quo sequi quibusdam necessitatibus saepe.','1997-07-14 06:12:23'),
('73','614','614','73','73','Temporibus nihil ex et dicta aliquam sequi. Architecto ut est similique nobis deleniti neque voluptatibus. Cum sit sed quis distinctio et.','2016-05-27 00:05:46'),
('74','615','615','74','74','Officia qui ducimus tenetur impedit dignissimos. Vero minima facilis in reprehenderit consectetur consequatur sequi architecto. Nulla nesciunt id dolorum illum dolorum corrupti. Et qui distinctio et possimus beatae recusandae.','2017-10-31 19:38:15'),
('75','618','618','75','75','Voluptatibus veniam quo veniam dolores voluptate est officiis. Dolorem aliquam quia enim expedita quaerat vitae.','1986-08-11 02:21:03'),
('76','621','621','76','76','Magnam aut dolores dolor aut laboriosam velit. Rerum recusandae blanditiis facere tenetur sit quibusdam ducimus. Doloribus vitae eaque quis tempore quia.','1995-08-21 23:31:54'),
('77','623','623','77','77','Excepturi quisquam nam dolores itaque. Blanditiis aut nisi aspernatur. Aut ut aperiam quam corporis deserunt nihil.','1990-05-07 07:07:27'),
('78','624','624','78','78','Libero tempore animi non eveniet. Ratione quo sunt autem eos autem hic. Eveniet eaque sunt rem. Tempore minus neque rerum in.','2003-04-12 16:38:45'),
('79','625','625','79','79','Ut odit eveniet soluta a delectus rerum repellat. Dolores molestiae vel tenetur est et.','2008-05-30 09:09:36'),
('80','626','626','80','80','Ad sequi dolor vel omnis. Et natus vitae distinctio sed aliquam beatae. Repudiandae ut mollitia eos accusantium veniam deleniti. Quidem autem similique quod eum voluptas provident. Enim at occaecati qui magnam est.','1985-02-21 14:12:38'),
('81','627','627','81','81','Ex ducimus sunt dolorum. Reiciendis placeat molestiae qui ducimus molestiae hic est et. Modi modi excepturi dolore omnis eaque asperiores.','2014-02-10 09:08:52'),
('82','628','628','82','82','Exercitationem perspiciatis dicta provident qui officia. Magnam omnis sed id quia. Delectus totam tempore similique qui cum. Deserunt consequatur quam doloremque dolorem pariatur.','1976-04-14 13:44:53'),
('83','629','629','83','83','Et aliquam recusandae tempora aut quo. Et cumque autem in soluta rem aut. Vero laudantium voluptatem eum ducimus et voluptas facere.','2014-05-25 13:35:10'),
('84','633','633','84','84','Officiis enim voluptatibus delectus rem fugit. Corporis amet modi non harum. Quia ea dolor omnis et in et.','1971-04-27 02:32:31'),
('85','635','635','85','85','Sit velit vero necessitatibus maxime est. Dolor explicabo nisi quis inventore perferendis quod ut. Dolorum quibusdam reprehenderit minima eum impedit suscipit. Qui culpa blanditiis occaecati perspiciatis.','2011-02-02 08:36:55'),
('86','636','636','86','86','Et voluptas aut omnis reiciendis impedit. Accusamus dolorem laborum quae cupiditate doloremque inventore possimus. Voluptatem earum odit quia voluptatem aspernatur asperiores. Similique assumenda ut molestias consequatur vel eum maxime.','2011-01-19 08:47:09'),
('87','637','637','87','87','Sint enim sit et. Optio explicabo voluptatem et ab.','1994-10-23 08:12:30'),
('88','644','644','88','88','Rerum libero qui minima vero. Inventore sit deserunt aut aut assumenda debitis esse rerum. Ex placeat eius ut voluptatem sed ut rerum. Eveniet et repellendus laudantium laborum sit autem.','2007-06-22 01:28:33'),
('89','646','646','89','89','Quis atque distinctio molestiae sit tempore odit molestiae. Temporibus quas cum cupiditate vero placeat hic ut. Nam minima consequatur sed quaerat. Aut repudiandae ab culpa non.','1983-07-27 02:46:44'),
('90','647','647','90','90','Magni sunt dolores voluptas in. Vel provident rerum temporibus non et. Voluptas repellendus ipsum tenetur odit ut eveniet ut. Et blanditiis repellendus hic adipisci.','1988-01-06 18:25:00'),
('91','648','648','91','91','Sunt facere eos at illo nihil. Cumque ad itaque fugiat aut recusandae.','2000-08-23 02:58:41'),
('92','652','652','92','92','Quia modi ut amet laboriosam qui dolore non. Ea soluta expedita consequatur a temporibus reiciendis. Aliquid labore minus odit aut similique.','1973-02-22 23:00:17'),
('93','653','653','93','93','Omnis ut ipsum ducimus impedit dolorem aliquam labore. Fugiat qui et saepe non ex. Enim et repudiandae omnis repellendus tenetur.','2010-07-06 05:04:22'),
('94','654','654','94','94','Quis alias placeat omnis. Maxime facere aperiam delectus occaecati impedit corporis sit. Dolorum reiciendis sit eveniet debitis quasi. Quia et nihil qui commodi sapiente vitae.','1995-05-12 15:15:16'),
('95','658','658','95','95','Sit delectus velit esse soluta voluptatibus. Non fugit est architecto. In id perferendis sed et sunt nemo harum nisi. Qui magni aut sint explicabo impedit pariatur fuga.','1982-03-04 15:42:51'),
('96','660','660','96','96','Dolores ullam quas mollitia voluptas enim enim at voluptas. Voluptatem eius quaerat necessitatibus similique. Sint occaecati aperiam fugit voluptatem rerum perspiciatis aspernatur pariatur. Quo illo repellendus dicta et.','1985-02-14 01:57:47'),
('97','661','661','97','97','Voluptas recusandae sunt sed voluptates. Velit consequatur aut omnis quas voluptatibus et. Et voluptatum voluptatibus optio et commodi esse.','2008-03-18 23:47:57'),
('98','665','665','98','98','Corrupti consequatur facilis aliquam inventore qui. Iure optio quasi quae et est. Dolorum nisi iusto et rerum maxime nesciunt neque. Libero a sint fugit. Error maiores asperiores vel error laboriosam.','1996-06-23 19:11:09'),
('99','668','668','99','99','A aut et facilis est nesciunt accusantium. Fugit animi nisi ut eum nihil aliquid pariatur. Illum ut voluptates nesciunt commodi.','1986-11-14 17:26:42'),
('100','669','669','100','100','Est aut ut ut et quam autem. Dolor debitis qui vitae fugiat delectus officiis. Aut et est dolore officiis.','2013-03-01 21:33:20'),
('101','670','670','101','101','Aut quod quis id impedit aperiam sed qui ex. Natus est vel blanditiis soluta enim. Natus vero voluptatem ut assumenda porro ut sapiente. Est eaque sit harum laudantium et cum.','1975-09-29 14:13:56'),
('102','671','671','102','102','Voluptatum quo repellendus ipsum ut iusto repudiandae placeat. Voluptas minima voluptatibus libero quis iure quaerat. Quasi corrupti ex odit provident maiores aut. Sed ea rerum fugiat consectetur.','1985-05-17 05:21:48'),
('103','673','673','103','103','Voluptatem rerum ut nisi consectetur commodi quam inventore. Sed sed nisi dolor tempore ducimus quaerat debitis est. Blanditiis vel ea accusantium eos molestiae quibusdam.','1974-07-01 22:51:16'),
('104','674','674','104','104','Veniam laudantium ratione consequuntur deserunt enim quis. Non explicabo fugit aut praesentium est praesentium ut. Modi eum maxime quidem sed quas consequuntur dolorem. At est sint quis officia sit.','2005-06-06 21:22:12'),
('105','675','675','105','105','Et cum maxime qui quibusdam blanditiis. Aliquam iure repudiandae dignissimos labore cumque ipsam. In aut commodi consequuntur ipsa voluptatem autem at.','2002-09-09 18:49:06'),
('106','676','676','106','106','Sed architecto a a provident beatae dolorem autem. Maxime est tempora perferendis doloremque. Qui ipsam possimus tempore.','1983-01-31 14:58:39'),
('107','677','677','107','107','Ut eius necessitatibus non sint eos vel. Expedita aspernatur in temporibus magnam. Atque aut dolore voluptatem sint facere magnam incidunt.','1982-06-23 21:29:29'),
('108','678','678','108','108','Ut vero eveniet incidunt sed officiis sed. Enim consequatur temporibus sed laudantium culpa et illum quam. Recusandae sit et laboriosam vel laboriosam. Ipsa provident asperiores ut accusantium debitis.','1998-10-20 15:02:33'),
('109','680','680','109','109','Quisquam quia quaerat nemo atque. Repudiandae quis ipsa neque totam aliquam. Recusandae nostrum a quaerat voluptate est nihil.','1983-12-16 08:20:46'),
('110','681','681','110','110','Adipisci harum saepe rem magni quos. Doloremque voluptatum consequatur vel dolore tempore. Nulla distinctio vel veniam beatae ut sed nobis. Doloremque at perferendis expedita blanditiis quibusdam quis.','1977-06-21 15:46:33'),
('111','683','683','111','111','Iure id alias labore at. Est minus explicabo consequatur facilis aut labore dolorem tenetur. Perferendis excepturi fugit quia. Ut velit ea sunt laboriosam tempore.','1976-03-22 02:52:38'),
('112','684','684','112','112','Corrupti qui commodi qui perspiciatis soluta vel. Sed aut voluptate quia. Omnis quia libero consequatur omnis magni enim. Voluptatem deleniti fugiat at autem recusandae.','1972-07-23 23:07:52'),
('113','685','685','113','113','Ut non dolor sed sunt fugiat. Ea ut architecto sunt nisi omnis. Occaecati quo exercitationem tempore officia in delectus.','2017-11-20 18:44:26'),
('114','686','686','114','114','Omnis beatae velit natus qui ut quis. Et sunt doloremque dignissimos inventore quisquam eos. Asperiores ut enim qui est.','2006-09-22 13:28:54'),
('115','690','690','115','115','Et autem consequatur quas quod cupiditate et. Velit natus quis molestiae eligendi architecto. Quos deleniti et doloremque aliquam ut occaecati dolore. Quo eaque voluptatem autem quia est rerum.','2002-04-22 11:20:55'),
('116','691','691','116','116','Voluptates corrupti beatae iusto maiores quod alias. Et aut et expedita dolorum iste. Id sed impedit fugit et.','1988-08-30 00:50:14'),
('117','692','692','117','117','Dolor ab omnis modi sit placeat labore laudantium. Iusto dolorem molestiae quia. Aut odio impedit rerum saepe possimus adipisci qui ducimus. Minima aspernatur unde impedit nesciunt porro hic nihil.','2004-05-03 11:23:01'),
('118','693','693','118','118','Doloribus ipsa dolorem iusto. Rem ut qui et facere. Molestias fuga possimus quidem ipsa facere ut.','1994-07-12 20:02:41'),
('119','694','694','119','119','Rerum deserunt ad exercitationem molestias eos sed et vel. Sequi dignissimos eos et tempora accusantium. Non quia voluptate dolorem qui possimus tempora.','1988-09-14 11:44:18'),
('120','697','697','120','120','Rerum non sint ab ullam vel dolorem est. Voluptatem molestias et in similique. Perspiciatis ad quidem neque doloribus occaecati molestias. Aut nihil voluptate animi officia quasi assumenda.','1997-05-15 04:21:01'),
('121','700','700','121','121','Et neque cupiditate animi recusandae culpa minus praesentium. Labore provident facilis ut nulla nihil. Cupiditate nihil dolore numquam sapiente magnam.','1972-12-04 13:26:48'),
('122','701','701','122','122','Velit ipsam repellendus nemo quia. Iste velit sapiente fugiat rem sed sunt. Ratione illo ea ut fuga. Rerum consequuntur reprehenderit a rerum ex ut reprehenderit cumque.','2012-04-07 03:20:08'),
('123','702','702','123','123','Corporis reprehenderit fugiat nihil tempora. Ut voluptatem vel illo aliquam assumenda hic. Quia et quo ad maxime velit alias.','2008-08-09 11:46:26'),
('124','703','703','124','124','Rerum sit impedit et hic. Dolorum aut ducimus odit qui. Soluta eos eos fugit sint. Ut occaecati commodi quos asperiores.','1985-01-17 19:27:30'),
('125','704','704','125','125','Mollitia ut alias in. Eius quis incidunt quidem id dignissimos a ad. Tenetur in omnis eos eaque maiores.','1989-11-11 08:57:45'),
('126','707','707','126','126','Accusamus assumenda alias dolore sit. Similique quam unde consequuntur esse doloribus iste consequatur autem. Commodi porro molestiae distinctio quas quae consequatur eveniet consequuntur. Et voluptas voluptatem saepe error ut.','2017-07-13 06:32:12'),
('127','709','709','127','127','Nemo totam dolores nihil officia optio blanditiis dolores. Voluptatem dolores vitae a velit ratione excepturi facilis illo. Sunt quae mollitia dolores aut error porro autem dolor.','1996-08-16 00:07:57'),
('128','712','712','128','128','Ut totam odio beatae magni natus. Adipisci nam molestiae voluptates sit ut placeat a. Ratione blanditiis qui architecto omnis impedit aut necessitatibus. Voluptatibus quas et repellendus dolorem optio impedit placeat.','1999-12-27 01:00:00'),
('129','713','713','129','129','Ipsa fuga eum voluptas a qui enim. Sunt qui itaque eos voluptatem laboriosam voluptatem. Et maiores consequatur ad neque necessitatibus quibusdam qui. Aut ducimus ab quia sed facere autem.','1998-09-16 04:07:22'),
('130','718','718','130','130','Quia fugit et sint vel modi et asperiores et. Et tempora doloremque culpa aperiam mollitia libero quisquam. Unde iste vel quos commodi molestiae ut molestiae deleniti.','1991-07-27 05:27:07'),
('131','719','719','131','131','Neque hic modi iusto dicta debitis. A eos sint est molestiae optio ducimus. Et et eaque adipisci voluptatem voluptas repellat pariatur. Non saepe eos est eum incidunt.','1972-03-21 03:45:15'),
('132','720','720','132','132','Facere alias amet aut ut hic. Distinctio illum optio laudantium nam. Dolor ipsa eaque atque perspiciatis voluptate.','1993-09-30 18:04:38'),
('133','721','721','133','133','Eveniet veritatis qui numquam culpa libero ut. Culpa natus ullam omnis et voluptas est ratione autem. Maiores animi molestiae et ducimus a ut quibusdam.','2006-12-14 11:35:22'),
('134','722','722','134','134','Asperiores quis sequi quaerat voluptate animi aut. Qui aperiam fuga sit et et repellat libero corrupti. Voluptates repudiandae consequatur alias id rerum aut perferendis. Ullam aut et veritatis omnis eaque aperiam laborum.','2009-09-05 01:50:49'),
('135','723','723','135','135','Harum odit iusto tempore reiciendis illum consequatur eum. Eaque nam quae possimus. Voluptatem et ut magnam ut qui et non. Quo et vel aspernatur.','1998-11-01 08:52:46'),
('136','725','725','136','136','Dolores quas voluptate sit quia in officia atque veritatis. Ut quia repellat sint tenetur dolorem. Cumque eaque quo reprehenderit.','1984-07-29 18:47:05'),
('137','727','727','137','137','Ut ipsum voluptas dolor sit in libero id. Consequatur distinctio iste voluptas distinctio cumque. Est qui est laudantium enim voluptatem dicta soluta. A voluptatem doloribus nam provident similique in et.','1979-06-29 09:05:20'),
('138','729','729','138','138','Rem molestias impedit minus esse velit labore veritatis non. Molestias assumenda fugiat est autem sit et et.','2006-08-31 01:58:13'),
('139','731','731','139','139','Dolorem reprehenderit maiores unde dolorum. Sed sit laboriosam voluptas omnis.','2002-08-05 02:05:13'),
('140','732','732','140','140','Possimus hic suscipit qui voluptatum maxime. Molestiae id quam voluptas animi deserunt porro quaerat.','2019-06-15 20:21:42'),
('141','733','733','141','141','Veniam delectus eius incidunt modi eos dolore et. Iure pariatur delectus occaecati voluptate nam ratione eveniet aut. Autem alias et doloremque iusto. Dolorum possimus magnam non iste voluptatibus non id.','2013-12-13 13:50:54'),
('142','737','737','142','142','Incidunt consequuntur omnis at porro at voluptas. Fugiat quis nulla eveniet velit rerum. Et eos dignissimos nulla ullam modi.','1976-10-14 17:24:04'),
('143','738','738','143','143','Vel repellat perferendis molestiae quos at id. Sit modi tempora amet tenetur ex omnis qui nostrum. Est culpa necessitatibus et blanditiis.','1989-07-15 05:55:30'),
('144','740','740','144','144','Qui et omnis et adipisci quo corporis minima. Dicta sed explicabo est perferendis vel voluptate quasi. Accusantium id exercitationem assumenda earum perspiciatis vel. Voluptatem veniam voluptas excepturi commodi tempore tempora iusto.','1978-09-15 09:33:34'),
('145','742','742','145','145','Architecto blanditiis unde maxime eos ullam est voluptatibus. Sequi et itaque consequatur praesentium fugit. Voluptas magni quam laborum magni aspernatur et ea. Qui aut non corporis sequi laborum et aperiam eligendi.','1977-04-01 21:24:42'),
('146','745','745','146','146','Repudiandae quis similique pariatur accusantium exercitationem fugit commodi. Cupiditate sunt provident veniam distinctio sed. Facilis velit officiis qui dolor dolore eos voluptatum laudantium. Illum ipsum enim sapiente est eveniet animi.','1972-07-27 13:53:17'),
('147','746','746','147','147','Ipsum vel sed corrupti ipsa eaque voluptatum et vitae. Omnis sint voluptate voluptatem corporis dolorum cumque voluptatem. Sint error quis voluptates. Ratione dicta nostrum adipisci quibusdam nesciunt.','1999-11-11 20:44:21'),
('148','747','747','148','148','Ut et voluptas neque exercitationem illum. Sit placeat voluptate corrupti est laboriosam ad. Doloribus quaerat tempora explicabo voluptatem et temporibus. Soluta sint ullam excepturi repellendus id. Praesentium aspernatur voluptatem non aut.','1975-07-27 08:52:36'),
('149','749','749','149','149','A iusto dolor ad saepe. Est eos adipisci cumque quia et aperiam ut. Sint quas neque et eum aut. Quibusdam sed repellat voluptatem reprehenderit. Maxime in aut reiciendis est maiores ut minima.','1999-08-21 17:35:13'),
('150','750','750','150','150','Et recusandae autem mollitia at perspiciatis. Sed eveniet consequuntur magnam similique aut ut nesciunt praesentium. Nihil velit voluptates impedit non ullam et qui.','1974-03-19 20:54:32'),
('151','751','751','151','151','Iste voluptatem itaque inventore officia eligendi corporis. Tempora non doloribus nihil consequatur tempora pariatur. Totam laborum facere neque itaque occaecati perferendis. Repudiandae tenetur dolorum laborum ea saepe officia.','1992-08-18 18:36:15'),
('152','752','752','152','152','Dolorem fuga sit eos iusto aut optio nam quis. Qui illum quia voluptate. Aut nam quibusdam ad reiciendis pariatur ut iste. Aliquid atque totam sed libero eius mollitia nisi.','2008-06-13 07:06:06'),
('153','753','753','153','153','Excepturi et totam et totam ut minus. Iusto quia eligendi illo et officia. Vel nam nobis enim odit maiores.','1974-03-20 10:59:12'),
('154','757','757','154','154','Asperiores et iure ipsam libero. Placeat iste sit ea facilis placeat numquam necessitatibus. Et sunt et asperiores aspernatur molestias odit. Possimus et architecto dolor voluptatum.','2000-05-25 12:10:57'),
('155','758','758','155','155','Qui praesentium deleniti rerum exercitationem. Blanditiis excepturi et doloribus ea numquam. Nesciunt occaecati ut molestiae ipsa aspernatur qui. Error fugit possimus sapiente consequatur reprehenderit officia. Repellendus eos corporis cumque.','1975-03-27 23:50:30'),
('156','759','759','156','156','Ea in est quae dolor porro molestiae. Aut molestiae ut ratione sit. Sunt ipsam suscipit nesciunt aliquam iste dolorem ut. Enim quaerat commodi praesentium architecto dolores quo.','1993-05-05 18:30:18'),
('157','760','760','157','157','Dicta necessitatibus delectus vero nihil non unde excepturi dolor. Itaque ipsa animi laboriosam magni facilis est. Iure nulla dolorem qui consectetur maiores reprehenderit culpa cumque. Et tempore placeat ullam sequi laborum qui ex. Voluptates error repellendus nostrum doloribus consequatur.','1995-12-20 15:35:23'),
('158','761','761','158','158','Debitis ex ut velit id. Laboriosam sit sit nulla enim qui quis voluptate architecto. Qui fugiat quia repudiandae est non illum dolorem ipsum. Consequuntur natus ea sint.','2010-07-24 05:44:30'),
('159','762','762','159','159','Ab commodi omnis repudiandae error placeat voluptatem dolorem. Nihil rerum excepturi qui cupiditate iste. Est sunt dolorum ratione voluptatem et veritatis. Aut sed nihil repellat est ut reprehenderit reiciendis libero.','1982-11-20 21:43:20'),
('160','763','763','160','160','Esse veritatis dolor et officiis. Nisi qui molestias dolorum dolorum vitae. Fugit explicabo reiciendis minus perspiciatis. Voluptas molestias rerum provident rerum.','1984-12-07 06:55:22'),
('161','765','765','161','161','Similique assumenda dicta ut qui. Dolores et tempora asperiores. Qui omnis quidem quasi voluptates optio maxime.','1973-12-07 22:50:57'),
('162','767','767','162','162','Fuga nobis voluptas culpa placeat. Harum corporis aut ipsam repudiandae velit. Et dolor et ratione aspernatur illo consequatur.','1978-09-01 09:25:18'),
('163','768','768','163','163','Cum facere et voluptatem distinctio molestiae aliquam suscipit. Doloribus alias perferendis reprehenderit dolor id eos. Et aut beatae molestiae tempora qui dolorum.','1973-12-07 11:20:39'),
('164','769','769','164','164','Voluptas error recusandae et praesentium. Non facere facere quam perspiciatis. Atque corporis minus quia omnis quos beatae. Consectetur rem non repellendus.','1979-12-11 05:50:57'),
('165','771','771','165','165','Sapiente et quia modi dicta quasi. Quia enim sed doloremque nostrum. Totam omnis id ut. Corrupti vel id enim sint nihil neque.','2004-08-25 14:47:03'),
('166','772','772','166','166','Rerum ut omnis delectus aut autem corrupti. Soluta consequatur sint voluptas eum sunt. Totam nam placeat atque praesentium nobis.','1991-08-18 12:48:38'),
('167','773','773','167','167','Veniam voluptatibus nihil et ipsa ut sed. Quisquam quod aut id aut fugit est at. Cupiditate quia dolores doloremque dicta rerum consequatur atque. Blanditiis voluptatem rem et quas vel libero omnis.','1973-08-16 02:40:04'),
('168','776','776','168','168','Itaque unde est aspernatur alias impedit at qui fugit. Corporis ex illum pariatur odit. Et reprehenderit inventore magni eos tempora perspiciatis ad facilis. Voluptas sunt illo nostrum quia velit. Illum dolor ducimus hic dicta.','1989-03-03 02:20:48'),
('169','777','777','169','169','Quibusdam consequatur eligendi quasi. Tempore aut veritatis nemo similique.','2009-11-29 01:31:57'),
('170','778','778','170','170','Delectus fugit voluptatum consequatur quia quia quia voluptates quo. Consequatur officia repellendus architecto qui. Est velit sequi impedit culpa facilis.','2005-02-07 10:30:24'),
('171','781','781','171','171','Enim corrupti voluptas omnis quod ipsum mollitia. Iusto eveniet nostrum ea quia. Cupiditate nihil rerum quia sed atque.','1977-05-21 04:42:59'),
('172','782','782','172','172','Voluptatibus reprehenderit quidem enim quia. Esse molestias amet hic atque voluptas in. Iste dicta aut quis iure minima. Atque asperiores est ullam molestiae culpa.','1994-12-31 12:04:59'),
('173','784','784','173','173','Fuga tenetur fuga laborum quos. Eos tempora est assumenda ut iusto. Distinctio debitis quis ut alias molestias eius. In eaque quia aspernatur occaecati repellat nesciunt.','2019-05-03 08:21:12'),
('174','785','785','174','174','Est modi voluptatem id et et aut. Numquam aperiam sed deserunt ducimus magni nulla. Optio voluptas maiores voluptas nobis ea quis est.','1981-03-02 01:59:30'),
('175','786','786','175','175','Possimus nemo ut et aut earum iusto fuga. Inventore sit minus qui quia et. Sint fuga qui sed labore sint ea eum.','2015-06-02 15:32:57'),
('176','787','787','176','176','Non at atque ab vitae ad et blanditiis ad. A repellat officia et natus odio dolore recusandae nihil. Facilis ea consequatur ad et et nihil animi inventore.','1996-12-28 09:30:22'),
('177','788','788','177','177','Repellat et et est adipisci eum delectus occaecati. Temporibus ullam delectus aut corrupti.','1988-03-09 10:21:43'),
('178','790','790','178','178','Ut qui qui eveniet sunt voluptatum impedit ad tempore. Quia facere modi dolores omnis sed at. Consequatur assumenda aut ut corporis. Ipsam et dolores provident illo tempore odit quaerat vel.','1996-08-26 00:15:49'),
('179','791','791','179','179','Exercitationem voluptatem natus et voluptas et delectus maxime. Ad temporibus vero ut laborum corporis. Consectetur qui id rerum est in nemo. Ratione facilis aut exercitationem nihil est beatae ut atque.','2017-12-04 06:20:20'),
('180','792','792','180','180','Sit nihil aut enim architecto odit ad. Doloribus aperiam nihil sint aliquam. Vitae suscipit nisi occaecati autem ab.','1986-07-30 13:31:52'),
('181','795','795','181','181','Veniam doloremque dolore perferendis architecto voluptatibus harum in et. Rerum blanditiis cupiditate impedit nesciunt rerum culpa voluptate. Recusandae voluptatem quisquam sit natus et. Provident facilis quia est cum.','2001-06-28 21:59:10'),
('182','796','796','182','182','Incidunt quibusdam et cupiditate animi est qui. Voluptatum esse et esse nesciunt ex qui quos. Ab et fugiat voluptatum qui commodi qui saepe.','2008-09-13 14:03:24'),
('183','797','797','183','183','Id nisi delectus rerum perferendis voluptatum. Voluptatum illum accusamus non error. Odit velit debitis explicabo asperiores. Et at velit quod aliquid vitae est suscipit quisquam.','1976-11-14 10:16:58'),
('184','798','798','184','184','Eaque eligendi ut quo nisi quam. Omnis omnis nostrum sunt nesciunt. Sapiente occaecati animi eum et occaecati culpa nostrum. Nulla animi error quis ipsa reprehenderit atque.','2005-11-12 22:39:15'),
('185','799','799','185','185','Sit quis cupiditate consequatur ab atque aut. Labore optio ea animi dolorum laudantium. Fugiat quidem facere rem similique.','1971-02-25 20:12:08'),
('186','800','800','186','186','Necessitatibus porro et repellendus et molestiae consequatur. Iure aut earum repudiandae nulla laboriosam quibusdam dolores. Rem dolor earum sit itaque dolor tempore et.','1979-07-12 23:35:52'),
('187','803','803','187','187','Fuga dolores reprehenderit cum velit inventore. Animi beatae omnis quia maxime. Voluptatem quia laboriosam aut necessitatibus nobis animi voluptatum ipsam. Explicabo velit voluptatem inventore.','2002-11-10 07:24:22'),
('188','805','805','188','188','Voluptatum et optio consequatur et. Aut odit incidunt aut nesciunt fugiat quas quo. Consequatur ea cum nulla officiis consequatur qui eaque. Veniam deleniti saepe voluptas consequuntur nam ut.','1993-09-19 01:51:32'),
('189','806','806','189','189','Voluptates sit autem aut et. Est eum voluptate distinctio voluptates. Non est et molestias quae aut. Eaque omnis necessitatibus ipsam id atque ipsam.','1991-11-13 05:07:53'),
('190','807','807','190','190','Asperiores voluptatem ut praesentium voluptatem velit sit. Nulla dicta repellendus quaerat et sunt. Et similique voluptatem tempora perferendis.','2008-03-24 10:37:30'),
('191','808','808','191','191','Aperiam et est ut omnis id qui voluptatum. Aperiam error illo quis. Culpa voluptas laboriosam voluptas voluptates. Excepturi nobis ipsum rerum non voluptate et eius.','1980-11-02 08:37:14'),
('192','811','811','192','192','Et earum numquam fugiat aut optio. Nobis ut aut expedita nihil voluptate ut corporis nulla. Voluptatem in deserunt tempora voluptas sed assumenda soluta. Perspiciatis officia est in et alias.','1976-01-01 11:33:11'),
('193','815','815','193','193','Tempora aliquid eum asperiores aperiam doloremque nisi. Qui recusandae autem omnis ea labore. Aliquam molestiae iure ex error ut repellendus consequuntur nobis. Rerum modi porro sunt voluptate sint quo.','2018-06-12 12:53:07'),
('194','816','816','194','194','Illum quidem vero omnis nisi. Non molestiae aperiam quidem dolores incidunt quis odit. Nihil aut ea qui et quae sint consequatur. Temporibus ducimus quam ut quod.','1995-05-17 10:41:37'),
('195','818','818','195','195','Ipsam rerum iste voluptatem et. Quis laudantium cumque omnis culpa non odio quam provident. Nostrum minus voluptas dolor ex commodi facilis. Libero et similique molestiae veritatis pariatur reiciendis.','1980-05-19 18:00:18'),
('196','819','819','196','196','Nemo perspiciatis in vel asperiores velit. Laboriosam minima eos tempore. Mollitia consectetur harum eum sed. Veritatis est non aut dolor.','1998-09-27 11:23:27'),
('197','820','820','197','197','Occaecati nihil explicabo eaque sint. Dignissimos repudiandae ipsa excepturi expedita ipsam. Inventore nihil est in. Architecto voluptas sint et sit.','1998-08-27 00:49:40'),
('198','821','821','198','198','Est quisquam magni quis qui quia facere. Incidunt velit quos molestiae nam quo natus. Autem exercitationem quo quo est dolores. Ipsam velit sit consequuntur.','2002-12-14 23:23:18'),
('199','822','822','199','199','Consectetur aperiam minima maxime aut et. Placeat minus earum iure dolor odio. Qui non molestiae quaerat rerum modi quia.','2012-06-07 05:08:04'),
('200','823','823','200','200','Mollitia nulla architecto voluptate maxime qui. Rerum qui qui quia doloribus ipsum inventore blanditiis.','1990-01-10 00:10:19'),
('201','828','828','201','201','Odio accusantium dicta distinctio ipsum quia pariatur. Repudiandae vero voluptatem molestiae.','2014-07-29 02:49:40'),
('202','829','829','202','202','Voluptas et aut voluptatem. Quidem officia necessitatibus est libero aperiam. In tempore temporibus nostrum provident non est quidem voluptatibus.','1999-03-19 01:30:57'),
('203','831','831','203','203','Sint et ipsam amet occaecati non. Omnis expedita facere autem nihil eveniet velit. Porro ad dicta qui praesentium voluptates. Omnis debitis corporis eius eum doloremque.','1971-12-21 20:57:02'),
('204','832','832','204','204','Voluptas consequatur sit sint dolorum aut id et. Qui sed similique animi qui. Ex libero voluptas hic perferendis nesciunt. Et maxime ea eius rerum.','1974-11-19 12:42:44'),
('205','833','833','205','205','Ut illo exercitationem molestiae voluptatem magni iusto. Consequatur ipsa aut illo voluptatem. Facere magnam voluptatem labore molestias ut et veniam quod.','2010-01-04 03:37:47'),
('206','836','836','206','206','Minima expedita consequatur aut impedit aut laborum sint optio. Repellendus architecto corrupti iure. Itaque et animi qui cum impedit. Dolores eveniet quidem labore optio maiores.','2016-06-27 16:13:47'),
('207','842','842','207','207','Praesentium quo beatae totam nam. Eos eius sint necessitatibus delectus. Voluptas est et tempore illo dolores corporis et. Porro laudantium et voluptates nisi pariatur omnis.','1973-11-18 22:01:45'),
('208','844','844','208','208','Numquam totam aut voluptatum aperiam. Vitae animi unde est enim qui provident nam. Aliquam eos voluptatibus sapiente eius sit. Iste nesciunt velit numquam perferendis dolorum praesentium eos dolores.','2006-06-16 04:26:12'),
('209','845','845','209','209','Magnam dignissimos quia velit consequuntur sit. Odit temporibus nam sit rerum rerum. Exercitationem sunt sed rerum eligendi aliquam. Quia asperiores vel at sed ut quos laudantium.','2009-10-25 08:08:09'),
('210','846','846','210','210','Totam natus sequi minima doloremque non. Quaerat iusto ab modi hic molestias quo aperiam velit. Temporibus quo rem id laborum cupiditate et. Accusantium accusamus atque aperiam laborum sapiente aut.','2013-01-25 17:12:09'),
('211','848','848','211','211','Officiis nemo quis dignissimos quo. Quas excepturi magnam cum omnis voluptas ab eaque. Sint molestias deserunt voluptatem ea.','2017-03-24 21:12:12'),
('212','849','849','212','212','Omnis non velit placeat id. Veritatis voluptas in illo laudantium quia voluptatem natus unde. Voluptas facere doloremque sit ducimus. Velit voluptatem voluptatem ut voluptates.','2002-06-28 00:18:07'),
('213','850','850','213','213','Sit fugit vel voluptas neque explicabo. Autem sed voluptate asperiores numquam iure hic quis. Sed consectetur optio est eos soluta beatae.','1979-03-21 07:33:28'),
('214','851','851','214','214','Doloremque modi qui nisi eum iure veritatis. Est aut facere velit consectetur delectus repudiandae. Recusandae voluptatem distinctio occaecati modi deleniti. Non pariatur sit eum in repellendus.','1993-02-09 22:24:07'),
('215','857','857','215','215','At quod nisi aut quia impedit voluptates. Sed tenetur atque molestias corrupti. Nobis voluptates ab ipsum. Iusto sapiente quae error et.','1970-12-12 07:38:01'),
('216','859','859','216','216','Ut dolores sunt voluptatem nostrum voluptas harum. Quo rem voluptatem vero sit. Non perspiciatis nihil fugit accusantium aut. Distinctio velit aperiam quos.','2016-06-12 16:04:28'),
('217','860','860','217','217','Sit dolor voluptatem eum et in fugit cupiditate. Et autem et et sequi nisi ad quia. Nobis non numquam sed.','1976-08-22 10:33:30'),
('218','861','861','218','218','Quibusdam iure facilis aut voluptate asperiores illo. Ipsa minima error iusto in dolore dolores. Atque possimus earum quia veritatis impedit. Blanditiis harum ea dicta corporis quos veniam. Unde suscipit rerum fugit et.','2009-04-02 20:22:03'),
('219','862','862','219','219','Aliquid voluptatem recusandae vel rem quidem ipsam. Ad alias quas neque cumque minus. Illum velit itaque enim eius. Est molestiae qui sint qui.','1976-06-16 03:01:12'),
('220','863','863','220','220','Velit amet quis debitis qui facere. Deleniti odit voluptatem suscipit. Exercitationem ab sed autem enim. Ratione doloremque id quia ducimus.','1989-07-04 01:57:23'),
('221','864','864','221','221','Aperiam eum quod nostrum vel. Qui minima est sunt dolore odit ab. Quasi in consectetur ullam ipsa aliquam impedit dolores.','1975-05-12 05:48:02'),
('222','869','869','222','222','Quaerat odit delectus modi velit. Ratione voluptatem qui sed dolorum. Praesentium officiis pariatur sit quia praesentium voluptas explicabo. Aspernatur cumque sunt aut quis et. Et magnam sint dolore explicabo.','1979-11-02 08:09:36'),
('223','870','870','223','223','Cupiditate distinctio praesentium mollitia ea quod neque. Iure quas hic commodi esse vero eos voluptatem odio. Tempora iste aperiam magnam voluptatem. Rerum ea rerum et doloribus est repudiandae.','1989-03-05 10:07:58'),
('224','871','871','224','224','Officiis et provident illum quia sunt esse est. Voluptatibus corrupti incidunt quos placeat recusandae laborum dolores. Blanditiis consequatur excepturi qui molestias atque.','1971-07-21 00:27:16'),
('225','872','872','225','225','Aliquam quas velit sunt cum. Quaerat quidem quis vero velit. Nesciunt sunt ducimus perspiciatis.','1990-11-07 07:32:44'),
('226','876','876','226','226','Iusto debitis labore amet saepe quia sunt similique dicta. Est ipsa sit et incidunt qui similique accusamus quam.','1992-04-23 17:55:34'),
('227','877','877','227','227','Sit quaerat officia est hic velit rerum quia. Fugiat officiis quia voluptas nisi. Et mollitia ut et pariatur placeat vel debitis.','2014-05-17 05:23:17'),
('228','883','883','228','228','Et nulla aliquam eius amet. Quidem et aut est vel. Ratione minima qui incidunt illum soluta.','2015-07-04 01:41:04'),
('229','885','885','229','229','Molestiae veniam commodi consequatur non perferendis nihil dolores. Et et dolores et qui non facere. Praesentium repellat unde amet et.','2001-10-05 09:26:07'),
('230','887','887','230','230','Corporis necessitatibus asperiores qui voluptatem consequatur autem et. Quibusdam ut nihil distinctio doloribus soluta itaque. Ut sit voluptates similique est recusandae iusto est rem. Velit magni excepturi molestiae tenetur odit dolor.','1975-01-17 07:59:07'),
('231','888','888','231','231','Consequatur dolorem dolorem iste et aut dolor possimus. Maiores qui sint quas rerum. Dignissimos ad eius id sint voluptates ex. Deleniti odio blanditiis quos necessitatibus. Ad odit debitis similique nobis quis.','2002-07-21 09:31:08'),
('232','889','889','232','232','Suscipit explicabo quia eum est esse. In molestias ipsam labore ratione. Aut impedit quibusdam facere qui.','1992-05-04 22:27:15'),
('233','891','891','233','233','Et voluptate tenetur ab in. Possimus est corporis beatae ex. Eveniet sed aut vero dolorem. Velit tenetur quis reprehenderit inventore odit amet.','2004-07-30 07:44:40'),
('234','892','892','234','234','Et cum et soluta delectus molestiae placeat. Perspiciatis dolore at consequatur incidunt. Cum est quaerat tempora neque impedit et.','2011-12-22 20:54:42'),
('235','893','893','235','235','Sequi corrupti molestiae aperiam et et saepe unde. Vitae ut est quod. Et voluptas eaque qui cum nobis.','2005-10-31 03:28:27'),
('236','895','895','236','236','Sunt qui dicta rem expedita quaerat. Nesciunt nihil ullam officiis et dolorum eligendi repellendus. Optio dicta minima vel temporibus provident vel libero aut. Nostrum voluptas delectus temporibus alias nam et.','2011-03-21 11:59:31'),
('237','901','901','237','237','Commodi qui et sint voluptatem quisquam assumenda porro illum. Tenetur quia qui ad tenetur mollitia neque eligendi. Consectetur laborum ut eum ducimus eveniet omnis. Itaque aspernatur amet aliquam architecto rem qui fugiat voluptatem.','2000-02-14 05:49:07'),
('238','902','902','238','238','Velit repellendus expedita quibusdam est quidem sapiente voluptate. Quia quibusdam qui id aut veniam. Praesentium fugiat et harum excepturi.','1991-08-21 09:06:34'),
('239','903','903','239','239','Quis similique a dolores error qui voluptatem. In odit accusamus omnis et iusto corrupti. Rerum eum magni est deleniti quia aut dolore. In provident modi laborum magnam cumque.','1997-09-26 15:03:47'),
('240','905','905','240','240','Nulla dolorum autem ea. Aliquid voluptatem cum quam dolor exercitationem architecto quia. Quo autem cupiditate saepe id voluptatibus.','1999-09-23 02:39:09'),
('241','906','906','241','241','Ut in quos earum qui non. Facere corporis sit et dolor aut autem. Non in placeat quo.','1983-03-12 04:50:25'),
('242','909','909','242','242','Sunt excepturi aut eius corporis necessitatibus hic et sed. Sunt voluptates nemo odio nihil harum a sed dolor. Nihil voluptas rerum nemo quasi iusto. Officiis dolores aut labore rem fuga dolores inventore tenetur. Laudantium magni voluptatem similique dicta velit ut.','1981-03-22 17:21:42'),
('243','910','910','243','243','Voluptatum nihil sit sunt sed non. Voluptatem ut enim cum sunt. Maiores vitae iusto quod sit dolor. Quas est sit esse autem porro.','1974-12-25 09:00:19'),
('244','911','911','244','244','Sit quisquam eum et beatae incidunt iusto. Ut et consequatur in.','2007-04-20 11:31:17'),
('245','912','912','245','245','Consequatur quis eveniet amet nisi quis. Reprehenderit modi est rerum error odio non consequatur. Odit non dolorem cumque qui.','1975-03-14 15:47:20'),
('246','913','913','246','246','Tempora porro aperiam rem blanditiis quasi dolores consequatur nulla. Ut perferendis ab voluptates eum ullam. Quia commodi veritatis sit dolor adipisci. Iste consequatur ea delectus ab. Ratione reprehenderit ad voluptatibus autem quidem.','2007-07-18 18:04:54'),
('247','914','914','247','247','Ab veritatis ut voluptatem iure voluptates. Aperiam eligendi modi voluptatibus aut. Doloremque ratione perferendis soluta aliquid perspiciatis. Autem ad in omnis nihil quaerat facere.','1986-02-14 02:24:13'),
('248','915','915','248','248','Enim deleniti consequuntur laudantium rerum. Praesentium fugiat dolores dolore ratione molestiae sunt veniam ducimus. Sint dicta quisquam dolores ducimus quae. Et est laboriosam quibusdam nihil dicta unde placeat fugit.','2011-02-16 07:13:47'),
('249','917','917','249','249','Officia officia beatae magni aliquam. Asperiores laboriosam omnis at totam aut unde beatae consectetur. Facere et dicta adipisci saepe mollitia quasi. Quas enim quia laboriosam qui sit sed. Sunt debitis eum dolore itaque mollitia.','1989-10-23 01:59:57'),
('250','918','918','250','250','Vero aut omnis velit et. Et in quam quaerat ea. Explicabo ea distinctio odio omnis pariatur quam qui quam.','2005-01-29 15:09:29'),
('251','919','919','251','251','Corrupti culpa provident velit et officiis quia. Quod tenetur aut aut deleniti. Pariatur tempora fugit saepe ipsum cupiditate. Atque et explicabo qui aut numquam.','1993-09-25 13:37:58'),
('252','920','920','252','252','Fugit et dolorum voluptatem quo enim aut architecto deserunt. Quidem laudantium consequatur laboriosam sit. Molestias cum eum non rerum pariatur quisquam asperiores. Quis nihil rerum aut ut dolorem corporis.','2000-10-15 07:55:40'),
('253','921','921','253','253','Exercitationem eos est rerum atque. Unde placeat repellendus et optio consequuntur exercitationem.','2017-02-11 17:26:44'),
('254','923','923','254','254','Aut ab officia totam. Eum temporibus adipisci illum inventore. Officiis atque est nesciunt maiores doloribus ratione totam. Ullam placeat asperiores aut iste.','1978-08-19 13:04:12'),
('255','924','924','255','255','Temporibus facere blanditiis provident veritatis eos iste velit. Eum in voluptatum assumenda laboriosam incidunt voluptatem. Possimus neque rerum rerum eum molestias corrupti.','2019-06-16 18:29:48'),
('256','925','925','256','256','Ab quo qui deserunt magnam id. Eius voluptatem iste dolores vel excepturi. Ut recusandae autem iste sit.','1985-12-12 05:38:30'),
('257','926','926','257','257','Aut saepe quidem quia dolor fugit nostrum vel repellat. Non aut nesciunt est necessitatibus in perferendis. Dicta qui accusantium dolores odio vitae voluptates repellendus autem.','1981-11-02 03:40:38'),
('258','929','929','258','258','Error aut laboriosam est repellendus. Qui dolores quod excepturi occaecati fugit. Maxime omnis sed libero. Qui voluptatibus animi dolores non ullam id rem.','1990-03-12 19:47:31'),
('259','930','930','259','259','Itaque nesciunt odit velit mollitia et tempora itaque aliquid. Eius est nisi numquam eos perspiciatis. Iure ex dolor illum ex qui sed natus. Et rerum mollitia ipsum esse distinctio id unde. Ipsum repellendus omnis quibusdam omnis quaerat quia qui.','1974-04-13 23:58:27'),
('260','931','931','260','260','Nam voluptatem atque consequuntur in voluptas aut. Optio aperiam nihil velit doloremque aperiam ut non. Earum dolor dicta velit aperiam quo.','1978-09-09 05:28:13'),
('261','932','932','261','261','Hic eos amet doloremque ut. Et optio earum praesentium commodi. Omnis cum cum sit. Blanditiis dolores aut commodi.','1974-11-15 06:31:41'),
('262','933','933','262','262','Distinctio est accusantium explicabo. Animi dicta repudiandae quo doloremque exercitationem quis reiciendis. Sed sint suscipit sunt et et consequuntur dolorum.','1986-10-20 11:44:27'),
('263','936','936','263','263','Vero iure labore et libero natus quidem et. In consequatur ab accusantium et molestiae. Voluptatem unde consequatur non consequatur natus et. Nisi totam neque voluptas quibusdam consequatur dolor.','2000-01-27 04:08:38'),
('264','940','940','264','264','Nihil mollitia iusto error neque. Autem expedita sequi nemo velit voluptatem.','1970-05-20 18:22:28'),
('265','943','943','265','265','Ullam odit similique omnis eius maiores et. Beatae vel voluptas earum facilis. Rerum aliquid possimus esse iure. Reprehenderit libero dolorum repudiandae tenetur praesentium.','2016-07-29 15:28:08'),
('266','944','944','266','266','Ut et consequatur est nobis repellendus sapiente occaecati. Architecto occaecati provident non doloremque quaerat. Voluptas voluptatem est et aut corrupti.','2013-01-29 17:02:29'),
('267','945','945','267','267','Quo autem quo et voluptas facere. Quidem consequatur in consequatur voluptatem asperiores cupiditate esse. Blanditiis adipisci occaecati fuga esse.','1981-11-17 14:37:58'),
('268','947','947','268','268','Voluptas itaque veritatis omnis. Magnam consequatur iusto laborum voluptate sapiente omnis inventore adipisci.','1981-08-01 05:24:54'),
('269','948','948','269','269','Exercitationem aspernatur veritatis sequi fugit. Quaerat aut excepturi quis beatae molestias. Ut aut delectus perferendis magni doloribus est.','1983-10-19 19:30:11'),
('270','950','950','270','270','Odit ut numquam animi neque doloribus architecto deleniti. Quisquam saepe impedit nihil ut vitae optio rerum. Ut minus omnis est atque dolores quia accusantium. Veniam asperiores ea fugiat ipsam.','1990-07-19 15:14:23'),
('271','951','951','271','271','Facere at autem dolorem. Ratione rerum corrupti qui. Ut et doloremque aperiam at quas quod officiis enim. Quos molestiae mollitia deserunt.','1979-11-03 20:26:02'),
('272','953','953','272','272','Debitis in quo consequatur. Id dolore atque nam dolor nam. Deserunt laborum quisquam voluptatibus est. Aut iusto voluptatem in at et inventore est numquam.','2016-06-28 04:16:23'),
('273','955','955','273','273','Est tempora veritatis quia voluptatum enim. Molestiae cum velit laudantium et quis minima quos. Vel sed aut corrupti possimus. Nemo dolores vero dolor vel rerum optio quam.','1970-07-09 23:28:16'),
('274','956','956','274','274','Voluptatem iste impedit saepe fugiat. Iste fuga exercitationem dolore iusto sed. Et et assumenda at itaque eos.','1998-04-29 17:17:37'),
('275','957','957','275','275','Voluptate quia rem autem qui et omnis. Ut nostrum voluptas laudantium est. Libero totam consequatur fugiat et autem molestias. Non et sit nesciunt.','1990-03-23 22:40:29'),
('276','958','958','276','276','Perspiciatis quia et sed ut et mollitia. Neque atque cum id officiis praesentium in. Nulla distinctio et ipsum soluta quidem placeat beatae. Impedit omnis est similique.','1979-10-18 01:00:21'),
('277','960','960','277','277','Aut voluptatem dolores cumque corporis est voluptatem. Voluptas repellendus molestiae voluptas non explicabo magnam. Optio laborum qui fugit amet enim aperiam. Dignissimos et ex et quos repellendus non totam.','1993-10-26 17:06:32'),
('278','961','961','278','278','Accusantium iure exercitationem molestiae totam optio aperiam qui. Consequatur repellendus ut quo voluptate. Corrupti porro id harum maxime iste hic. Aliquid ut nisi in eveniet explicabo.','2012-04-28 13:06:26'),
('279','964','964','279','279','Ratione voluptatum laborum amet ab tenetur qui laboriosam est. Necessitatibus et deleniti aut est vel quia. Nesciunt ab corrupti ut sapiente voluptates.','2000-03-10 08:18:55'),
('280','965','965','280','280','Eum cum aperiam commodi quos nesciunt. Odit quo aut ut quis delectus blanditiis saepe voluptas.','1973-06-09 23:39:35'),
('281','967','967','281','281','Officiis unde optio quia ut. Unde soluta dignissimos est totam et. Optio quia exercitationem occaecati nesciunt harum.','2002-12-16 14:21:44'),
('282','968','968','282','282','Hic quia eum dolorum. Eum itaque in reprehenderit aliquid unde itaque. Asperiores aliquam harum autem velit.','1999-04-12 15:22:04'),
('283','970','970','283','283','Soluta quisquam ab aut possimus. Omnis impedit impedit ut perspiciatis sed molestiae suscipit. Omnis voluptates facere ad nemo. Molestiae veritatis dolorum consectetur.','1995-03-23 19:56:56'),
('284','971','971','284','284','Repellendus id non qui nulla laudantium. Fuga est soluta dolore qui commodi. Cum sed voluptatibus dolor corrupti.','1970-08-01 01:13:32'),
('285','975','975','285','285','Ducimus tempore autem voluptatem. Quibusdam molestias odio dolore. Est ratione omnis voluptatibus aut. Iure rem omnis alias distinctio.','1992-11-30 06:16:19'),
('286','976','976','286','286','Quia officiis deserunt deleniti et quibusdam necessitatibus. Sint aperiam beatae fugiat dolore. Sint laboriosam aperiam qui nemo fugit aspernatur.','2012-04-20 22:32:58'),
('287','977','977','287','287','Ut iure ea enim dolorum asperiores. Nihil amet eos deserunt voluptas consequatur qui. Ut sed voluptatem id libero repudiandae. A quia ut ea eius repellat eos. Blanditiis odit et occaecati rerum qui repudiandae sint.','1994-09-29 14:23:24'),
('288','979','979','288','288','Nostrum magni non maxime perferendis. Fugit eligendi accusantium quaerat. Vero voluptates quia natus.','2005-06-21 11:17:45'),
('289','980','980','289','289','Eos recusandae ut repudiandae. Odit dolorum dolores consequatur nobis molestias. Quaerat facere autem et non qui et qui.','1994-09-26 08:32:38'),
('290','982','982','290','290','Nobis natus vel alias rerum in odit amet. Exercitationem illo debitis amet quia. Qui suscipit a qui. Molestias dolores earum porro minima ea quod consectetur aperiam. Voluptatem sunt rerum saepe autem.','1982-09-02 10:11:33'),
('291','983','983','291','291','Itaque temporibus quibusdam quia maxime culpa. Optio maiores dolorem doloremque voluptates. Aut a ut qui corporis et provident libero.','1989-03-01 05:11:48'),
('292','984','984','292','292','Qui cumque eveniet quam facere voluptatem deserunt. Aliquam ipsam eos aliquid repellendus omnis. Incidunt deleniti perferendis quia quos facere.','1978-01-19 07:30:50'),
('293','985','985','293','293','Et et nihil quisquam perferendis cupiditate ea. Quidem sunt numquam ipsa. Sequi non qui sint beatae aut. Vel nihil id magni a sit officiis.','1978-12-03 14:20:27'),
('294','987','987','294','294','Accusamus ut distinctio voluptas ad est et numquam. Quam iusto omnis provident et atque soluta.','2002-07-09 15:09:36'),
('295','988','988','295','295','Doloribus id nam nulla quo nulla. Nam accusantium a repellendus aut tempora. Eos optio dolorem unde autem assumenda esse non.','2006-03-28 07:59:41'),
('296','989','989','296','296','Officia accusantium nihil et et at tempora. Itaque nulla aspernatur alias consequatur eveniet. Ut amet adipisci ea laborum quia esse nulla.','1983-02-14 15:48:45'),
('297','990','990','297','297','Laudantium recusandae exercitationem est. Minima velit deleniti sed vel. Veritatis repudiandae tempora soluta quis corrupti molestias.','2011-10-30 20:59:48'),
('298','991','991','298','298','At consequatur laudantium corrupti sit ut. Nulla labore deserunt dolores alias consequatur. Nostrum distinctio atque nisi error commodi aut. Necessitatibus vero doloribus sapiente non ad.','2015-01-29 00:13:49'),
('299','992','992','299','299','Quae rem et maxime. Voluptas rerum sed adipisci officiis. Eaque quo rem porro earum et.','2001-04-10 06:10:33'),
('300','994','994','300','300','Quasi ab error autem autem. Incidunt sunt non sed consequatur. Illum perspiciatis tempora quis beatae dignissimos ut. Neque quam veniam quaerat iusto est blanditiis numquam.','1993-12-07 09:45:58'),
('301','996','996','301','301','Exercitationem porro omnis rerum voluptatem et. Modi sed perspiciatis ea. Vel est sit nisi et. Consectetur quia iusto id aut dicta delectus cupiditate.','2008-09-04 05:00:02'),
('302','997','997','302','302','Rerum et impedit corporis similique quas perferendis earum. Ex ab iure ut nesciunt voluptatem. Repellat similique nostrum quia culpa id est sed.','1973-12-13 17:18:30'),
('303','501','501','303','303','Velit non repudiandae et dolores cumque est numquam libero. Aut fuga et ut nam eligendi deleniti. Sint tempora modi officia consectetur quia voluptatem aperiam. Laboriosam in in necessitatibus atque odio laborum aut.','2016-03-12 03:45:14'),
('304','502','502','304','304','Qui id et optio vitae. Ratione quisquam asperiores labore omnis corrupti rerum. Dolor voluptate velit iste delectus.','2015-09-04 16:40:13'),
('305','503','503','305','305','Eum qui nisi reprehenderit itaque ad sint voluptatum. Sit voluptate aut accusantium nemo id enim voluptatum ducimus. Saepe et aut voluptatem impedit ut dignissimos dolor. Illum officia hic ut cum accusantium non asperiores.','2003-03-04 20:37:30'),
('306','504','504','306','306','Quis ea est deleniti rerum. Voluptatem et et beatae atque natus dignissimos. In aut molestias nihil. Qui nihil quo est id. Neque qui laudantium totam rerum dolor nobis velit voluptate.','1974-04-12 03:09:57'),
('307','505','505','307','307','Sapiente architecto sit cumque suscipit vero provident dolor. Fuga et natus voluptatem occaecati placeat qui. Culpa reprehenderit magni voluptas sunt perferendis tenetur. Maxime optio aspernatur aut sit sit ut.','1995-01-25 07:35:01'),
('308','506','506','308','308','Consequatur optio impedit natus aspernatur repellat ab voluptas. Minus reiciendis deserunt natus quasi est blanditiis qui. Cum qui aut sed dolores sint.','2007-04-06 13:08:20'),
('309','508','508','309','309','Et facere modi explicabo et repellat laboriosam. Libero enim veniam voluptate ut. Natus et quo animi provident eos autem.','2012-07-24 20:11:52'),
('310','509','509','310','310','Qui omnis consequuntur esse illum vel. Impedit autem doloremque delectus neque quo. Nemo sint laboriosam mollitia inventore rerum.','2015-02-03 06:40:02'),
('311','510','510','311','311','Accusamus consequatur incidunt voluptatem et quidem sunt. Dolorem iste et pariatur.','1995-03-02 10:08:54'),
('312','512','512','312','312','Est tempore repellat hic vel a voluptatibus. Quas praesentium ea fuga id. Libero nostrum omnis et natus.','2009-01-24 17:54:01'),
('313','517','517','313','313','Cupiditate voluptatem quo doloribus sunt ut rerum. Ut minus perspiciatis harum assumenda quia. Et inventore aut sed voluptatem. Similique cum harum modi inventore voluptas.','1991-02-03 09:26:36'),
('314','518','518','314','314','Quisquam omnis et ex molestiae ut qui consequatur facere. Sint nemo numquam harum eligendi tenetur quia. Adipisci cupiditate ipsa doloremque consequuntur. Suscipit quia delectus omnis minus dicta.','2010-12-25 06:37:13'),
('315','519','519','315','315','Dolorem enim enim recusandae totam. Sunt sed nostrum dolor esse. Quasi laborum non rerum ipsa aperiam aut.','1994-03-12 14:36:14'),
('316','520','520','316','316','Error nulla qui blanditiis sint. Ea repellat aut aliquam. Placeat quia hic libero maxime perspiciatis quae voluptas perspiciatis. Debitis quisquam explicabo totam sint voluptatem.','2002-07-07 20:26:35'),
('317','521','521','317','317','Molestiae accusantium quia quo sit maiores. Quibusdam consectetur quos quo. Est qui temporibus consequatur at. Aut hic voluptatem est vero.','1991-02-21 09:17:14'),
('318','523','523','318','318','Nostrum perferendis nam reiciendis quae. Culpa qui molestiae voluptatem quos et culpa. Quis porro omnis qui odio.','1982-05-15 13:42:52'),
('319','524','524','319','319','Quibusdam et cumque consequatur eos quaerat. Est officia id voluptatem dolor minus fugit ipsam. Non consequatur enim deleniti aperiam dolor voluptate. Dolores minus aliquid repudiandae explicabo aut ut maiores. Beatae temporibus quidem quod sunt animi.','1970-06-21 10:13:26'),
('320','525','525','320','320','Qui id quis repellat consequatur. Autem cum minus quas et architecto. Sint blanditiis cum quasi accusantium.','1980-11-23 17:25:05'),
('321','526','526','321','321','Doloribus vel est et voluptate. Esse aperiam in illum sed. Tempore aut est rem sapiente sed fugit labore. Voluptas similique inventore porro nam.','1970-06-23 01:22:02'),
('322','529','529','322','322','Quisquam reiciendis harum quidem sunt sunt quos atque. Soluta vitae ut quam. Odit voluptatem rerum placeat maiores ullam. Architecto et quidem blanditiis fugit.','1974-04-25 00:45:56'),
('323','530','530','323','323','Reprehenderit quis deserunt aut eaque nisi aut. Ut iure voluptates eos laboriosam rerum. Molestiae quidem dolorum consequuntur a dolorum quia laborum. Ut voluptatem animi rem cupiditate dolor ut quidem.','2015-04-27 10:05:58'),
('324','531','531','324','324','Dolorum consequuntur tempora a omnis quaerat mollitia consequatur molestias. Quis vero voluptatem ex officia voluptate ex. Voluptatem omnis qui omnis alias. Dignissimos deserunt tempore sed assumenda distinctio ipsam.','1974-10-18 15:21:51'),
('325','535','535','325','325','Quia quo autem nihil corrupti. Voluptatem magni magnam a repudiandae aut. Saepe nisi quis nam animi eum inventore. Occaecati sit impedit in quia ut quibusdam beatae est.','1979-07-08 04:21:01'),
('326','537','537','326','326','Libero non ipsam voluptate. Enim harum sunt voluptate nisi sit fugit asperiores. Veniam aliquid labore quasi quis eum libero laudantium. Laborum numquam quis sequi.','1981-02-18 06:14:43'),
('327','538','538','327','327','Et quo illo officia quis nam rem aspernatur. Est enim enim eos earum dignissimos autem autem. Et maiores quo ipsa laudantium sed. Praesentium iusto id aut ut.','2018-09-20 09:16:17'),
('328','539','539','328','328','Quisquam dolorem incidunt rerum molestiae et quas. Exercitationem ullam et facilis autem velit sit reprehenderit.','1998-02-02 14:35:18'),
('329','540','540','329','329','Natus ad voluptates esse qui error est beatae. Ducimus deleniti labore ut eum deserunt placeat. Suscipit unde consequatur est labore at neque et. Et sed nostrum voluptatibus neque ipsa.','2005-06-14 15:27:47'),
('330','541','541','330','330','Ipsum id et rerum consequuntur dignissimos optio. Voluptates fugit harum eum dolore qui tempora dolorum. Ipsum ipsum itaque quasi distinctio ut. Odit modi sapiente rerum mollitia modi.','1993-03-02 07:53:23'),
('331','542','542','331','331','Porro illo facere ducimus minima excepturi consectetur. Minima dolorum laborum quia qui. Et aut itaque harum molestiae qui. Qui omnis commodi perspiciatis commodi.','1981-05-18 05:12:45'),
('332','543','543','332','332','Voluptates ullam nesciunt non repudiandae. Occaecati perspiciatis rerum deleniti et libero ratione eum optio. Cumque repudiandae deserunt rem impedit voluptatum ut. Iusto sit consequatur hic repellendus et repudiandae culpa quis.','1983-04-30 08:06:38'),
('333','544','544','333','333','Ratione provident sed nesciunt vel. Quis aut id ab assumenda. Ut quas excepturi necessitatibus qui corrupti iusto sunt. Est quibusdam est soluta officia doloremque. Nam quis eos ipsa voluptas tempora.','1982-03-24 12:17:11'),
('334','545','545','334','334','Omnis placeat nihil id enim nobis. At ex placeat sint ea dolores rerum. Aut recusandae provident et id. Accusantium aut aut dolor impedit.','1989-06-20 15:14:19'),
('335','546','546','335','335','Vel labore temporibus sed dolores nisi. Molestiae voluptas molestiae iste eveniet. Exercitationem est quasi minima porro neque commodi impedit. Qui libero dolores qui facilis.','2009-06-27 16:49:45'),
('336','547','547','336','336','Possimus quo ut a distinctio. Autem libero officiis ab vero. Voluptas in est qui dolore ipsa. Est sint adipisci possimus cum vel enim totam.','2006-10-11 16:02:59'),
('337','548','548','337','337','Est eligendi dolorem hic. Perspiciatis quae minus eum asperiores eum quibusdam delectus. Non qui voluptatem cumque in eligendi quibusdam sed. Veritatis illum sunt occaecati et recusandae facilis provident.','1991-02-21 18:54:06'),
('338','552','552','338','338','Nisi est molestiae facere provident. Assumenda ut et est voluptas qui est error. Reprehenderit est quam quia dolorem. Enim consequatur exercitationem numquam eligendi ut aut minima.','1987-06-20 14:06:37'),
('339','553','553','339','339','Facilis odio quae quisquam vitae est maiores. Neque deserunt ducimus iste magnam quae. Non minus inventore vitae dolor est culpa dolorum.','2007-12-31 03:35:58'),
('340','556','556','340','340','Impedit deserunt rem quasi laudantium. Laboriosam excepturi consectetur nemo qui in quia ut. Beatae amet earum nobis aut. Ipsam laudantium fuga a tempora.','1975-11-07 04:12:34'),
('341','557','557','341','341','Esse nostrum est ipsum sunt aut quaerat. Qui qui exercitationem voluptas incidunt corporis quas laboriosam. Quia aut provident sapiente sequi esse.','2009-03-25 12:09:58'),
('342','561','561','342','342','Iste reiciendis excepturi sequi voluptatem et quasi quibusdam. Aspernatur dolorem dolore labore est quibusdam sapiente iure omnis. Tenetur in iusto veritatis impedit voluptas mollitia soluta.','2005-10-28 05:58:29'),
('343','562','562','343','343','Sapiente iure nihil quos. Dolorum explicabo ea est magnam aut. Voluptatem debitis cumque magnam corporis. Sit molestiae eaque tempora dolorem neque quibusdam.','1978-05-06 18:24:38'),
('344','564','564','344','344','Sed corrupti qui aperiam veritatis. Quisquam modi sit molestiae odio non sed animi. Aut sit quod consequatur nesciunt.','1970-01-14 16:55:03'),
('345','565','565','345','345','Quos voluptas fuga et iste et. Sunt ullam qui blanditiis expedita inventore. Labore velit fugiat doloribus deserunt. Tempora id accusamus occaecati velit.','2019-04-22 17:26:14'),
('346','566','566','346','346','Nobis eum et omnis ab exercitationem libero quae. Magnam incidunt laborum expedita reiciendis. Vel maxime possimus laudantium qui ducimus.','2007-01-30 12:07:08'),
('347','567','567','347','347','Dolorem illum et magni hic non dolore. Neque et sint expedita atque autem.','1978-12-01 19:55:04'),
('348','568','568','348','348','Et voluptatem voluptatem recusandae consequatur pariatur. Enim quod nisi nobis odit doloremque fuga. Illo nihil est hic cumque sunt praesentium ut et.','2007-01-29 20:28:41'),
('349','569','569','349','349','Sunt nostrum consectetur corrupti est est quos. Eius fuga dignissimos asperiores possimus nam. Quis et provident et nihil aut aut. Sit qui sunt delectus ad ullam quia.','1984-07-27 19:55:44'),
('350','571','571','350','350','Deleniti odit beatae esse quidem aspernatur velit ut. Illo est nihil soluta aut sed et minima. Voluptatibus qui voluptatem soluta illum voluptas accusamus enim maiores. Quia aperiam facere quasi soluta.','2014-05-24 14:01:40'),
('351','572','572','351','351','Doloribus est in et vel quisquam. Molestias inventore at qui quas beatae vitae reprehenderit. Sed illo eos in quis voluptas sit aspernatur est. Ad magnam nam enim necessitatibus voluptas quia.','2007-05-03 06:09:54'),
('352','573','573','352','352','Corrupti iste dolores aliquid qui ut architecto iusto soluta. Ut eum omnis voluptatum. Illum mollitia similique et totam vero sit.','2018-09-24 14:45:12'),
('353','574','574','353','353','Voluptatibus facilis qui modi. Dolorum amet autem quae. Dolor velit reprehenderit accusantium suscipit.','1999-10-01 07:25:45'),
('354','577','577','354','354','Ut perferendis quam quidem unde similique. Placeat excepturi sunt ab nemo sed error quis. Enim quidem est odio odit molestiae. Quibusdam veniam mollitia omnis totam dolores.','1995-12-24 20:50:44'),
('355','579','579','355','355','Impedit at sunt optio facere consequatur labore debitis nisi. Inventore error excepturi molestiae rem. Perferendis porro autem rerum voluptatem. Sit beatae accusantium occaecati eius.','1973-01-28 16:12:32'),
('356','583','583','356','356','Et voluptas voluptatem aperiam alias enim voluptas dolores. Aut amet aut est eligendi qui mollitia asperiores. Maiores quia aliquam quia veritatis cum quae.','1976-10-14 01:56:23'),
('357','585','585','357','357','Adipisci sit veniam eveniet explicabo non harum est. Quibusdam quibusdam sed perspiciatis nesciunt unde facere id blanditiis. Suscipit natus qui quaerat quos debitis optio illum.','2007-02-28 13:17:16'),
('358','586','586','358','358','Ducimus odit corporis dolorem qui. Harum repellat aspernatur ea officia. Perspiciatis rem ut et magni eos deserunt. Non et maiores magni deleniti ut vero totam. Vitae eveniet esse qui aut rem quia eaque.','2014-04-10 17:03:48'),
('359','587','587','359','359','Consectetur accusantium placeat cum molestiae dolorem laborum voluptatibus at. Sapiente officia et sit voluptates consequatur qui rerum rerum. Eos vel et maxime ut natus.','1977-01-03 17:10:11'),
('360','590','590','360','360','Nisi id assumenda recusandae veniam beatae recusandae. Voluptas maxime est corrupti ducimus. Asperiores ipsum autem eum doloribus sunt rerum. Doloremque non nemo exercitationem consequatur qui.','1984-09-20 10:16:54'),
('361','594','594','361','361','Nemo magni aut quia provident in. Tenetur libero et ut nam quidem. Quo rerum qui omnis aspernatur ipsam. Laboriosam exercitationem inventore expedita cupiditate magnam.','1978-10-20 23:56:07'),
('362','595','595','362','362','Veniam qui est necessitatibus laborum magnam qui quo. Ab suscipit corporis ipsam quaerat. Quibusdam sed ipsum animi quia unde.','1971-02-01 03:51:50'),
('363','597','597','363','363','Occaecati eius distinctio consequatur. Quibusdam dolores id sapiente voluptas quia. Odio adipisci officiis nisi sed consequuntur veniam ullam. Explicabo eaque tenetur natus voluptates sed. Ut ab consequatur quis a cum magni hic aliquid.','1992-02-06 19:08:10'),
('364','598','598','364','364','Molestias soluta doloribus sunt nulla quos. Ea ab non aut. Recusandae accusantium porro molestias expedita. Rerum voluptatem praesentium sed ex quidem reprehenderit eaque.','1996-12-20 08:38:24'),
('365','599','599','365','365','Mollitia facilis aut at autem. Aut asperiores facilis qui unde aspernatur fugit quod quibusdam. Dolores aut dolorem aut enim et sed. Non sed nihil quisquam neque error. Recusandae quo est adipisci pariatur est provident nesciunt.','2002-11-18 16:56:21'),
('366','600','600','366','366','Voluptate minima tenetur tempore recusandae. Officiis perspiciatis quibusdam maiores nihil ad. Laboriosam tempore sint rem quia rem voluptates atque dolore.','2005-03-01 02:23:05'),
('367','601','601','367','367','Dignissimos accusamus sit et et est qui. Corrupti omnis nam et et rerum asperiores. Quod quod alias ipsa quos natus porro illo quis. Ipsum animi magni illum delectus.','2006-12-18 00:44:56'),
('368','602','602','368','368','Perspiciatis possimus labore voluptatem beatae. Deleniti dicta sequi recusandae. Vero iure sint quis deleniti suscipit aliquam id molestiae.','1977-10-04 15:44:20'),
('369','603','603','369','369','Eum voluptatum aut dicta est velit eum illum qui. Quam et non quasi corporis nesciunt sed facere est. Veniam dicta dolor et magni.','2016-01-06 06:43:39'),
('370','605','605','370','370','Voluptas et nihil ea. Quisquam asperiores consequatur at ipsa aspernatur laudantium dolorum. Cumque minima non in perspiciatis sed cum optio.','2002-08-13 03:37:54'),
('371','607','607','371','371','Nostrum deleniti accusamus quibusdam placeat quis. Numquam inventore est voluptas est nostrum. Repellat eligendi cum et porro non. Dolorem omnis cum fuga minima unde hic ratione.','1999-01-13 17:23:31'),
('372','608','608','372','372','Voluptas eum consectetur pariatur tempora. Vel doloribus rem sequi sed et. Commodi quia id voluptas cum fuga dolore aut.','1978-11-03 06:18:59'),
('373','610','610','373','373','Sit et eum tempora recusandae nostrum voluptatem. Excepturi dolorem veritatis mollitia quis vel consequatur. Quo dignissimos ut ipsum magni maiores repellendus fugiat.','1985-04-21 21:06:33'),
('374','611','611','374','374','Illo odio repellendus laudantium. Et nam asperiores dolore debitis. Aut cum est veniam amet. Commodi repellat laboriosam veritatis.','1990-10-03 11:16:53'),
('375','614','614','375','375','Quo iure sit ut quidem qui expedita. Vel voluptas odit velit repellendus officiis. Est veniam soluta consequatur in omnis.','2002-02-25 13:38:43'),
('376','615','615','376','376','Enim accusamus provident et molestiae similique est. Est repellendus nesciunt voluptatem ut ut. Sequi non ea consequatur qui cupiditate esse. Et molestiae reprehenderit quae doloremque dolorem repellat commodi.','2003-02-24 00:20:50'),
('377','618','618','377','377','Molestias quisquam ad quae tempore nobis quos. Nihil eius dignissimos et nihil debitis mollitia blanditiis. Quod animi illum ad ipsum.','1986-05-06 11:29:35'),
('378','621','621','378','378','Modi nihil sed vel tempore enim quas. Nihil earum voluptatem facere in alias quis. Expedita voluptatem et aliquam neque.','1979-12-12 00:28:02'),
('379','623','623','379','379','Reiciendis corrupti assumenda et ut eligendi. Nisi aspernatur placeat nobis porro non laborum ex. Ea et culpa voluptatem incidunt.','2004-03-02 03:44:58'),
('380','624','624','380','380','Facilis autem suscipit quam in doloremque aperiam praesentium exercitationem. Delectus rerum reiciendis excepturi doloremque labore delectus quam.','1993-09-09 21:58:31'),
('381','625','625','381','381','Rerum incidunt rem non recusandae quam et cupiditate. Illum a voluptatum eum reiciendis. Et odit maiores itaque accusamus reprehenderit nisi alias placeat.','1993-07-25 10:16:15'),
('382','626','626','382','382','Et laboriosam eum accusantium iusto. Sunt ratione aliquid et laboriosam expedita ut. Voluptatibus odio quo dolor ipsa in illum. Rerum vitae a ab natus velit sed occaecati.','1991-06-17 02:04:23'),
('383','627','627','383','383','Ea unde perspiciatis porro sunt aliquid. Maxime ut molestiae similique mollitia a nesciunt. Quia consequatur quasi ab.','1991-10-12 10:14:46'),
('384','628','628','384','384','Porro mollitia et corporis distinctio eos rerum. Culpa ut aut delectus. Voluptates cum eaque consequuntur et vel sed ad. At impedit impedit fugit esse totam et eius id.','2018-07-15 05:37:21'),
('385','629','629','385','385','Quia dolorum ducimus qui odio et et tempore sunt. Neque dolores quasi animi est laborum. Labore ab quisquam et temporibus qui debitis ut. Odio dolores ipsum voluptatem molestiae omnis perspiciatis ad.','2006-06-09 00:11:35'),
('386','633','633','386','386','Ipsum eos voluptatem corrupti blanditiis id dicta aut animi. In quaerat quos commodi in.','2001-09-13 07:07:38'),
('387','635','635','387','387','Corrupti voluptatem beatae aspernatur sit reprehenderit. Omnis consequatur qui deserunt minima minima quidem. Ea sint omnis molestiae libero recusandae. Nulla et quasi et facilis.','2006-04-20 06:59:02'),
('388','636','636','388','388','Sunt in sequi quibusdam unde tenetur temporibus harum. Doloremque quia saepe rerum aut in. Ea incidunt eius reprehenderit est. Praesentium ut error commodi natus ratione eos.','1972-12-07 17:00:45'),
('389','637','637','389','389','Qui tempore consequatur quae. Numquam possimus exercitationem quam dolor. Ea ea voluptates eos ullam. Eum nihil et blanditiis voluptas fuga.','1996-09-19 16:43:14'),
('390','644','644','390','390','Accusantium cumque explicabo consectetur cupiditate in expedita. Voluptatibus consequuntur sit voluptatibus dolor laboriosam maiores id et. Ipsa eum perspiciatis iure aut a et incidunt ipsam. Et dolor molestias tenetur. Et amet quia quo voluptatem earum rem possimus ut.','2000-12-29 18:33:17'),
('391','646','646','391','391','Iusto velit eum qui nisi. Minus eos voluptas ea quia accusantium consequuntur ad. Magnam enim officiis aut ea sit. Id dolore repellendus culpa culpa. Ipsam quis velit quia rem inventore.','2007-08-18 16:03:59'),
('392','647','647','392','392','Ex sint ut eum non id sequi sed. Vero enim molestiae officia ut quaerat. Deleniti et qui ex dolor voluptatem. Est in sit dolores culpa.','2001-02-19 01:38:09'),
('393','648','648','393','393','Dolorem rerum id quis et enim aperiam. In est assumenda nulla rerum ipsam consequatur. Ea ut et aut quam ducimus perspiciatis.','1991-05-05 11:33:54'),
('394','652','652','394','394','Voluptas facilis non quis. Ut enim ipsum ea sed. Sapiente minima est quam eligendi similique consequatur modi. Assumenda nemo aliquam veritatis sit eum odio voluptatem. Consectetur est fugiat suscipit assumenda aut.','1980-06-14 21:01:47'),
('395','653','653','395','395','Et temporibus voluptas facilis maiores sed. Laborum consequatur sed provident vero. Asperiores alias in quos dignissimos dolorem.','2002-02-28 19:32:31'),
('396','654','654','396','396','Facere quo ut aliquid ea deleniti. Est quis dolores tenetur fugit aspernatur hic. Impedit ut minima quos nulla et. Dolor cumque voluptatibus ut laudantium repellat.','2019-02-05 08:24:09'),
('397','658','658','397','397','Aliquid et nobis tenetur nostrum ab ratione. Veniam non cupiditate ratione doloremque et qui. Officia pariatur tempora possimus et optio blanditiis.','1995-12-10 16:48:18'),
('398','660','660','398','398','Beatae est amet voluptatem blanditiis ducimus accusamus qui. Odit sapiente dolor mollitia expedita quibusdam itaque aspernatur. Enim nesciunt maiores animi consequuntur sit.','1970-11-10 05:58:57'),
('399','661','661','399','399','Ipsa cupiditate quia culpa officia. Non qui incidunt provident dolor quis libero. Facere sunt officia aut quod. Ad ipsa facere quos sit temporibus a. Et sed quam id unde.','2018-09-09 14:14:41'),
('400','665','665','400','400','Occaecati et laudantium adipisci atque. Iure eum aliquam velit rerum sed maxime rem. Vel assumenda aliquam aperiam maiores velit. Animi et tempora perspiciatis.','2013-12-11 15:50:27'),
('401','668','668','401','1','Odit maxime suscipit debitis accusamus et ut odit optio. Assumenda voluptatum enim laboriosam nemo eligendi sit repellat. In pariatur aliquid nihil enim autem dolore architecto.','1999-02-19 00:36:39'),
('402','669','669','402','2','Totam ut assumenda odio maxime rerum deleniti et. Nihil aliquid quia qui qui assumenda nihil ut. Odio sint velit quos quidem rerum. Magni qui magnam sed distinctio.','2004-07-09 20:22:53'),
('403','670','670','403','3','Nisi qui eligendi consectetur enim officia sapiente cumque. Qui et et voluptas quo. Dolore eligendi sunt maxime et ut non est quia.','2019-05-31 18:29:34'),
('404','671','671','404','4','Dolor incidunt ut deserunt sunt deserunt accusamus dolorem. Nobis recusandae error provident voluptatem perspiciatis modi at.','2017-06-20 20:50:31'),
('405','673','673','405','5','Molestiae pariatur veniam et dolores quidem deserunt. Sed sed asperiores officia harum sint officiis. Cupiditate explicabo blanditiis dicta cumque aut ullam neque molestias.','1983-04-13 14:26:03'),
('406','674','674','406','6','Dolores molestiae doloremque et suscipit dolorum fuga id itaque. Enim ex eligendi accusamus quos eveniet. Consequuntur consequatur quia corrupti sint.','1979-11-04 08:16:36'),
('407','675','675','407','7','Ad in et iure voluptatem eos modi. Repudiandae minima consectetur perferendis consequatur sapiente. In atque magni esse quam fugit voluptates ut.','2016-08-02 03:24:21'),
('408','676','676','408','8','Nihil magnam delectus suscipit iure. Laudantium sit cupiditate suscipit et. Quibusdam ut deserunt nesciunt fugiat iusto velit. Doloribus maiores fugiat dolorem corporis rerum voluptatem sit.','2001-09-18 05:55:32'),
('409','677','677','409','9','Quae qui et sed facilis expedita dolorem perferendis. Hic eos voluptatem sunt ut autem voluptas. Ut et ea ut incidunt illum. Omnis harum explicabo fugiat natus quam aperiam sequi ut.','1985-06-21 19:57:28'),
('410','678','678','410','10','Ullam quia debitis quo. Atque cumque similique quas commodi vel. Ipsam aut quasi consectetur architecto voluptates. Sed eum adipisci alias aliquid rem.','1999-12-14 05:07:25'),
('411','680','680','411','11','Quis pariatur aut odio quia. Suscipit ea consequuntur ipsam. Sed totam qui totam enim labore quae ipsa.','1983-10-17 01:56:26'),
('412','681','681','412','12','Perferendis laborum non vel iure. Asperiores quo similique totam consequatur rem ullam ducimus. Accusamus quibusdam sit quas in sunt ipsa.','1980-11-02 21:29:39'),
('413','683','683','413','13','Corrupti facilis dicta quos molestiae rerum. Ut eius non aliquam vel et voluptatum est ex. Tenetur alias nisi ipsum consequatur voluptas voluptas eveniet.','1998-12-25 06:36:35'),
('414','684','684','414','14','Rerum eius et repudiandae tempora minus quisquam. Veritatis sequi ut dolores id magni distinctio.','1971-03-09 23:37:25'),
('415','685','685','415','15','Magni voluptatem quia omnis ut veniam et. Ratione enim nihil similique repudiandae sunt saepe et. Omnis provident et aut quo ut exercitationem. Numquam rerum quisquam eaque ut ut. Numquam cumque sapiente atque laboriosam repudiandae autem enim.','2009-10-12 07:16:00'),
('416','686','686','416','16','Tenetur voluptatem nobis omnis iste dolores dignissimos a explicabo. Reiciendis architecto consequuntur dicta quia eum. Ut fugiat laudantium eveniet ducimus non.','2006-06-21 10:01:35'),
('417','690','690','417','17','Quia et fuga consectetur nihil voluptas non corrupti. Assumenda amet sed similique molestiae. Cum odio laborum ut quisquam.','2004-12-28 03:04:51'),
('418','691','691','418','18','Vel dolorum unde in et vel ad et. Iure est impedit aperiam occaecati non facilis. Nesciunt corrupti ipsa officiis dolore optio.','2013-03-01 19:23:14'),
('419','692','692','419','19','Accusamus sunt ad minus nemo nulla autem itaque. Sequi enim fugiat qui doloremque soluta aut perferendis modi. Suscipit architecto omnis et. Rerum mollitia excepturi consequuntur ullam.','2019-09-22 16:38:58'),
('420','693','693','420','20','Sunt cum ut in amet nisi molestiae aut. Adipisci doloribus pariatur dolor. Quidem aperiam magni rerum quia. Et est unde quibusdam cumque reiciendis omnis.','1978-08-17 20:31:47'),
('421','694','694','421','21','Molestiae nobis ut et itaque voluptas quaerat neque. Modi possimus aut enim tempora.','1972-12-09 00:13:33'),
('422','697','697','422','22','Quibusdam omnis saepe assumenda magni sit consequatur accusamus. Id tempora incidunt laudantium voluptatem. Nostrum quae et aut voluptatum. Illo in in culpa eveniet quasi.','1970-03-31 02:46:43'),
('423','700','700','423','23','Et rerum voluptas voluptatum aperiam odit mollitia non neque. Ut accusamus ipsam qui eaque autem rerum sit. Recusandae corporis nisi similique voluptates eos quibusdam voluptates. Veritatis incidunt velit sequi dolorem.','1996-11-01 22:03:30'),
('424','701','701','424','24','Fugiat non fugit molestiae eum totam non. Consequatur aspernatur consequatur tempora aut sed. A cupiditate aperiam veniam et. Aut cupiditate aut voluptatem facere.','1977-03-22 22:36:12'),
('425','702','702','425','25','Consequatur impedit occaecati aut cumque consequatur eaque aut distinctio. Autem voluptates molestiae repudiandae esse. Suscipit rerum et sed ex. Velit ipsa corporis culpa veritatis amet.','2005-01-28 05:40:58'),
('426','703','703','426','26','Esse ipsa voluptas sunt amet. Non non quos est accusantium magni tempore aut sit.','2006-11-26 08:40:19'),
('427','704','704','427','27','Iste nesciunt saepe sint. Dignissimos porro quaerat sed impedit dicta corporis voluptatem adipisci. Et qui amet nihil. Nihil est enim reprehenderit omnis incidunt optio.','1997-03-08 08:16:56'),
('428','707','707','428','28','Minus ipsam sed quidem soluta cumque. Molestiae hic et voluptatem unde. Ut deleniti perferendis et autem voluptas sed. Saepe voluptas aut pariatur ratione reprehenderit. Ab inventore molestiae voluptatem enim repellat ex molestiae.','1985-01-11 16:49:03'),
('429','709','709','429','29','Recusandae occaecati aliquid temporibus. Libero rerum dolorem rerum quos impedit. Est a ut autem dignissimos dolores. Doloremque et vel incidunt.','1973-06-15 21:23:47'),
('430','712','712','430','30','Distinctio ratione omnis aut iure. Aliquid quia omnis sit explicabo sit. Fuga est qui fuga eveniet nihil iure et.','2004-03-21 10:51:36'),
('431','713','713','431','31','Fugit beatae sed officia autem inventore. Earum a sed modi maxime aperiam atque. Nisi doloribus nihil quis deleniti qui. Et molestias rerum aut ut.','1971-11-18 18:17:41'),
('432','718','718','432','32','Et corrupti molestias corrupti ullam. Assumenda deserunt reiciendis repellat voluptatem quis nisi. Ad molestias magnam corrupti laudantium porro vel.','1984-01-20 09:02:33'),
('433','719','719','433','33','Consequatur occaecati sint repellat qui quod in ea. Non explicabo sit et autem veniam similique voluptatum est. Accusamus dolores sapiente dolorem.','1979-12-26 10:41:06'),
('434','720','720','434','34','Omnis voluptatibus deserunt distinctio doloribus est ex. Voluptas nisi dolor natus est iusto et quis. Consequatur tempore dolores recusandae est magnam.','1981-01-09 07:03:23'),
('435','721','721','435','35','Hic accusamus expedita et repellendus sit. Consectetur ut nemo enim accusantium reiciendis. Deleniti recusandae nemo id qui saepe. Dolores tempore ducimus accusantium quos odit aut.','1995-01-13 01:12:15'),
('436','722','722','436','36','Perspiciatis velit et mollitia quasi. Sit sit autem reiciendis qui eligendi similique culpa sed. Quis qui aut aut neque occaecati amet tempore.','2006-07-04 08:18:37'),
('437','723','723','437','37','Aut velit a sit occaecati mollitia dolor et. Optio optio numquam perspiciatis magnam saepe.','1979-04-04 23:27:17'),
('438','725','725','438','38','Omnis doloremque nulla ipsam qui ipsum labore. Voluptatem magni delectus ab consequatur. Aut qui similique quasi fuga aspernatur earum.','1972-06-18 06:11:32'),
('439','727','727','439','39','Dignissimos voluptate placeat corrupti quia repellat sunt. Quia voluptatem tenetur et. Iste praesentium quae qui quibusdam et iste incidunt porro.','2006-03-24 18:54:30'),
('440','729','729','440','40','Unde aut laudantium quam assumenda. Dolorum sequi omnis facilis sed sunt et dolorum. Aut enim eveniet ab qui tempore consequuntur. Sapiente dolorem distinctio quisquam sit. Enim hic illo et impedit labore harum.','2015-04-22 23:38:05'),
('441','731','731','441','41','Atque eos sint nihil architecto. Omnis nobis vero eos reiciendis maxime.','2000-05-18 12:38:20'),
('442','732','732','442','42','Ut aut officiis explicabo laboriosam autem nam. Consectetur pariatur tempore aliquid vitae fugit autem quod. Nam reiciendis animi consequatur.','1989-05-16 12:02:53'),
('443','733','733','443','43','Suscipit quisquam sit porro alias est nam et fuga. Quibusdam labore cupiditate cumque. Esse vel explicabo non magni cupiditate. Deleniti blanditiis assumenda nobis minus alias.','2005-03-04 05:59:15'),
('444','737','737','444','44','Explicabo nemo odio et qui possimus. Aut quos accusantium voluptates beatae. Voluptas aut amet deserunt est.','1991-01-21 20:50:58'),
('445','738','738','445','45','Quasi ut ut assumenda illo molestiae dicta distinctio. Fugiat maiores molestias omnis.','2017-03-26 07:26:27'),
('446','740','740','446','46','Vel ut voluptas corrupti et consequuntur asperiores deserunt. Modi possimus sed quo sed magni asperiores labore id. Et quas facere at ipsum dolorum.','1992-09-13 04:12:30'),
('447','742','742','447','47','Vel rerum rem dolor est unde modi. Maxime quasi a ut neque magni. Culpa animi et voluptas omnis quas. Et adipisci dolore soluta molestiae.','1974-11-05 01:12:11'),
('448','745','745','448','48','Rerum reprehenderit pariatur officiis corporis modi. Sit quam omnis laboriosam tempora. Quia eum id et et.','2012-07-23 11:23:49'),
('449','746','746','449','49','Incidunt omnis facilis et qui. Mollitia tempora magni est maxime. Rem aliquid laudantium praesentium aperiam corporis quasi.','1995-11-24 08:03:05'),
('450','747','747','450','50','Sapiente nostrum est qui. Quo fugiat provident accusantium saepe vero. Reiciendis temporibus delectus omnis voluptatem.','2008-04-23 10:14:37'),
('451','749','749','451','51','Illum et numquam a quae mollitia aut. Natus laudantium consequuntur vel molestiae quia consequatur iure et. Quia provident consequuntur dignissimos totam quasi perspiciatis ipsa.','2013-04-12 08:12:23'),
('452','750','750','452','52','Quos ut quas laudantium autem explicabo. Rerum ad fuga nemo fugit natus eos. Quidem provident voluptas reiciendis ea. Aliquid voluptas exercitationem culpa laudantium et similique.','2014-08-21 22:39:41'),
('453','751','751','453','53','Illum veritatis laudantium sed id dolore nobis. Atque qui modi eos sint. Est laudantium nam quibusdam delectus et.','2005-03-21 17:36:28'),
('454','752','752','454','54','Ab pariatur quibusdam voluptas eum magni voluptas. Est eum quia totam corporis et voluptatem temporibus. Quo perspiciatis in exercitationem quia earum est voluptatem. Suscipit saepe quod et maxime et qui rem eum.','2017-11-20 23:53:34'),
('455','753','753','455','55','Ullam dolorem facere ut harum nemo. Aperiam vel in harum rerum expedita sit. Sed sint sunt nisi odio.','2011-09-08 07:10:43'),
('456','757','757','456','56','Dolor libero ipsa omnis dolor. Numquam dolores laborum molestias aut. Rerum illum corrupti odit. Cupiditate exercitationem earum est laudantium temporibus voluptatem quas unde.','2005-03-08 00:30:20'),
('457','758','758','457','57','Eos autem ut esse reiciendis nam inventore ipsum. Quo distinctio id tenetur eaque qui minus. Repudiandae dicta fuga est voluptatem architecto. Hic dolorum sit eveniet quibusdam distinctio voluptatibus.','2003-04-09 19:50:44'),
('458','759','759','458','58','Accusantium et in odio sed nulla. Ipsum voluptas aut dolor est inventore voluptatem omnis. Magnam nulla ipsam impedit earum eum reprehenderit dolores.','2008-08-18 00:53:54'),
('459','760','760','459','59','Ipsum adipisci quis modi quia natus. Praesentium tempore iure et doloribus. Voluptatem explicabo qui consequuntur aperiam id. Earum ducimus debitis qui.','2017-01-04 09:06:07'),
('460','761','761','460','60','Porro corrupti a minus. Voluptatem accusantium ad nesciunt dolorem optio error et. Minima perspiciatis culpa modi assumenda ut magnam. Eius cumque consectetur laborum est inventore. Nemo dolorum et dolor sunt ut.','1976-01-12 21:14:34'),
('461','762','762','461','61','Iste est et hic amet ea. Id dolor ducimus tempora possimus. Optio quia sint enim corrupti iusto.','1988-01-30 12:53:32'),
('462','763','763','462','62','Amet quia voluptate illo aliquid. Et itaque ut occaecati quis repellendus voluptatem. Totam nulla ut sed consequatur dolores id.','2004-06-02 19:55:32'),
('463','765','765','463','63','Accusantium sit suscipit magni molestiae rem odit molestiae. Id cum aspernatur id aut quas sit. A sit maxime ipsum qui.','2003-04-22 02:59:06'),
('464','767','767','464','64','Officia quae quae sit. Veniam labore provident non. Saepe consequatur velit impedit.','1999-03-18 02:40:28'),
('465','768','768','465','65','Ut praesentium doloremque voluptates ea. Ab minus pariatur dignissimos in. Qui vero sunt explicabo assumenda sed voluptates.','2008-10-05 18:46:08'),
('466','769','769','466','66','Vel excepturi in ut nostrum. Molestias quia distinctio reiciendis aut. Quia sint iusto voluptas. Eos et et voluptatem possimus.','1993-03-23 08:02:25'),
('467','771','771','467','67','Assumenda quia reiciendis magni vel quo aut aut tenetur. Laudantium nam qui eaque harum sed.','2019-09-01 15:21:29'),
('468','772','772','468','68','Voluptatem corrupti accusamus rerum minus amet libero autem. Quo sint fugiat est repellendus minus vel unde. Quisquam sint voluptatem suscipit excepturi quaerat est aut.','2015-04-15 15:01:13'),
('469','773','773','469','69','Rerum non soluta inventore ab perspiciatis dolore velit ab. Blanditiis odit aut qui ut exercitationem beatae ut similique. Dolores itaque quis dolorem doloribus nam. Nisi delectus dolores fugit nam quidem reprehenderit amet.','1998-12-18 18:08:46'),
('470','776','776','470','70','Cupiditate ipsam accusantium dolorem. Voluptas nihil quisquam in at laboriosam nobis esse. Iste omnis sit veniam earum.','1999-07-19 05:17:24'),
('471','777','777','471','71','Est animi adipisci labore inventore fugit. Doloremque in sunt illum quis in laborum aut. Quidem sunt enim quia qui voluptates vel.','2008-06-04 13:43:44'),
('472','778','778','472','72','Est soluta provident et nulla in quam. Eos sunt sit iure consequuntur ipsa odio. Error porro saepe laudantium autem. Nam quod quos placeat est fugit quis facilis libero.','2013-12-14 10:43:24'),
('473','781','781','473','73','Fugit sed eum perferendis aliquid dicta pariatur id. Doloremque quis qui odio.','1977-09-14 08:25:18'),
('474','782','782','474','74','Sint sint voluptate delectus voluptatem animi numquam repudiandae in. Nostrum modi fugit perferendis quibusdam doloribus est asperiores laudantium. Nobis id consectetur dolores aut explicabo est deleniti recusandae. Inventore est omnis alias reiciendis molestiae rerum officia.','1971-06-10 12:57:07'),
('475','784','784','475','75','Sapiente tenetur quibusdam quia fugit. Quasi rerum temporibus fugiat beatae. Perspiciatis qui iusto esse rem accusamus consequatur perspiciatis. Alias velit sit deserunt id.','2011-09-28 16:58:09'),
('476','785','785','476','76','Maiores qui necessitatibus quia non. Eum odio laborum sequi dicta officia tenetur. Ea aspernatur voluptatibus optio porro sint et expedita.','1976-04-19 15:58:24'),
('477','786','786','477','77','Maiores quam sit cupiditate quo error. Occaecati quidem eum reiciendis deserunt ea dolorum. Est tempore tenetur ut id dolor veniam. Dignissimos nostrum at omnis.','1992-09-24 18:55:47'),
('478','787','787','478','78','Dolor vel earum quod provident est non fugit. Dolorem cupiditate hic vel dolor libero. Incidunt qui provident maxime deleniti.','2007-09-05 15:09:29'),
('479','788','788','479','79','Et ducimus est soluta autem ratione quam. Perspiciatis quidem ad ea qui harum et.','2002-04-18 10:32:14'),
('480','790','790','480','80','Quos dolor illum veritatis ratione. Ipsam molestiae dolorem eos velit similique a cum. Voluptatem eum quia voluptatem quaerat dolorem molestiae id. Amet qui nihil vero sed ab ratione. Corrupti non id molestiae.','2016-10-04 02:54:01'),
('481','791','791','481','81','Et impedit debitis esse ea est labore itaque. Eos delectus vel magnam minus architecto cum. Veniam ullam sit est id voluptas. Maxime iure delectus fuga eveniet voluptatem.','1971-12-12 00:00:05'),
('482','792','792','482','82','Molestiae a eum et nesciunt tempore quis molestias quisquam. Eius autem possimus quia molestiae sapiente suscipit. Id dignissimos quae ea quas. Harum exercitationem et enim rerum quisquam in distinctio corrupti.','1977-04-22 09:39:44'),
('483','795','795','483','83','Consequuntur atque incidunt omnis ut. Qui alias exercitationem voluptatem enim fugit eveniet. Maxime placeat eum aspernatur asperiores odit magnam inventore.','2013-11-07 22:28:13'),
('484','796','796','484','84','Nostrum excepturi porro sint rem enim ducimus provident porro. Repudiandae voluptatem eum et rerum voluptate. Distinctio laborum quis nemo aperiam. Maxime ut veritatis molestias ad quibusdam ipsa incidunt.','1999-03-14 18:05:52'),
('485','797','797','485','85','Quo libero temporibus ut deserunt. Ipsam ad fuga facilis ipsum ex at. Et repellat quod quod atque quis.','1975-12-21 04:50:12'),
('486','798','798','486','86','Repudiandae voluptates ea tenetur quis cum. Nobis molestiae ipsam modi et laboriosam.','1993-04-19 06:59:56'),
('487','799','799','487','87','Iste quam rem molestias a autem veritatis tempora amet. Qui porro rerum tempora cupiditate velit laborum. Aut consequatur quibusdam totam consequatur in dolorem dolores.','2002-08-23 02:08:04'),
('488','800','800','488','88','Accusantium laboriosam soluta rerum adipisci qui. Enim omnis ut maiores. Ut perspiciatis eaque non porro est ipsa. Ullam consequuntur occaecati sequi deserunt omnis quas.','2003-07-24 04:19:04'),
('489','803','803','489','89','Voluptatem unde aut ea omnis esse possimus est. Vel voluptas eum qui tenetur ipsa qui. Beatae saepe sed itaque autem quia. Consequatur autem asperiores libero quis consequatur. Animi voluptas commodi vero ut.','1989-05-17 09:43:46'),
('490','805','805','490','90','Reiciendis delectus quas hic maiores. Voluptatibus et est corrupti amet. Dolorem doloribus illum deleniti sint animi dolorem. Doloribus aut saepe sunt minima dolorem ut nihil.','1998-05-06 06:46:21'),
('491','806','806','491','91','Sit temporibus saepe impedit enim ipsam. Omnis aliquid commodi qui quaerat vel. Repudiandae tempore mollitia tempore adipisci quod cumque qui et. Quidem cupiditate eos sit aspernatur est.','2011-02-16 22:32:39'),
('492','807','807','492','92','Fugit et ut eos culpa accusantium aut libero. Est fuga illum asperiores sequi odit. Accusamus impedit voluptatem aspernatur soluta vitae nulla sed distinctio. Quam fuga qui blanditiis error. Voluptatem voluptate quae nam voluptas sit earum.','1979-09-05 15:04:47'),
('493','808','808','493','93','Doloremque neque ducimus perspiciatis sit placeat fugiat qui. Deserunt hic eaque velit enim provident aut quasi. Beatae in aut est.','1975-12-18 16:32:33'),
('494','811','811','494','94','A voluptas accusamus iusto optio et. Iure rem quia cumque. Recusandae qui fuga optio doloribus. Porro hic in et.','1994-02-19 15:13:14'),
('495','815','815','495','95','Ut rerum ipsa eius cumque consequatur iste. Minima facere eos vel corrupti. Nesciunt et quo aperiam officia officiis. Dignissimos distinctio accusamus deserunt consequuntur excepturi rerum adipisci.','2009-01-17 22:47:37'),
('496','816','816','496','96','Corporis voluptatem possimus tempora magni. Sunt rem adipisci sit. Quibusdam illum rerum quibusdam dolores.','1993-05-15 20:03:08'),
('497','818','818','497','97','Et itaque rem et fugiat. Nobis et eius odio nemo incidunt optio qui. Qui itaque iure ab voluptatem accusamus accusamus.','1996-02-15 21:23:22'),
('498','819','819','498','98','Aspernatur soluta asperiores possimus. Voluptates illo autem dolore aliquid sunt. Et maiores excepturi praesentium ducimus quaerat non enim.','2014-03-30 19:47:03'),
('499','820','820','499','99','Dolores aperiam asperiores minima qui amet ducimus. Voluptatibus aliquid error aut vitae quo suscipit nostrum. Dolore placeat at et quia quo.','1991-09-27 15:52:46'),
('500','821','821','500','100','Voluptate molestias ut vel quas deserunt modi. Eius enim repudiandae rerum a. Et voluptatibus tempore odio laudantium atque magnam.','2002-12-17 17:33:59'),
('501','822','822','1','101','Et id possimus dolorum in. Recusandae autem expedita perspiciatis libero nisi inventore. Autem inventore eligendi quos.','2015-01-13 01:53:48'),
('502','823','823','2','102','Delectus qui nostrum officiis et impedit. Consequatur saepe veniam quam voluptate consequatur placeat doloremque. Ullam quasi ad dolores. Itaque mollitia dolorem voluptas commodi inventore deserunt quod maxime.','1971-09-24 00:30:53'),
('503','828','828','3','103','Et quisquam pariatur quia numquam dignissimos sed quia. Numquam sit dolorem ratione libero. Nam inventore incidunt maxime commodi maxime hic.','2017-01-25 09:00:16'),
('504','829','829','4','104','Molestiae dolor accusamus sunt beatae non nemo vero. Aut alias incidunt cumque ipsam commodi. Beatae quo consectetur voluptatem consequuntur. Ducimus atque esse veritatis non consequatur neque.','2002-08-30 10:32:48'),
('505','831','831','5','105','Quaerat rerum praesentium rerum. Quisquam natus ea minima et. Voluptas accusantium odio modi sed ut temporibus.','1971-06-01 16:29:57'),
('506','832','832','6','106','Qui qui ut debitis id ut. Non distinctio nesciunt consectetur quos non nihil. Voluptatem voluptatem magnam eveniet omnis inventore assumenda ut.','2000-08-20 11:41:42'),
('507','833','833','7','107','Est omnis autem aliquid vero sequi tenetur minima. Aut impedit voluptas ut rerum et voluptatum aut. Deleniti eum voluptatibus necessitatibus ut nisi.','1977-04-11 02:43:07'),
('508','836','836','8','108','Voluptatem rerum laboriosam consequuntur tempora temporibus. Cum similique architecto dolor.','1988-06-29 01:53:16'),
('509','842','842','9','109','Enim iusto sunt labore facere nesciunt nisi ipsam. Deserunt consequuntur similique ad aut iste ea tenetur. Sint quos exercitationem nihil quia est possimus explicabo in. Sed officiis voluptatum consequatur sed blanditiis qui. Nam adipisci nisi at eum dolor dolores.','1977-10-12 22:45:39'),
('510','844','844','10','110','Praesentium eum laudantium suscipit vel. Facilis tempora quos aut voluptates nisi. Numquam odit aut dolor veritatis expedita. Doloremque in ex ut. Quas reiciendis sit illum voluptas dolores esse necessitatibus.','1983-10-15 11:20:18'),
('511','845','845','11','111','Sunt rerum iure deleniti quibusdam. Velit est qui hic eaque. Et labore sit voluptatum debitis et.','1991-01-03 08:31:57'),
('512','846','846','12','112','Omnis et qui in accusantium et doloribus. Provident et reiciendis labore aperiam autem. Aut praesentium eos totam fugit accusamus officiis quos. Perspiciatis ipsa ipsam omnis dignissimos exercitationem.','1987-05-13 02:16:46'),
('513','848','848','13','113','Ipsa temporibus quam nihil ullam. Nisi fugiat omnis incidunt et ab. Omnis est neque nihil ut quis. Quisquam ipsum veritatis voluptatem molestias debitis quas.','1979-03-09 06:04:58'),
('514','849','849','14','114','Dolorem sequi voluptatem sit nihil autem. Non animi excepturi officiis similique doloremque.','2006-02-19 21:49:02'),
('515','850','850','15','115','Omnis fugit magnam accusantium officia qui cupiditate. Molestiae eum molestiae modi accusamus voluptatibus minus. Dolorem enim sed sit iure est neque est.','2009-07-17 14:42:36'),
('516','851','851','16','116','Est exercitationem ab sint qui voluptatem fugiat. Quidem nisi quidem nobis rem voluptatem et. Sunt et laboriosam qui.','1980-09-23 04:16:39'),
('517','857','857','17','117','Dicta non amet dolorem vitae aut. Similique minima ipsa eius quia cum.','2006-05-11 08:28:04'),
('518','859','859','18','118','Voluptates repudiandae ut quibusdam libero dolorem saepe qui ut. Vitae iusto excepturi dolores non. Quod sunt et voluptates ullam qui autem voluptate. Aut nihil aspernatur voluptatum mollitia non assumenda repellat. Ea rerum corrupti dolor quibusdam sunt enim.','1971-03-10 01:30:51'),
('519','860','860','19','119','Illo recusandae et maxime excepturi eum molestiae ullam. Rerum recusandae inventore dignissimos id. Sunt hic dolores illo accusamus non illo. Omnis voluptatem est quisquam sapiente.','1995-03-24 16:57:44'),
('520','861','861','20','120','Hic alias impedit aliquid quisquam. Aut sunt voluptatum nulla. Iure quos doloribus expedita dolorem rerum.','2017-01-19 05:10:21'),
('521','862','862','21','121','Officiis in dolor molestias et excepturi vel. Ab deserunt neque repellat porro voluptatem neque iste. Saepe totam assumenda non.','1991-05-31 00:30:03'),
('522','863','863','22','122','Sunt qui quibusdam tenetur minus modi. Quia expedita dolor neque et et. Quas sint molestiae accusamus rerum sit.','1998-04-01 12:04:42'),
('523','864','864','23','123','Non repudiandae aliquid fugiat et et. Vitae est temporibus reiciendis fugiat. Quia voluptatibus voluptas cum. Aut voluptatem et consectetur.','1970-09-19 06:47:10'),
('524','869','869','24','124','Quas numquam aut dolorum illum eum sit. Tempora earum id perferendis quod vitae laborum. Asperiores nostrum odit consequatur officiis non dolores.','1982-11-29 14:09:04'),
('525','870','870','25','125','Quia eos quidem sed vel qui voluptatem. Doloribus explicabo culpa repellat ad consequatur et est iusto. Consequatur facilis expedita vel accusamus. Quia rerum repellendus harum possimus dignissimos quaerat laboriosam.','1983-08-13 00:38:16'),
('526','871','871','26','126','Exercitationem et ipsam dolores natus aut accusantium recusandae. Ad dolor alias a doloremque modi earum consequatur excepturi. Culpa libero voluptas officiis eum sequi vero.','1973-09-27 09:11:34'),
('527','872','872','27','127','Eligendi quae aut deserunt enim. Natus expedita atque doloremque aperiam in pariatur ea voluptas. Voluptatem est qui id eveniet ut. Temporibus impedit culpa cumque molestiae numquam. Sit rerum id dignissimos soluta et enim.','2006-03-16 23:35:55'),
('528','876','876','28','128','Ut iure consequuntur aut non aperiam quia ad et. Esse tempora accusantium quia culpa accusamus aut. Iste architecto et enim qui saepe. Molestias voluptate omnis doloribus qui aut fugit.','2013-12-18 15:49:48'),
('529','877','877','29','129','Qui sit architecto assumenda deserunt dicta cumque ut. Omnis aut voluptatem est dolorum blanditiis. Rerum quibusdam eos eligendi pariatur laudantium velit. Expedita fugiat architecto expedita nemo et eveniet.','1984-04-22 10:55:21'),
('530','883','883','30','130','Ut quod placeat voluptatibus dolor voluptatibus et. Labore quisquam tempore non repudiandae unde beatae aliquid. Ut fugit occaecati porro qui architecto.','1994-12-02 16:40:30'),
('531','885','885','31','131','Quia expedita maiores atque. Autem enim animi dignissimos incidunt voluptatibus doloremque in aperiam. Quos corporis mollitia officiis mollitia iure nisi ad.','1994-01-27 05:21:23'),
('532','887','887','32','132','Et vitae id ea aut. Sunt doloribus animi sed qui consequuntur. In consequatur molestiae eveniet similique voluptatum tempora deleniti.','1997-12-07 15:28:05'),
('533','888','888','33','133','Exercitationem repellat architecto et quaerat consequatur. Eum eum nesciunt nihil aperiam. Recusandae sed enim accusamus provident. Impedit voluptatem temporibus id tempore non quod.','2003-11-29 22:14:57'),
('534','889','889','34','134','Dicta mollitia quos ea sed molestias. A adipisci aspernatur labore ex. Officiis nisi et dolore minus. Dicta deleniti dolorem totam ut accusantium quia doloribus. Commodi alias eaque voluptatem sed et animi.','1978-08-31 14:05:13'),
('535','891','891','35','135','Impedit sapiente exercitationem facilis necessitatibus minus sed. Placeat sint soluta magni nisi. Iste ducimus qui voluptas qui vel reprehenderit delectus blanditiis.','1972-03-25 22:33:53'),
('536','892','892','36','136','Qui veniam iusto rerum quis. Ut ut sunt beatae. A quia in dolorem quia quaerat quis libero. Modi numquam qui vero voluptas.','1985-04-20 11:36:49'),
('537','893','893','37','137','Dolorum sequi ex in quia non dolor. Doloremque est a velit minima. Dolore odio ut reiciendis non cupiditate veniam facilis expedita. Iste facilis atque ipsum doloribus ipsa delectus nulla fuga.','2007-06-03 03:52:27'),
('538','895','895','38','138','Fugiat ut nihil libero beatae. Ut dolore vero non nostrum. Aut qui cupiditate soluta culpa nihil. Velit quaerat recusandae nobis officia eaque.','2007-09-15 10:04:59'),
('539','901','901','39','139','Impedit necessitatibus voluptas accusantium aperiam. Nulla et molestias quae. Omnis beatae labore ut ratione voluptatem sed id soluta.','1980-05-17 12:38:51'),
('540','902','902','40','140','Sunt non dolorum possimus nostrum pariatur dignissimos nihil hic. Aut qui ut maiores nesciunt rerum quasi aut molestiae.','1991-01-21 22:16:22'),
('541','903','903','41','141','Quis pariatur voluptatum dolore iure non expedita. Suscipit soluta odio occaecati aperiam eum dolor at itaque. Itaque qui exercitationem autem cupiditate est neque. Dolore sint vel ut corrupti esse numquam. Qui perferendis nam qui itaque maxime omnis ut.','1990-05-28 11:15:42'),
('542','905','905','42','142','At eos aut deleniti facilis harum. Qui quidem et quo qui laudantium tempore sit. Voluptatem voluptatem facere expedita aut assumenda. Doloribus ullam enim porro voluptatibus.','2013-03-07 15:23:44'),
('543','906','906','43','143','At aspernatur quaerat nam delectus quidem vel. Adipisci qui eum ad dolores atque provident. Et ut repellendus sed consectetur sint.','1994-09-11 04:52:25'),
('544','909','909','44','144','Atque suscipit placeat a dolores maxime iste doloribus. Corporis corrupti praesentium qui. Beatae cum sed tempora maiores itaque cupiditate perferendis. Consequuntur odio numquam sed modi omnis. Dolorum vitae sit sit autem nam deserunt.','2000-08-20 13:53:45'),
('545','910','910','45','145','Modi veniam ducimus neque vitae provident expedita et. Sint id rerum molestiae qui illum esse. Magnam quod voluptas officiis eum.','2016-01-25 07:55:15'),
('546','911','911','46','146','Eius in voluptatem at dolorem et excepturi maxime. Recusandae dolores et eligendi quod in id dignissimos.','1976-03-23 00:30:25'),
('547','912','912','47','147','Quisquam eligendi est architecto iure illum ratione provident deserunt. Error odit quis sed omnis.','2018-01-30 12:41:58'),
('548','913','913','48','148','Ullam aut deserunt error accusamus voluptatem voluptatum dolor. Magnam cum repellendus ab dicta. Numquam earum consectetur aut quidem temporibus praesentium libero. Atque assumenda ex placeat cumque ab at et et.','2006-10-27 08:03:35'),
('549','914','914','49','149','Error et et dolores ut porro sint explicabo sit. Dolorem repellat odio earum praesentium deleniti facere iste. Aut voluptatibus qui voluptate rerum aspernatur veritatis.','1979-08-11 08:53:13'),
('550','915','915','50','150','Iure eius occaecati quod omnis adipisci et quibusdam. Omnis provident beatae dolorem reiciendis harum.','2016-11-12 07:49:57'),
('551','917','917','51','151','Aliquid officiis quod doloribus debitis vel. Dolorem modi quo excepturi aut alias.','2014-10-17 17:10:51'),
('552','918','918','52','152','Optio harum eos alias quod. In ad consequatur ipsam consequatur similique laborum voluptatem. Ducimus blanditiis nostrum dolor aut molestias ut soluta placeat. Exercitationem et atque aspernatur enim. Quod officiis corporis quo illum dolores dolores repellat est.','1993-05-03 07:03:42'),
('553','919','919','53','153','Rerum rerum enim dolore voluptate nisi perspiciatis. Unde mollitia quas quia eos voluptatem. Cumque minima unde molestias consequatur aut. Id animi blanditiis quas excepturi ab mollitia.','2019-01-31 03:12:49'),
('554','920','920','54','154','Cupiditate nostrum necessitatibus ullam doloremque tenetur voluptate cumque. Sunt tempore aut autem voluptates enim. Rerum atque iure et beatae est et. Voluptatem cumque accusantium eos soluta adipisci nostrum adipisci.','2005-03-05 09:41:26'),
('555','921','921','55','155','Aut earum et illo eum qui. Omnis deserunt ut illo labore. Veritatis rem inventore id rem. Voluptatem vero quia ratione corporis.','1996-02-18 08:55:07'),
('556','923','923','56','156','Dolor veniam explicabo sapiente. Voluptatem assumenda non id est. In quibusdam voluptatem fugiat praesentium. Nihil perspiciatis et doloremque necessitatibus provident.','2008-10-07 19:47:53'),
('557','924','924','57','157','Accusamus libero aut sint tenetur quis. Consequatur illum nulla dicta ab rerum incidunt. Incidunt exercitationem corrupti consectetur expedita quia ipsam.','2016-04-23 02:31:50'),
('558','925','925','58','158','Ea iusto eum et veniam amet voluptatem. Aliquam consectetur inventore quidem quibusdam quas esse unde id. Maxime eos est laudantium facere qui rerum. Aperiam commodi qui ipsam ut.','1970-02-06 04:52:58'),
('559','926','926','59','159','Quae itaque et iste optio aliquam. Eos voluptas voluptatem eius aut cum sunt. Ipsam ea optio quisquam assumenda corrupti ut possimus.','2003-06-07 12:19:08'),
('560','929','929','60','160','Occaecati sint est ut modi maiores esse. Expedita harum ratione non consequatur. Odit saepe doloribus error doloremque quibusdam et. Nihil facere sunt id perferendis hic velit qui.','1975-11-16 11:50:38'),
('561','930','930','61','161','Nesciunt ipsum ut unde expedita omnis aspernatur. Quia expedita et illo nisi cupiditate.','2013-09-26 10:49:55'),
('562','931','931','62','162','Omnis et iusto consequatur sunt tempore eligendi dicta. Eaque dolor veniam laboriosam qui. Laudantium at nihil quia dolores adipisci reiciendis.','1976-03-28 22:36:40'),
('563','932','932','63','163','Consequatur eum iusto voluptatum ut et quidem voluptas. Delectus repellendus qui et iure consequuntur sit. Consequatur rerum doloribus minima est rerum voluptatibus. Rerum vitae non qui qui natus.','2020-01-07 21:17:41'),
('564','933','933','64','164','Qui facere ad illum et totam aut molestias. Id atque odit dolore ab culpa. Ut tempore nesciunt voluptatibus enim distinctio et. Praesentium quia qui repellat illo.','1983-08-22 23:48:23'),
('565','936','936','65','165','Distinctio amet nostrum fuga. Esse fugiat illum eligendi mollitia quasi nihil. Illum praesentium quod perspiciatis accusamus beatae blanditiis quo molestiae. Sit perspiciatis quisquam alias aliquam.','1972-08-07 06:26:10'),
('566','940','940','66','166','Qui omnis cum est id ipsam. Non ea earum veritatis saepe fugit delectus. Optio vitae aliquam saepe voluptatum est nam.','2010-04-25 17:47:50'),
('567','943','943','67','167','Impedit nemo dolorum sunt eos corporis et non. Ab qui architecto vel at. Sed et praesentium fugiat provident adipisci natus dicta. Sit repellat amet consequuntur praesentium id.','1997-03-21 22:55:12'),
('568','944','944','68','168','Veniam rerum corporis voluptas blanditiis quis qui doloremque sed. A vero est at dolorum dolor. Soluta fugiat aut similique deleniti.','2018-12-09 03:46:14'),
('569','945','945','69','169','Eligendi et quibusdam nesciunt laudantium molestiae facere. Nulla in voluptas sunt. Esse tempore ratione tempore eius. Aperiam omnis dicta ut veniam occaecati ipsum reprehenderit.','2000-10-12 02:37:33'),
('570','947','947','70','170','Accusantium earum necessitatibus ut magni quia exercitationem. Culpa veritatis sit ipsa impedit minima similique. Voluptas quam sed voluptas inventore nihil molestiae sint. Rerum praesentium sunt quae eaque corrupti voluptates porro.','2012-06-16 17:41:03'),
('571','948','948','71','171','Unde unde ex illo neque atque iusto. Ea voluptatem nemo tempore aperiam vel placeat aut. Quos neque excepturi vel quod repudiandae voluptatem.','2004-09-09 06:47:16'),
('572','950','950','72','172','Architecto aut odit et dolor impedit dolorum. Dolorum rem ratione ipsa et. Qui labore id et ea consequatur asperiores.','1997-04-04 06:19:32'),
('573','951','951','73','173','Ut ullam numquam quia consectetur aut. Nostrum ad blanditiis voluptates ut.','1985-11-06 22:24:17'),
('574','953','953','74','174','Est explicabo et et sunt fuga. Qui laborum velit et modi quo tempore. Quia velit amet quis iure velit occaecati fugit. Consequuntur recusandae recusandae ullam velit qui enim.','2004-09-17 21:09:39'),
('575','955','955','75','175','Quisquam illo et omnis at sapiente. Dolor ut labore nam dolore ut labore. Tenetur ut et facilis eaque et excepturi.','2015-01-30 00:12:50'),
('576','956','956','76','176','Ipsam quia optio repellat delectus ratione recusandae est. Vitae architecto eum sint suscipit laudantium repellendus. Quia quis ex iure dolor incidunt quo. Asperiores illum necessitatibus sit facilis eos illum quod inventore.','2000-10-28 05:52:41'),
('577','957','957','77','177','Vel enim qui est corporis sapiente eaque. Qui reprehenderit facere libero nesciunt dolores quis voluptatum incidunt. Ea voluptatem autem quidem quo tempora omnis et.','2019-05-11 14:41:04'),
('578','958','958','78','178','Porro amet asperiores voluptas nam placeat illo ea. Sint minima ad nam. Magni iure cum voluptatem exercitationem dolor autem ex.','1976-10-21 16:37:37'),
('579','960','960','79','179','Enim aliquid eum eaque ipsa quo. Repudiandae ut consequuntur consequatur a. Nulla sequi dolor omnis quia. Enim porro quasi quia non iste.','1977-01-11 05:09:12'),
('580','961','961','80','180','Et id recusandae iusto molestiae dolorem. Provident qui nemo eius rerum. Sequi est dolorem qui hic quia aut. Architecto nihil voluptatem ut autem consequatur maiores voluptatum voluptas.','1988-02-01 11:11:58'),
('581','964','964','81','181','Sapiente consequatur ut fugit qui blanditiis. Molestias ea veritatis non corporis in laboriosam. Qui aspernatur dignissimos natus aut aliquid eos harum provident.','1995-08-15 09:21:32'),
('582','965','965','82','182','Tempore architecto culpa sint saepe. Officia quis assumenda sed.','1987-05-02 04:12:40'),
('583','967','967','83','183','Consequatur et aut quisquam iure fuga tempora earum totam. Labore magnam sint esse beatae nesciunt repellendus. Ducimus ut qui modi est aut esse itaque ea. Dicta minus rem expedita odio.','1994-01-19 16:43:58'),
('584','968','968','84','184','Eos sint similique aut iusto libero ad atque autem. Amet explicabo suscipit error inventore et et quidem. Ab nihil nulla impedit laborum repellat sed.','1992-05-29 11:28:25'),
('585','970','970','85','185','Tempora in nulla laborum porro inventore sunt. Nihil deleniti quis saepe nemo consequuntur commodi nobis. In at a quia.','1991-05-25 04:31:18'),
('586','971','971','86','186','Aut nesciunt a consequatur non. Voluptatibus recusandae tempore dolores id. Quasi optio eum aut incidunt omnis. Voluptatem excepturi qui qui labore et perspiciatis nam. Quia at dolorum dolor maxime exercitationem voluptas.','1991-08-09 02:55:07'),
('587','975','975','87','187','Reiciendis quasi excepturi vero neque eaque a inventore dolores. Mollitia provident nesciunt voluptatem iusto autem perspiciatis eos. Est eveniet consequatur animi.','2003-04-04 05:25:05'),
('588','976','976','88','188','Aut nisi rerum officiis minus. Molestiae recusandae quia quia placeat. Repudiandae voluptatem aut quis consequuntur sunt odit. Omnis corrupti repudiandae velit perspiciatis ex ut blanditiis.','1986-06-07 16:16:36'),
('589','977','977','89','189','Porro officia dolor alias perspiciatis culpa ea ratione molestiae. Ratione nostrum in et atque eos et repellendus. Laudantium maxime non est vitae harum modi.','1977-12-24 02:48:55'),
('590','979','979','90','190','Dolor atque ipsam qui error. Explicabo blanditiis dolores sed deserunt natus quo. Est et voluptate rem tempore quis commodi iste. Exercitationem consequatur facere est quia et praesentium est perspiciatis.','1995-02-28 01:11:27'),
('591','980','980','91','191','Debitis et sunt rem architecto est nulla omnis. Id culpa occaecati culpa laboriosam ut rerum. Sunt quod iusto veniam dolor quia et aut.','1970-10-30 16:49:27'),
('592','982','982','92','192','Sequi tempora sequi est. Ut ut facere porro eum eos. Quaerat mollitia aperiam nemo nobis aut. Quia eos doloremque dolor id sed fuga.','1997-12-30 07:42:09'),
('593','983','983','93','193','Aut eos omnis facere. Asperiores magnam atque ducimus veritatis laborum soluta natus. Ea aut laborum vel id voluptatem. Quia inventore consequatur cumque qui.','2015-04-04 01:43:59'),
('594','984','984','94','194','Voluptas suscipit soluta tenetur illo corporis a. In enim aut hic odit. Autem labore in sit. Non sit et veniam a.','2000-02-06 22:33:40'),
('595','985','985','95','195','Et fuga quod quo qui. Deserunt odio ut exercitationem sed iure. Omnis fuga commodi repudiandae ex et voluptates doloribus.','1989-02-24 20:30:34'),
('596','987','987','96','196','Et assumenda reprehenderit velit est iure eveniet. Velit occaecati rerum quia consequuntur est perferendis et. Aut in velit ut sit voluptas. Aspernatur id delectus atque.','1990-04-21 02:04:44'),
('597','988','988','97','197','Culpa facilis quaerat autem commodi et. Dolor ratione sed esse quod. Est quia voluptas dolore repudiandae. Dicta eius molestiae et voluptatem illo cum. Quod quis et accusantium ut ea magni.','2001-05-04 10:01:50'),
('598','989','989','98','198','Magnam nisi est assumenda quidem. Dolore nobis minima sequi maiores quia et. In itaque praesentium cumque maiores et possimus sed non.','2016-11-07 18:50:22'),
('599','990','990','99','199','Est ipsum nesciunt dolorum quaerat ea vel. Eaque sequi minima quae soluta itaque. Ipsam quisquam velit voluptatibus ut ullam dolorem.','1970-03-24 01:35:34'),
('600','991','991','100','200','Tenetur nemo deserunt odio. Atque sed totam est ea. Alias ipsam ad aut magni dolor numquam. Velit vero incidunt veritatis occaecati odit aut ipsam deserunt.','2010-05-27 22:52:53'),
('601','992','992','101','201','Dolor dolores natus dolores aut dolorum et. Eaque et ea odit magnam amet consequatur. Voluptatum esse neque in dignissimos.','2002-02-21 04:24:57'),
('602','994','994','102','202','Libero eveniet doloribus eum vero vero itaque. Quibusdam est fugit est labore quod dolores explicabo. Quo veniam aperiam vel reprehenderit adipisci.','1976-12-11 05:31:33'),
('603','996','996','103','203','Saepe sint eaque a sed in voluptatem aut. Non aliquam praesentium officiis minus sit fugit. In voluptatem ipsa blanditiis error voluptas eveniet eos. Velit hic nisi autem ducimus voluptatem. Eum eaque voluptatum saepe nemo maiores neque eos possimus.','2001-01-10 15:20:09'),
('604','997','997','104','204','Doloribus perspiciatis quas quam est est accusamus dolorem. Iusto est nemo nemo provident iusto aut error non. Aut molestiae eos et temporibus. Non nemo facilis unde debitis cumque.','1994-08-16 04:01:20'),
('605','501','501','105','205','Blanditiis quam voluptas quaerat rerum voluptatibus fugiat quia. Dolore rem delectus totam consequatur provident consequatur officia. Ut suscipit accusamus dolorem excepturi facilis quo excepturi. Velit qui ipsa dolorum. Cumque esse minima sequi in et ducimus assumenda.','1991-01-03 11:52:49'),
('606','502','502','106','206','Maiores et harum atque ea est ab. Enim est est nemo est sint similique. Velit et amet necessitatibus laboriosam voluptatibus. Et omnis veniam distinctio id ipsum sed blanditiis.','2010-11-24 16:55:12'),
('607','503','503','107','207','Beatae et maxime voluptatem fugiat amet. Autem cum nihil aut aperiam et ea cumque. Eum modi et natus. Ipsa adipisci aut delectus minima veritatis voluptates nam.','2008-10-10 22:10:24'),
('608','504','504','108','208','Exercitationem at consequatur reprehenderit sunt. Molestiae placeat voluptatem quibusdam mollitia voluptate consequatur dignissimos quo. Provident dolorem ut quisquam voluptas qui in voluptatibus. Laboriosam ut qui temporibus atque possimus maiores.','1985-11-11 17:27:13'),
('609','505','505','109','209','Cumque tenetur nobis cum error quae. Laboriosam rerum magnam culpa voluptatem. Eveniet doloribus quia iure soluta distinctio.','2002-02-01 01:21:14'),
('610','506','506','110','210','Distinctio ea sint numquam. Voluptates repellat soluta velit maiores consequatur. Autem voluptatem quas rem qui repudiandae.','1990-12-20 02:09:56'),
('611','508','508','111','211','Explicabo beatae aut culpa quae nihil impedit. Provident laudantium a sequi ipsam officiis quia. Sunt perferendis labore fuga excepturi ut.','2009-02-09 07:09:23'),
('612','509','509','112','212','Pariatur rerum placeat consectetur. Omnis et officiis rerum dignissimos. Et et optio sit labore eos ut.','2006-12-30 08:40:13'),
('613','510','510','113','213','Ut vel possimus numquam. Quidem suscipit itaque nobis non quibusdam iste. Voluptates nulla eligendi iste ratione. Quidem labore incidunt molestiae.','2014-11-11 12:55:38'),
('614','512','512','114','214','Et aperiam et minus minus. Commodi error laborum fuga maiores et molestiae aut. Qui rem voluptas est. Voluptatem inventore iste ipsa est sed et quas libero. Perferendis quibusdam omnis hic magni.','1971-08-06 10:10:33'),
('615','517','517','115','215','Sunt quidem eveniet labore sed maiores qui necessitatibus. Rem sequi harum commodi minima quia. Veritatis ratione magnam impedit adipisci qui.','1973-08-07 03:26:02'),
('616','518','518','116','216','Voluptatum dolor sunt velit quibusdam aut. Fuga tempore beatae qui minima consequatur molestiae impedit sed. Qui magni laboriosam occaecati aut.','2015-09-16 03:35:29'),
('617','519','519','117','217','Aut nemo autem velit laudantium optio. Sapiente ut consequatur quisquam temporibus consequatur sit sunt aut. Odio in aut et ea quis adipisci blanditiis assumenda. Dolorem et est esse voluptas et rerum beatae.','1984-12-24 05:32:09'),
('618','520','520','118','218','Voluptas facere distinctio consequatur qui ullam aut. Iusto iure commodi dolorem et ea. Vel debitis est et aut. Ex pariatur in qui qui vitae perferendis.','1997-02-23 10:16:02'),
('619','521','521','119','219','Perferendis in odit dicta veritatis quod nam. Sunt qui quo eum. Minus velit molestiae incidunt. Est qui soluta accusamus quaerat exercitationem.','2019-05-04 19:12:32'),
('620','523','523','120','220','Eius sed ratione voluptatem fugit occaecati non. Sapiente consequatur omnis a omnis quaerat modi ut. Non vitae accusamus ut at dolorem. Quo iure autem quasi non.','2014-09-23 18:45:55'),
('621','524','524','121','221','Ullam aut ipsa et animi eos voluptates architecto. Consequuntur rerum error quae. Natus dolor eius est amet.','1981-04-07 06:48:39'),
('622','525','525','122','222','Et error non est aut et. Consequatur ut dicta tenetur sapiente consequatur. Quod dicta dicta ut.','1991-01-04 05:27:54'),
('623','526','526','123','223','Molestias et sequi aut pariatur asperiores. Nemo facilis excepturi maxime expedita officiis sit. Sequi non vero perferendis a. Illo aut quia fugit. Nobis quia maxime omnis provident dolor.','1985-07-16 10:32:43'),
('624','529','529','124','224','Aliquam voluptates distinctio in. Provident nulla possimus cumque consequatur tempore facere.','1986-11-10 23:49:20'),
('625','530','530','125','225','Quia rerum inventore nesciunt molestiae. Nostrum nesciunt officiis in quis enim cum. Illum consequatur et deserunt voluptas harum. Iure cumque nam est.','1976-04-05 17:31:47'),
('626','531','531','126','226','Molestiae minus facilis ut non a odit. Sed voluptates quis eligendi. Est sapiente veniam nam est.','2003-07-06 19:55:22'),
('627','535','535','127','227','Et non consectetur qui minus. Atque cum nemo hic natus alias in voluptas. Ex ut voluptatem tempore aut molestiae facere qui.','1980-10-31 05:22:20'),
('628','537','537','128','228','Itaque accusantium mollitia reiciendis consequatur. Sit commodi saepe temporibus voluptatem quae. Quas quisquam ut fugiat aut error. Maiores et maiores fugiat dicta nulla et nobis.','2012-05-10 15:38:41'),
('629','538','538','129','229','Aut inventore veniam et. Est vitae molestiae asperiores molestias voluptatem ipsa qui. Aspernatur eligendi reiciendis voluptatibus assumenda ea pariatur. Reprehenderit nemo mollitia at placeat odit officia.','1973-08-15 12:23:42'),
('630','539','539','130','230','Aut illum dolores dolorem fuga ut alias. Rerum debitis quia et molestiae eaque. Non est eos quam aut laboriosam. Sunt qui recusandae dignissimos quisquam.','1992-12-05 00:35:03'),
('631','540','540','131','231','Ipsam nesciunt ratione nostrum eaque possimus. Libero rerum quis sint quidem est deleniti. Quos dolor voluptatem eveniet quas incidunt unde.','1981-12-11 08:07:46'),
('632','541','541','132','232','Dolor consequatur illum sapiente aperiam aspernatur repellendus. Sed enim sed inventore dignissimos voluptatibus cumque ut nisi. Eveniet eius non ratione provident est odio dolore aut. Corporis ullam inventore excepturi voluptatum.','1979-07-25 15:27:40'),
('633','542','542','133','233','Voluptate nam error ratione quisquam expedita temporibus dolor. Laudantium necessitatibus unde est non. Odit ut ipsa architecto officiis.','2002-07-23 15:43:52'),
('634','543','543','134','234','Id est dolor ab explicabo quis. Aut eveniet sed quo tempore sint veritatis. Nihil at eum nemo ut. Similique odit eos in quo. Doloremque exercitationem velit ab quo dolor.','2012-10-24 22:34:04'),
('635','544','544','135','235','At praesentium quidem sed et nam ut maiores. Tempora id perspiciatis dolore nobis nulla aliquam.','1998-01-25 14:49:26'),
('636','545','545','136','236','Excepturi ipsum nihil voluptatem. Nulla qui consequuntur tempore alias nihil magni perferendis. Recusandae nihil et eaque quia accusantium tenetur. Libero voluptates vitae quo in porro.','2003-05-26 05:16:49'),
('637','546','546','137','237','Veritatis quo exercitationem rerum rerum dolor doloremque. Exercitationem debitis doloremque qui maxime adipisci. Iste suscipit illo enim odit nemo. Temporibus necessitatibus possimus et rerum beatae dicta optio magni.','1978-10-22 00:46:44'),
('638','547','547','138','238','Nobis et necessitatibus repellendus laboriosam. Aut officiis eligendi incidunt delectus exercitationem enim. Laudantium sequi enim eveniet voluptas itaque inventore iste provident. Illum quo corrupti sunt inventore ipsa iste omnis.','1981-08-21 08:35:52'),
('639','548','548','139','239','A qui architecto ducimus eum. Optio accusamus aspernatur nam esse accusamus consequatur tempore accusamus. Quos similique eos dolores totam consequatur.','1977-05-02 06:46:14'),
('640','552','552','140','240','Dolorem esse facilis tenetur. Quae non illo assumenda eos quod. Qui rerum veritatis aut ipsam dolore non perferendis.','2015-09-17 18:44:24'),
('641','553','553','141','241','Est eius cumque in pariatur. Est voluptas earum qui qui.','2001-01-21 07:46:41'),
('642','556','556','142','242','Voluptatem amet aut non voluptatem cumque eos. Deleniti repellendus numquam saepe dolores assumenda dignissimos. Quia eos ut dicta voluptas. Itaque consequatur consequatur inventore at quia.','1981-10-10 07:32:37'),
('643','557','557','143','243','Aspernatur et facere sed suscipit ea architecto. Nesciunt omnis ducimus et ea sit. Dignissimos necessitatibus est voluptatem cupiditate. Cumque quos quo illum quasi sit labore voluptatibus.','2006-09-17 15:33:43'),
('644','561','561','144','244','Voluptate sunt quia perspiciatis amet et recusandae explicabo labore. Vel voluptatem rerum id autem ut quae totam. Dolor unde est ad maiores similique placeat architecto neque. Aut omnis quis voluptatum iusto. Tenetur omnis sapiente et facere.','2014-07-15 06:09:15'),
('645','562','562','145','245','Illum accusamus beatae aut saepe rerum ipsa. Est ea et dicta consequatur atque. Ut aliquam illum perspiciatis autem.','2014-08-16 11:05:11'),
('646','564','564','146','246','Quibusdam eum ad velit quasi ea. Est eum sed est qui excepturi fugit. Est quia labore cumque excepturi quas at.','1995-06-05 05:53:09'),
('647','565','565','147','247','Qui ex et voluptatibus doloremque quos cumque. Unde necessitatibus qui excepturi vel id explicabo dolore. Pariatur veniam molestias ut aspernatur corporis et recusandae. Fugit esse temporibus voluptatum exercitationem.','1990-06-20 13:22:12'),
('648','566','566','148','248','Fugit officia incidunt harum ea reprehenderit harum. Beatae sunt cum corporis dolorem velit illo explicabo. Soluta officia cum molestiae accusamus. Error similique et similique qui. Dolor eius aut ut officia quos asperiores.','1990-06-29 20:54:33'),
('649','567','567','149','249','Quisquam ad facere ipsam ratione. Esse ratione iste facere velit aut necessitatibus debitis. Rerum tempore quas ea sit laudantium.','2003-03-10 06:00:30'),
('650','568','568','150','250','Consequatur dolor ducimus laboriosam dolorum occaecati pariatur. Autem similique vel illo. Dicta autem repellendus temporibus. Aut quaerat ut officiis sed delectus.','1987-02-16 23:43:43'),
('651','569','569','151','251','Dolor modi atque tenetur. Enim enim aut recusandae et sit nostrum quod. Ea quia ut vel veritatis. Voluptatem quia ut recusandae veniam. Mollitia nihil dolor ipsam vitae.','1992-03-22 05:08:07'),
('652','571','571','152','252','Libero quae qui magni neque consectetur. Unde et pariatur nihil. Deleniti eum nihil consequatur quam reprehenderit.','2009-05-20 13:19:28'),
('653','572','572','153','253','Architecto autem incidunt ad iusto est. Facilis aliquid voluptates quo eos quo esse qui. Quis voluptas esse doloribus tempore. Repudiandae eum repudiandae molestias sit consequatur blanditiis.','1975-08-16 02:05:39'),
('654','573','573','154','254','Placeat inventore itaque ea ab veniam in eum. Enim quod sequi modi voluptatem. Quaerat deserunt nostrum natus dolor voluptates sunt corrupti.','2013-02-22 15:36:52'),
('655','574','574','155','255','Voluptatum sint rem qui. Eligendi pariatur tempore est aut ratione sint earum explicabo. Excepturi delectus rerum delectus maxime.','2013-04-01 01:52:20'),
('656','577','577','156','256','Suscipit id excepturi enim et sit voluptatem. Iste placeat illo officiis sapiente.','2009-02-19 19:29:28'),
('657','579','579','157','257','Dicta consequatur in quisquam. Inventore iure voluptatem facere velit eum repellendus. Quia eos voluptatem corporis recusandae cupiditate voluptatem eaque. Temporibus non qui quod in delectus ea. Ut quibusdam esse in reiciendis.','2012-02-19 12:37:52'),
('658','583','583','158','258','Ut reprehenderit esse modi voluptatem distinctio. Eligendi nihil et distinctio qui. Voluptatem sunt quia dignissimos qui. Sed dolorem facilis provident dolor.','1970-01-04 02:18:28'),
('659','585','585','159','259','Dolore quos quis voluptas odio mollitia dolores dolore unde. Sit recusandae perspiciatis iste. Maiores laborum dolor quia vero consequatur dignissimos. Dolorum vero assumenda praesentium sapiente expedita modi.','2004-04-17 16:54:21'),
('660','586','586','160','260','Quis repellendus est quasi dolores omnis maxime animi ab. Eligendi sapiente fuga beatae itaque natus quis.','1980-04-20 02:20:44'),
('661','587','587','161','261','Eaque facilis quia qui quas temporibus quo. Necessitatibus ipsam sint eos delectus. Possimus reiciendis nemo deleniti. Est aut ipsum sit illum.','2012-10-21 20:43:44'),
('662','590','590','162','262','Qui nesciunt perferendis aut et ex molestiae asperiores. Sed similique libero temporibus earum sint nihil repellat. Fuga doloribus ex ab enim quos fugit.','1980-02-06 03:39:48'),
('663','594','594','163','263','Inventore voluptas vitae asperiores. Exercitationem nemo quia earum quia labore facere aut neque. Unde corporis blanditiis sunt ducimus suscipit molestiae.','1994-05-03 00:06:32'),
('664','595','595','164','264','Voluptatibus dolorem est mollitia et molestiae. Nihil doloremque commodi laboriosam. Possimus inventore omnis qui libero dolorum.','2004-12-23 11:52:49'),
('665','597','597','165','265','Tenetur incidunt ut rem officia sequi vitae omnis illum. Maiores quo ipsa voluptate sint. Aspernatur voluptas nihil et nihil voluptatum.','1995-09-30 13:14:41'),
('666','598','598','166','266','Amet accusantium id autem ratione ducimus. Occaecati odit culpa mollitia non debitis. Incidunt vel autem deleniti repellat est omnis aut. Dignissimos pariatur fuga illo necessitatibus quis eius.','1999-08-16 09:19:20'),
('667','599','599','167','267','Animi sed repudiandae non sint labore sequi. Eius repellendus magnam repudiandae ducimus repellat. Est aut sapiente suscipit cupiditate. Odit eaque dolore temporibus nemo voluptatem est.','1994-04-18 13:00:58'),
('668','600','600','168','268','Vitae quo eveniet et provident velit autem. Error nulla corrupti sit dolor qui exercitationem sunt. Soluta magnam sint assumenda eaque.','2012-05-23 19:14:38'),
('669','601','601','169','269','Laboriosam assumenda tempore eaque. Labore sed nisi nihil quis ut deleniti voluptatum. Magni sequi sapiente sit ipsa et et.','2012-01-03 18:10:37'),
('670','602','602','170','270','Tenetur iure nisi nihil cumque illo ullam. Voluptas molestias et magni facere optio debitis.','2002-04-04 02:29:07'),
('671','603','603','171','271','Praesentium earum id quibusdam similique ut nisi natus. Reiciendis sed nihil minima necessitatibus id. Velit dolor consequuntur magnam.','1973-11-12 08:50:57'),
('672','605','605','172','272','Et minima neque laboriosam maxime possimus enim odio iste. Et odio autem quis beatae. Est architecto in qui quia consequuntur dolores incidunt est. Dolores libero dignissimos eaque facilis velit.','1977-12-19 04:55:11'),
('673','607','607','173','273','Dolorem eius exercitationem harum. Explicabo voluptatem molestiae harum minus. Ab dolores necessitatibus numquam velit consequatur. Magnam quisquam fugit voluptates necessitatibus. Doloremque accusamus iure voluptate voluptates voluptas.','1976-07-18 11:01:37'),
('674','608','608','174','274','Blanditiis dolor et aliquam. Cupiditate temporibus dolores asperiores ut ab.','2013-01-09 16:05:50'),
('675','610','610','175','275','Quas sequi animi praesentium excepturi sit. Et dignissimos nisi non dolorum. Ut et eius velit natus similique. Ut mollitia quos numquam omnis.','2000-01-17 12:10:33'),
('676','611','611','176','276','Nulla voluptatum architecto deserunt ut. Voluptatem dolores culpa molestias ea omnis. Omnis et consequuntur facere iure sint odio animi natus. Laborum error numquam labore eos est neque magnam.','2014-03-23 15:46:15'),
('677','614','614','177','277','Tenetur et at laudantium dicta aut deserunt adipisci. Nihil sit est praesentium nemo. Similique quod culpa quia quaerat aut et.','2019-07-20 18:47:02'),
('678','615','615','178','278','Qui fuga placeat autem dignissimos adipisci rerum dignissimos. Non incidunt et in qui. Consectetur repellendus ex aliquid et quidem ut.','1986-08-27 14:08:38'),
('679','618','618','179','279','Non non et iste nesciunt ut nobis consequatur. Aperiam ipsa sed quam ad. In possimus est quidem cum. Distinctio dicta reiciendis omnis.','1991-06-15 06:12:53'),
('680','621','621','180','280','Quae placeat ipsa voluptas saepe voluptatum dolor. Vel est est numquam necessitatibus impedit. Veritatis non odio voluptas perspiciatis veritatis. Unde quia earum velit enim consequatur omnis.','1983-07-02 05:40:13'),
('681','623','623','181','281','Amet aliquid id reiciendis fuga accusantium consequatur. Saepe nisi ipsum hic nemo sed. Nobis similique qui sit corporis. Qui repudiandae velit earum.','2019-02-20 02:47:26'),
('682','624','624','182','282','Et eius nihil temporibus voluptatibus adipisci id. Autem pariatur quaerat temporibus expedita maxime quas voluptatum maiores. Veritatis illo placeat quisquam nulla illum. Aperiam aperiam sequi eligendi omnis et aspernatur sunt provident. Aliquid ex vel autem incidunt autem excepturi rem.','1991-11-17 18:43:27'),
('683','625','625','183','283','Velit quod explicabo illum aperiam. Vel quisquam dignissimos iste quisquam fuga eius. Qui consectetur voluptatem nihil mollitia. Sint beatae non tenetur fugiat autem asperiores distinctio quia.','1982-05-01 20:29:44'),
('684','626','626','184','284','Voluptatem voluptatem magnam placeat rerum beatae explicabo. Ut eum ab ea eos labore provident odit temporibus. Quo distinctio at deleniti sed temporibus labore consequatur.','1976-05-23 22:13:45'),
('685','627','627','185','285','Sunt animi quae velit officia veritatis. Ullam aut dignissimos neque sed qui. Nesciunt amet numquam beatae quaerat.','1975-01-20 15:42:31'),
('686','628','628','186','286','Sint autem nam ad. Incidunt sequi autem explicabo doloremque ut harum autem. Est qui et rem occaecati.','1987-12-29 01:11:12'),
('687','629','629','187','287','Et nemo quod qui odit dolor quasi harum. Sed iure voluptas eaque est. Iste sunt quos voluptas deleniti dolores neque.','1995-06-08 05:03:56'),
('688','633','633','188','288','Dolor voluptas numquam nihil. Iusto perspiciatis eos voluptates quia. Maiores totam iusto excepturi explicabo aperiam ut quidem illum.','1993-04-22 03:53:20'),
('689','635','635','189','289','Aut iste atque pariatur voluptate autem. Cumque distinctio enim beatae facilis et laudantium. Reprehenderit velit ut ut doloremque sed. Quo optio iste animi sit inventore nobis.','1970-07-30 23:48:29'),
('690','636','636','190','290','Aperiam quasi corrupti voluptatem similique ipsa rerum sint. Culpa totam sed quibusdam. Omnis quod commodi dolores qui. Officiis nostrum sint veniam nihil.','1996-12-28 14:28:17'),
('691','637','637','191','291','Voluptatum ut velit nulla sapiente aut quam assumenda. Aut laboriosam tempora et enim id et consequatur. Qui quis rerum aliquam minima magni. Eos est natus beatae.','1992-06-07 18:46:38'),
('692','644','644','192','292','Soluta quae quaerat necessitatibus sed natus sed. Asperiores id et sit qui. Blanditiis veniam sed placeat enim voluptates iusto nesciunt nostrum. Inventore ex veniam hic non.','1974-10-18 12:24:32'),
('693','646','646','193','293','A et est debitis aut. Est neque sit soluta maiores repellendus delectus itaque. Inventore vitae tempore ipsam eaque in quisquam repellat quaerat.','1982-01-17 13:02:39'),
('694','647','647','194','294','Quam earum recusandae esse dolorem necessitatibus beatae. Numquam repudiandae occaecati corrupti iste. Non officiis sint ut eaque consequatur. Voluptas cumque alias mollitia.','1981-02-02 02:04:46'),
('695','648','648','195','295','Accusantium eveniet saepe et. Ex corrupti et ea reprehenderit necessitatibus sunt. Illo reprehenderit at eum et. A unde labore cumque aut laudantium.','1977-10-03 04:20:55'),
('696','652','652','196','296','Aut vel ullam recusandae. Aut dolores eius eos qui et in. Molestiae fugit doloremque voluptatem impedit eos. Aut iusto facilis hic aut nam quia debitis.','2015-04-12 15:05:39'),
('697','653','653','197','297','Reprehenderit rerum et quo nam animi corrupti aperiam. Aut sint nam sint dolor incidunt. Numquam officiis natus voluptatum quia qui. Aperiam magni unde voluptas laboriosam saepe illum repellendus.','1973-10-23 23:54:20'),
('698','654','654','198','298','Quos fugiat atque soluta mollitia ipsum quia. Aliquam ut qui optio aut recusandae aut. Vitae et qui dolor non voluptas error. Consequatur consequatur beatae aut quae et quia adipisci.','2019-07-25 14:09:55'),
('699','658','658','199','299','Consequuntur et aliquid adipisci sint culpa accusantium. Facilis nam enim illo odit occaecati. Neque totam ipsa voluptatibus sit. Voluptas quam tenetur quo voluptas aut vero.','1997-05-12 00:11:08'),
('700','660','660','200','300','Voluptatem voluptas molestias occaecati. Ipsa molestiae perferendis ducimus hic vel nesciunt. In illo aut enim quo tempore vel.','1988-08-01 19:48:12'); 


DROP TABLE IF EXISTS `communities`;
CREATE TABLE `communities` (
  `id` bigint(20) unsigned NOT NULL AUTO_INCREMENT,
  `name` varchar(150) COLLATE utf8_unicode_ci DEFAULT NULL,
  `admin_users_id` bigint(20) unsigned NOT NULL,
  PRIMARY KEY (`id`),
  KEY `communities_name_idx` (`name`)
) ENGINE=InnoDB AUTO_INCREMENT=101 DEFAULT CHARSET=utf8 COLLATE=utf8_unicode_ci;

INSERT INTO `communities` VALUES ('1','animi','501'),
('2','ratione','502'),
('3','commodi','503'),
('4','quod','504'),
('5','qui','505'),
('6','tempora','506'),
('7','cum','508'),
('8','ducimus','509'),
('9','vero','510'),
('10','reiciendis','512'),
('11','architecto','517'),
('12','eius','518'),
('13','ut','519'),
('14','porro','520'),
('15','tempora','521'),
('16','nisi','523'),
('17','repellendus','524'),
('18','voluptatibus','525'),
('19','officiis','526'),
('20','ipsa','529'),
('21','velit','530'),
('22','consequuntur','531'),
('23','explicabo','535'),
('24','voluptas','537'),
('25','qui','538'),
('26','minus','539'),
('27','amet','540'),
('28','aut','541'),
('29','recusandae','542'),
('30','quia','543'),
('31','est','544'),
('32','quae','545'),
('33','cumque','546'),
('34','ipsum','547'),
('35','nesciunt','548'),
('36','error','552'),
('37','et','553'),
('38','nostrum','556'),
('39','harum','557'),
('40','doloremque','561'),
('41','possimus','562'),
('42','provident','564'),
('43','ratione','565'),
('44','consequuntur','566'),
('45','quaerat','567'),
('46','ullam','568'),
('47','fuga','569'),
('48','quod','571'),
('49','assumenda','572'),
('50','tempora','573'),
('51','non','574'),
('52','aut','577'),
('53','eveniet','579'),
('54','laudantium','583'),
('55','enim','585'),
('56','quo','586'),
('57','quis','587'),
('58','iure','590'),
('59','ut','594'),
('60','non','595'),
('61','facere','597'),
('62','iste','598'),
('63','sit','599'),
('64','quibusdam','600'),
('65','deleniti','601'),
('66','fugit','602'),
('67','similique','603'),
('68','animi','605'),
('69','quia','607'),
('70','labore','608'),
('71','praesentium','610'),
('72','voluptas','611'),
('73','quia','614'),
('74','quidem','615'),
('75','maxime','618'),
('76','hic','621'),
('77','alias','623'),
('78','velit','624'),
('79','dolorem','625'),
('80','sit','626'),
('81','voluptas','627'),
('82','in','628'),
('83','porro','629'),
('84','dignissimos','633'),
('85','et','635'),
('86','et','636'),
('87','sunt','637'),
('88','quia','644'),
('89','ipsum','646'),
('90','enim','647'),
('91','recusandae','648'),
('92','odit','652'),
('93','aut','653'),
('94','qui','654'),
('95','quasi','658'),
('96','dolorem','660'),
('97','dolores','661'),
('98','et','665'),
('99','sint','668'),
('100','laboriosam','669'); 


DROP TABLE IF EXISTS `event_requests`;
CREATE TABLE `event_requests` (
  `event_requests_id` bigint(20) unsigned NOT NULL AUTO_INCREMENT,
  `initiator_user_event_id` bigint(20) unsigned NOT NULL,
  `target_user_event_id` bigint(20) unsigned NOT NULL,
  `status_event_request` enum('requested','confirmed','declined') COLLATE utf8_unicode_ci DEFAULT NULL,
  `requested_event_at` datetime DEFAULT current_timestamp(),
  `updated_event_at` datetime DEFAULT NULL ON UPDATE current_timestamp(),
  `confirmed_event_at` datetime DEFAULT NULL,
  PRIMARY KEY (`initiator_user_event_id`,`target_user_event_id`),
  UNIQUE KEY `event_requests_id` (`event_requests_id`),
  KEY `target_user_event_id` (`target_user_event_id`),
  CONSTRAINT `event_requests_ibfk_1` FOREIGN KEY (`initiator_user_event_id`) REFERENCES `users` (`id`),
  CONSTRAINT `event_requests_ibfk_2` FOREIGN KEY (`target_user_event_id`) REFERENCES `users` (`id`),
  CONSTRAINT `fk_event_id` FOREIGN KEY (`event_requests_id`) REFERENCES `events` (`id`) ON DELETE CASCADE ON UPDATE CASCADE
) ENGINE=InnoDB AUTO_INCREMENT=11 DEFAULT CHARSET=utf8 COLLATE=utf8_unicode_ci;

INSERT INTO `event_requests` VALUES ('1','501','501','declined','2008-02-25 13:39:10','1973-11-15 17:51:44','1985-02-04 03:44:41'),
('2','502','502','requested','1992-05-21 19:38:38','1999-02-21 07:16:43','2007-12-22 03:41:30'),
('3','503','503','confirmed','2016-02-12 22:28:33','1970-03-08 18:08:29','2004-11-11 08:00:54'),
('4','504','504','requested','1985-09-06 03:41:41','2006-11-12 22:44:59','1986-10-19 14:30:09'),
('5','505','505','confirmed','1981-01-21 15:17:54','1977-01-01 04:34:10','1971-12-03 16:18:48'),
('6','506','506','requested','1993-11-14 06:47:58','2011-06-28 21:24:14','2010-11-28 08:22:45'),
('7','508','508','declined','2001-04-06 06:51:27','1986-10-15 01:51:33','2017-02-06 10:04:25'),
('8','509','509','requested','1977-07-10 07:22:42','1984-08-21 17:13:35','2017-06-24 14:16:52'),
('9','510','510','confirmed','1974-11-20 22:21:56','1972-08-01 02:39:25','1979-10-09 15:02:33'),
('10','512','512','requested','1987-10-16 18:30:51','2000-04-01 01:26:23','2019-04-18 15:30:46'); 


DROP TABLE IF EXISTS `events`;
CREATE TABLE `events` (
  `id` bigint(20) unsigned NOT NULL AUTO_INCREMENT,
  `user_event_id` bigint(20) unsigned NOT NULL,
  `text_event` text COLLATE utf8_unicode_ci NOT NULL,
  `filename_event` varchar(255) COLLATE utf8_unicode_ci DEFAULT NULL,
  `size_event` int(11) DEFAULT NULL,
  `metadata_event` longtext CHARACTER SET utf8mb4 COLLATE utf8mb4_bin DEFAULT NULL,
  `data_event` datetime NOT NULL,
  `created_event_at` datetime DEFAULT current_timestamp(),
  PRIMARY KEY (`id`),
  KEY `user_event_id` (`user_event_id`),
  CONSTRAINT `events_ibfk_1` FOREIGN KEY (`user_event_id`) REFERENCES `users` (`id`)
) ENGINE=InnoDB AUTO_INCREMENT=101 DEFAULT CHARSET=utf8 COLLATE=utf8_unicode_ci;

INSERT INTO `events` VALUES ('1','501','Laborum doloremque ea voluptatum et soluta eos iure. Nihil eligendi velit animi quisquam nemo dolor non error. Sint aut necessitatibus magni excepturi. Sit ad autem odio id deserunt et rerum eum.','eum','68185730','Quo inventore id veniam quo doloremque reprehenderit consectetur.','2011-08-08 00:23:36','1970-11-14 03:29:19'),
('2','502','Fuga aliquam autem sequi ex enim et aliquam. Odio quia qui est aspernatur et esse ducimus. Velit deleniti molestias tempore itaque dolores sed consequatur.','voluptatibus','246','Quia adipisci sit aliquam quisquam.','1970-10-21 11:06:16','2006-12-28 06:44:58'),
('3','503','Id nam consequatur natus sed. Maiores tempora distinctio error dolore maiores autem id. Non aut repudiandae voluptatum. Ducimus iure et recusandae ut unde.','accusamus','9','Nisi fuga eveniet quo perferendis corrupti est.','2020-01-16 17:57:05','2016-10-11 14:15:29'),
('4','504','Molestias ut sit rerum rem quos quis. Exercitationem sed nihil sit. Quia sunt odit sint quod rerum voluptas.','maxime','4','In est reiciendis cupiditate hic ut doloribus laudantium non.','1992-10-31 11:01:42','1978-07-07 00:30:46'),
('5','505','Dolor qui a sed. Sed qui quam illum eligendi repudiandae et tempora. Voluptatibus asperiores quo est. Cum rerum hic quam debitis quos id rem.','distinctio','62140','Provident deserunt provident in eos nesciunt.','2004-10-09 22:20:13','2009-04-03 14:36:04'),
('6','506','Necessitatibus illum eum ea explicabo et inventore. Id ex maxime autem facere. Nobis enim odio consequatur ut qui nihil. Natus magnam eveniet fugiat aliquam.','laborum','620902796','Modi similique sunt aliquid explicabo quis fuga nemo.','1994-03-12 07:52:04','1972-12-18 10:28:45'),
('7','508','Deleniti et sapiente saepe iure omnis veniam. Doloremque facilis inventore porro. Eius commodi ut reiciendis ea. Eos suscipit aperiam blanditiis eaque cumque.','vel','47140922','Reiciendis porro modi commodi non blanditiis dolor.','1975-11-11 00:10:30','1979-05-18 09:17:24'),
('8','509','Quisquam quo eligendi reiciendis. Omnis perspiciatis est ab est ut. Ut esse voluptatem odit. Ad sequi qui quidem ab vel molestiae dolorum.','possimus','0','Consequatur similique similique magnam labore sunt ut et.','1976-06-30 11:53:32','1988-08-22 13:36:52'),
('9','510','Quis delectus voluptate iusto praesentium culpa libero. Voluptatem a labore deserunt eum officiis molestiae. Est praesentium aut at voluptatibus. Quaerat dolorem amet aut possimus expedita.','laborum','68911841','Consectetur nam ratione repellendus est incidunt ipsum repellat maiores.','2015-04-06 11:00:57','1984-08-08 21:40:38'),
('10','512','Facilis impedit aut beatae tempora. Consectetur non laborum quidem atque dolores. Quia molestiae vero ipsa id.','magnam','314067142','Accusantium est rerum blanditiis odio esse.','1993-11-05 21:10:12','1987-04-27 00:10:13'),
('11','517','Perspiciatis et et nemo aliquid magni a laudantium. Et ipsam repudiandae officia et eos exercitationem unde.','aut','813706','Magnam maxime repudiandae architecto itaque.','2010-10-04 11:09:52','2015-04-19 08:18:20'),
('12','518','Dolorum voluptatibus est delectus placeat necessitatibus dolor esse. Provident eos dolorum similique autem id pariatur eos. Magni ea est autem fuga similique.','sint','5373740','Enim hic nihil ratione ut voluptatem quia sint itaque.','1977-06-06 03:37:24','2015-01-16 21:03:13'),
('13','519','Aliquid sequi similique placeat sit sit magnam illo delectus. Rerum quia eum omnis iste voluptatum in sunt.','aliquam','2','Illo est harum laboriosam recusandae voluptatum.','2007-07-02 00:06:23','2007-04-09 20:03:57'),
('14','520','Odio rerum amet sequi quia. Dolore reprehenderit tempore similique consequuntur voluptas. Sequi voluptatem soluta aut et.','eveniet','24','Enim voluptates magni dolor pariatur autem.','1993-04-01 01:47:57','1998-03-14 22:53:01'),
('15','521','Veritatis ut aut eius omnis ut saepe. Architecto ut consectetur ut iusto laboriosam reprehenderit quos. Quibusdam quia mollitia magnam animi earum hic amet.','quibusdam','446013','Nostrum numquam eum aut aut.','1989-09-17 09:07:25','2012-05-23 08:42:49'),
('16','523','In error quod iste. Alias quia reprehenderit odit aut quam et libero. Voluptas quia aliquid natus cum voluptatem unde perspiciatis. Suscipit expedita sit suscipit id incidunt nihil.','labore','35946','Ex voluptatum odit quia cumque nisi dolor.','1998-05-21 18:15:15','1974-06-06 18:39:47'),
('17','524','Animi dignissimos id qui repudiandae. Quisquam cupiditate doloribus earum enim. Pariatur repellendus ipsam et maiores dolor ut aliquam aut.','unde','810720954','Ut et non qui eligendi.','2005-12-21 20:07:04','2017-08-05 07:16:25'),
('18','525','Et ut cum eum. Et tenetur quos sit vel dolor. Eaque possimus et in non nulla. Nam est maiores tenetur culpa omnis est.','odit','464493','Pariatur dolor exercitationem quo quia odio.','1997-12-20 17:48:05','1985-01-05 11:46:38'),
('19','526','Qui veritatis architecto veritatis similique dolores aut debitis facere. Id quis quia necessitatibus mollitia velit excepturi enim. Voluptas animi placeat quis qui laudantium.','odio','547228','Cum atque nihil animi praesentium qui.','1984-12-29 15:02:52','1995-03-29 17:06:28'),
('20','529','Ratione commodi laborum iusto. Dolorem fugit dicta dolorum numquam eum consequatur quis. Magnam quaerat sequi velit. Tempora quis repellat dolorem porro ut.','quibusdam','708389','Odio nihil ipsam voluptates corrupti nobis incidunt sequi.','1972-10-29 21:21:52','1997-08-26 13:03:45'),
('21','530','Quia consequuntur ut debitis quae rerum debitis. Aut totam nostrum aperiam error nobis itaque sed. Non est a ut ducimus.','temporibus','18','Culpa laborum aut totam sit qui quia.','1973-01-21 20:48:02','2002-05-21 01:13:36'),
('22','531','Sit omnis repudiandae architecto cum quia sed. Tempore natus sunt repellendus praesentium quia et. Neque rerum sit ut sed nihil qui.','nostrum','71','Nihil quia sed aspernatur eveniet.','1995-05-12 03:33:01','1989-05-21 04:13:19'),
('23','535','Et accusamus nemo inventore atque architecto voluptas in. Laborum sunt illo perspiciatis dignissimos aut numquam tempore aut. Inventore laborum consequatur consectetur adipisci vel recusandae aut.','blanditiis','654','Cum sunt fuga voluptatem.','1973-09-05 09:15:56','1996-02-08 16:44:46'),
('24','537','Eaque ex earum cum aut. Culpa enim quia veritatis quis accusamus laborum corporis nesciunt. Commodi non quas nihil iste rerum.','porro','0','Alias voluptas quasi cupiditate est.','1974-03-21 08:28:54','1982-02-20 12:30:00'),
('25','538','Sed accusantium sed molestias pariatur voluptas. Dolor neque est neque sapiente tenetur. Rerum voluptatem aperiam corporis aliquam facilis. Natus illo excepturi quisquam vitae aut.','voluptatum','5007','Tempora quis neque a ab consequatur.','2006-07-15 04:51:53','1972-08-10 19:50:07'),
('26','539','Consequuntur perferendis nihil ipsum fugiat. Laudantium et enim a quibusdam quibusdam tempora placeat.','fugit','7220','Rem eum suscipit labore asperiores tenetur ex voluptatem.','1972-09-19 04:21:55','1980-10-27 05:09:19'),
('27','540','Rem dolorum velit voluptatem consequatur eos. Laboriosam tempore odio quidem omnis voluptatem. Placeat qui aut molestiae illum eveniet esse. Culpa repellat et qui qui velit atque ut architecto.','illum','5075975','Facere id deleniti nobis perferendis sint unde.','1993-09-08 04:35:19','1993-06-09 06:31:15'),
('28','541','Cum voluptas ut ut commodi. Quaerat quia est sit qui. Cupiditate eos voluptate tempore nobis totam inventore. Aut est dolorem id autem tempore molestiae quia necessitatibus.','eligendi','61','Sed harum earum sed consequatur ab non rem libero.','2014-02-16 11:15:42','2002-01-20 08:15:21'),
('29','542','Magnam autem quisquam sit vitae et. Esse voluptatibus ad sint rerum in sint et.','perferendis','0','Eum minus nostrum sit quibusdam quis molestias a.','1989-08-17 21:26:55','1990-12-09 21:00:54'),
('30','543','Vel voluptatum aliquam debitis atque quae dolore. Qui nisi adipisci blanditiis ea et eos. Qui quia quaerat corrupti modi non. Natus et iure impedit cumque.','aut','59','Voluptatibus ducimus laudantium delectus aspernatur.','2016-09-28 02:58:37','1986-10-28 11:43:00'),
('31','544','Et minima aut et aut accusantium vel corrupti at. Quas et possimus voluptatibus rem laudantium provident modi. Eveniet consectetur velit consequatur est.','voluptatem','55414','Vero est nulla veritatis nam.','1974-04-16 00:26:31','1994-12-27 04:02:11'),
('32','545','Explicabo omnis quod eum. Sed omnis excepturi et dolorem. Maxime deleniti eum facilis quaerat dolore dolor delectus sit.','maxime','6558395','Non corporis eius eos autem quos temporibus voluptas non.','2013-10-12 01:42:03','1989-10-19 01:15:50'),
('33','546','Nesciunt est sed natus vero incidunt fugit fugit nostrum. Porro a nesciunt veritatis. Facere distinctio omnis eligendi harum necessitatibus delectus impedit dignissimos.','repellat','736','Dolores commodi cumque alias ipsa laboriosam ad ut.','1970-11-25 20:27:38','2009-01-24 15:56:39'),
('34','547','Sequi perspiciatis odit magnam sit veniam dolore. Ad tempore aperiam rerum quam non nulla quasi. At provident provident eius omnis. Porro consequatur sit et fugiat iste et.','non','34381640','Laboriosam id error tempore recusandae dignissimos excepturi.','2000-07-08 21:08:11','1998-03-28 14:26:57'),
('35','548','Consectetur est corrupti expedita ut ut. Ratione architecto dicta quis eius consequatur culpa voluptates id. Nihil inventore excepturi reprehenderit voluptas ipsam. Quam possimus magni nisi et.','sunt','0','Id asperiores officiis quae velit officia repudiandae consequatur.','1983-06-07 04:12:50','1983-10-08 17:03:54'),
('36','552','Corrupti sit quo veniam officiis distinctio. Suscipit in et facere et at quam ipsam. Aut et dignissimos dolore reiciendis accusamus laborum ad. Iusto ipsa atque dolorum eius natus.','quos','41','Qui et facere incidunt possimus voluptatum expedita.','1972-04-23 15:14:40','1984-12-27 19:29:32'),
('37','553','Quisquam sed fuga a consequatur impedit iure praesentium eligendi. Numquam labore non soluta quo. Qui blanditiis aut sunt nulla repudiandae et et eligendi.','alias','54318792','Velit illum quos et quidem.','2011-05-30 16:37:51','1973-12-05 03:30:40'),
('38','556','Aut consequatur eveniet minima delectus ducimus. Deserunt sapiente aspernatur sequi nemo minus quis. Earum aspernatur in rem qui veritatis aut est. Repellendus dolore facere rem error.','placeat','108','Ex magni in iste sed deleniti ipsum fugiat.','1992-03-22 06:36:16','1976-10-20 22:52:15'),
('39','557','Veritatis ab sed totam ipsam dicta voluptatem sed. Rerum ducimus laudantium ab id vel commodi. Facere occaecati eum optio dolor rerum. Dolores iusto ex sit dignissimos praesentium.','consequatur','163','Fugiat tempora quam ut voluptas quis qui.','2008-05-30 01:55:00','1984-07-08 15:29:56'),
('40','561','Sit dolores aut dolorem quia eos qui. Aut adipisci ipsum voluptas. Est quidem dolor harum.\nNihil aspernatur tenetur dolores. Similique tenetur quo vitae officia et. Vero accusamus dolor porro.','velit','9629759','Et beatae qui excepturi beatae enim esse sint.','2019-02-15 02:08:01','2004-09-29 01:15:58'),
('41','562','Necessitatibus qui hic rem nostrum pariatur. Alias repudiandae vel et dolores reprehenderit debitis et. Accusantium eum quas blanditiis aut laborum alias.','ut','60077','Laudantium reprehenderit iste dolorem dolores maxime odio odit architecto.','1996-10-12 01:53:10','1997-04-29 01:32:55'),
('42','564','Iusto tempora officiis adipisci sit reiciendis. Nihil quidem sed iusto nam impedit cum.\nVel nihil sequi similique distinctio. Et quam est temporibus commodi neque.','eos','83','Sed et molestias doloremque iure sit non.','2001-05-30 22:04:19','2001-04-05 11:21:45'),
('43','565','Est qui sed quia sint nisi aut nisi. Illo et recusandae quibusdam dignissimos porro consequatur sint. Distinctio possimus cum debitis impedit aut. Corporis porro quia natus.','iste','8330','Reprehenderit natus doloremque est est.','2016-04-02 16:25:42','1970-07-25 05:52:58'),
('44','566','Ipsum qui molestias id. Ipsam aut rerum est ex reprehenderit excepturi aut similique.','accusamus','0','Molestiae impedit non possimus sint.','1984-04-23 23:41:56','1979-03-09 13:16:08'),
('45','567','Eligendi velit quis dolorem. Quod eveniet illo quod aut neque dolor. Ut laborum aperiam neque iure eum eos architecto. Iste est non voluptatem eius temporibus aut quis.','consequatur','6','Sed quisquam molestiae dolore omnis tempore.','2010-08-20 14:15:13','2000-09-05 17:15:36'),
('46','568','Nemo quam eveniet dolorem ullam ut impedit modi. Eum inventore consectetur quis. Corrupti atque corporis omnis libero sit numquam nisi.','corrupti','4614','Sit odio magnam quibusdam accusantium provident eius.','1974-10-02 00:35:31','2002-10-28 06:44:23'),
('47','569','Rerum totam nihil quia sunt quas consequatur ut. Perferendis sed ratione expedita deserunt et eos deleniti dolore. Omnis facere nisi autem voluptas sed veniam ipsa.','aut','0','Placeat voluptatem inventore et qui.','1973-05-26 11:42:38','1991-11-21 07:03:17'),
('48','571','Molestiae ab ut est sed expedita nisi temporibus. Impedit ab ipsa deleniti enim qui asperiores suscipit nulla. Beatae explicabo vero dolor ad sint et.','qui','559531766','A velit qui est expedita doloremque voluptatibus.','1978-06-07 11:20:34','2016-02-25 15:29:10'),
('49','572','Sed corrupti quis quia excepturi praesentium voluptatum. Sit expedita ut tenetur et ea. Eos voluptatem eos ut iusto beatae sequi.','eligendi','144452','Autem cupiditate qui quis iusto consequatur earum.','2009-10-22 03:25:38','1977-02-19 10:08:24'),
('50','573','Laudantium numquam quia eveniet. Aut nam quis quas non et atque. Ut ut maiores qui sint repudiandae. Natus sunt voluptas voluptatum et totam consequatur.','omnis','3374','Autem sint est enim quo quia esse.','2001-08-06 03:38:38','1977-06-22 03:07:49'),
('51','574','Iure id qui quasi quia et. Eum aut laborum nesciunt repudiandae iste delectus. Est sit eum reprehenderit voluptatibus alias eos deserunt. Eius temporibus aut earum necessitatibus.','accusamus','223','Amet optio ad dolores debitis dicta consequatur voluptatem.','1981-03-05 19:56:13','1986-01-16 21:01:18'),
('52','577','Ullam qui sapiente inventore quia consectetur repellendus sed. Nisi et illo rem corporis commodi beatae. Magnam quaerat eum aut non in quo. Et veniam assumenda quasi omnis officiis.','ex','4736','Ut id asperiores natus excepturi omnis qui.','2017-05-24 00:35:25','2016-12-31 21:11:21'),
('53','579','Et repellendus qui temporibus inventore. Cum qui qui ut tenetur reiciendis distinctio error. Quam ex cumque voluptatibus consequuntur. Dolores voluptas molestias quo sit sequi qui.','sed','56061','Quaerat dolores ea qui quo architecto.','1991-11-18 01:54:25','1996-04-11 05:02:15'),
('54','583','Numquam nam occaecati ipsum provident tempora nostrum voluptas. Architecto voluptatem odit exercitationem et reiciendis. Corporis quo voluptas est consequatur consequuntur.','iste','667281','Consequuntur quasi quia perferendis exercitationem.','2002-08-26 03:21:09','1988-02-17 08:51:27'),
('55','585','Provident modi cupiditate laboriosam ipsum quis rerum. Aut explicabo repudiandae consequatur nulla omnis. Vel magnam deleniti rem qui dolorem numquam commodi. Eum et quia id provident.','necessitatibus','8095348','Dolor dicta velit inventore non officiis quia voluptas distinctio.','2001-06-17 16:41:05','2003-04-23 13:35:48'),
('56','586','Laboriosam possimus omnis aperiam. Omnis qui odit ea perspiciatis ab ad quo. Est in magni neque in. Beatae sed nisi est in.','vero','43079282','Ea nulla veniam dolorem molestias unde provident aut.','2010-03-10 19:16:41','2015-05-22 01:50:20'),
('57','587','Id eum vel et dolores consequuntur nihil vel. Repellendus et qui maxime sit rerum. Maiores praesentium id et aut in. Fuga earum aspernatur voluptates similique voluptas recusandae.','et','0','Pariatur qui ratione sit et libero incidunt cumque.','1985-06-22 22:16:54','2018-04-28 10:44:35'),
('58','590','Assumenda est dolores eveniet sed quo in nostrum soluta. Et consequatur cumque eos cum nostrum. Ullam sequi perferendis omnis voluptatibus.','et','8091','Atque nisi enim itaque et voluptatem accusamus.','2019-07-31 12:38:16','1978-09-22 20:09:32'),
('59','594','Deleniti ut illo recusandae non officia iusto illo totam. Et nihil impedit doloribus vel.','doloremque','71','Id praesentium molestias non voluptas beatae ducimus.','1980-03-20 07:53:51','2010-09-07 09:42:56'),
('60','595','Nemo non dolorem veniam voluptate earum sint. Aut sint cum dolorum deserunt rerum consequatur. Et sit ut inventore veritatis esse.','accusamus','0','Quibusdam odit rerum dolores voluptatem.','1985-07-10 10:08:10','2017-01-16 22:33:53'),
('61','597','Omnis voluptas minus laudantium doloribus aliquid. Est a quibusdam quis nam deleniti qui. Harum cum et officia voluptatem.','aut','45','Sit perferendis numquam est quibusdam.','1971-01-11 01:08:20','1983-10-30 03:50:14'),
('62','598','Eligendi similique voluptas alias vitae a dolor. Nulla quisquam quia provident harum deserunt maxime. Ipsum est ea ea harum.','eveniet','4285','Error pariatur ratione aut et asperiores.','1990-05-14 23:33:05','1983-09-13 18:20:48'),
('63','599','Sed voluptatem blanditiis necessitatibus soluta molestias eaque esse. Cumque aut perferendis veniam sapiente sint. Id est natus et et est. Nihil at inventore suscipit molestias voluptas.','quibusdam','44702452','Quaerat aliquam dolorem natus dolor excepturi.','1986-05-01 00:56:03','1993-01-07 11:01:41'),
('64','600','Id esse explicabo facilis fugiat optio ut. Consequatur aut officia et non nostrum adipisci sunt cupiditate. Similique id ab suscipit. Explicabo earum voluptatibus et error omnis eligendi velit.','sed','61','Corporis iste repellendus quam iure dolores et qui.','1988-06-01 13:37:24','1996-07-31 08:15:12'),
('65','601','Sit eaque laboriosam possimus sunt voluptatem quia quae. At dolorem consequuntur ad laboriosam at. Sed quo ea ut ad ea.','ullam','1231090','Reiciendis atque eius reprehenderit recusandae provident veritatis.','1999-11-17 11:45:56','2005-06-09 02:26:53'),
('66','602','Dolores id nihil architecto facere impedit fuga aut libero. Repudiandae nam quo illum sunt esse harum voluptatibus. Voluptas sint repellendus repellendus quis quo.','voluptate','94465543','Exercitationem exercitationem sunt illum optio itaque qui.','1999-12-13 12:19:57','1980-03-02 02:22:15'),
('67','603','Eum aut ipsa eligendi rerum recusandae possimus quis. Voluptatem aut voluptas quo. Impedit molestias accusantium aut explicabo a dolor.','qui','36379','Quae libero ipsa consequatur omnis vero.','2015-06-11 10:45:12','1973-06-27 06:08:45'),
('68','605','Nobis minima reiciendis vitae dicta dolor ut fugiat. Quo et sit ut animi. Non nam impedit qui. Ut laudantium ipsa aut totam.','et','306344766','Rerum atque qui ut dignissimos totam odio.','1984-07-19 14:24:56','1987-03-25 20:54:14'),
('69','607','Nisi velit dignissimos voluptatem dolorem. Officia ut saepe tempora voluptatem eius esse dolor. Beatae sed unde et maiores temporibus.','modi','2487793','Aliquid animi dolorem dolor voluptate rerum veritatis enim enim.','2008-02-20 19:30:38','1982-06-07 00:28:18'),
('70','608','Ut debitis et ad consequatur eius ipsam et. Omnis aliquam laboriosam quia quis. Deserunt autem quia aut. Officia debitis voluptatum aut autem voluptatem delectus.','impedit','958','Ut quisquam dignissimos amet assumenda.','2002-09-17 13:52:19','1992-06-04 06:34:09'),
('71','610','Doloremque est reprehenderit molestiae dolor velit. Qui sit beatae occaecati repudiandae non perferendis sint. Sed placeat qui dolore.','ea','48','Modi veritatis quo nihil nostrum quae rerum.','2015-05-27 00:54:10','2018-09-21 21:03:53'),
('72','611','Dolorum quidem omnis et atque. Mollitia iusto quia maiores sit tenetur animi exercitationem enim. Nisi mollitia dolor id excepturi ut.','voluptatibus','693','Voluptatem tempore eveniet facere.','1981-11-15 10:35:41','2005-07-01 17:01:24'),
('73','614','Fuga eos tenetur animi pariatur. Voluptas rerum eum explicabo molestiae aut quaerat ipsum est.','earum','54849','Est eligendi similique ab magnam.','1994-05-06 00:01:53','1974-05-28 07:30:42'),
('74','615','Occaecati rerum sint vel veniam eum. Omnis impedit in recusandae ea sed quas exercitationem. Quas ex et consequatur quia mollitia.','doloribus','75674725','Et velit harum aut animi.','1970-06-04 18:19:41','1988-03-29 20:32:16'),
('75','618','Quas est corporis aut fugiat omnis delectus dolor. Officia iure animi et ab.\nEt quos sit velit rerum unde omnis. Labore quis eveniet debitis quibusdam eum.','laudantium','0','Nihil molestiae cupiditate ea sunt.','1993-09-07 12:41:29','2008-01-17 00:16:18'),
('76','621','Et aut accusantium sed est dolor. Fugiat aspernatur tempora soluta fugiat vel recusandae. Accusantium mollitia fugit provident et.','blanditiis','522','Exercitationem voluptas quia voluptate qui quia.','2009-07-01 05:17:45','1992-09-16 01:48:37'),
('77','623','Sunt velit incidunt at rem et. Aut consequatur nobis eaque necessitatibus consequatur quaerat culpa odio. Et molestias numquam sapiente ipsa.','ab','76739250','Recusandae dolorem et facere unde earum.','1986-01-04 01:29:21','1976-12-03 08:06:24'),
('78','624','Odit quod culpa aut nemo omnis. Sequi autem impedit doloremque quidem. Consectetur sit numquam deleniti illo.','in','0','Numquam dolor magni ut vero voluptates quidem quibusdam.','1970-10-08 08:46:42','2004-02-15 14:59:34'),
('79','625','Et sint dolor aut labore velit delectus. Qui labore veritatis qui doloribus adipisci dolore eos quasi. Occaecati rerum consequatur omnis amet sint veritatis fugit.','molestiae','484','Omnis natus eum harum ut.','1977-03-21 10:01:40','1980-02-14 01:39:50'),
('80','626','Nisi molestias unde explicabo qui consequatur quo et. Est dolore nesciunt architecto itaque maiores. Deserunt libero eaque aspernatur ea eaque eum.','aliquid','0','Sed ratione recusandae consectetur dicta nihil suscipit voluptates.','1973-04-15 10:37:04','1988-09-04 14:33:45'),
('81','627','Rerum voluptatem voluptatem excepturi consectetur sit sint ea rem. Qui consequatur sed maxime rerum veniam. Earum quia numquam debitis vel voluptatem.','dolorem','36','Repellat quisquam rem optio dignissimos.','1999-07-16 08:21:35','1984-07-16 04:32:53'),
('82','628','Molestias dolorem eum aspernatur voluptates temporibus. In quaerat amet ipsa cupiditate.','ducimus','87152711','Architecto laudantium et fugiat qui incidunt et.','1993-03-15 07:14:03','2020-02-11 23:15:15'),
('83','629','Recusandae non excepturi odit fugiat. Et debitis aut dolores dolorem at. Commodi et eos ea in repellat aspernatur. Quae qui consequatur eaque rerum.','sequi','7751','In voluptatem mollitia distinctio itaque debitis magni itaque laboriosam.','1975-02-07 08:31:14','1993-08-11 10:28:43'),
('84','633','Molestias eum voluptate sed ullam voluptas. Nesciunt quia aut incidunt qui enim iusto fuga voluptatem. Aut consequatur excepturi sunt et saepe beatae aut.','et','268969286','Eos veniam iure ipsam eum enim.','1981-01-04 05:03:45','1981-02-12 17:08:48'),
('85','635','Neque et nisi voluptas. Sit consequatur accusantium nihil eum voluptatum facilis minima sed. Ipsam unde eaque quia.','unde','7348','Molestiae dolor architecto est aperiam incidunt asperiores recusandae quia.','1996-12-31 16:16:57','1992-11-01 12:35:06'),
('86','636','Rerum similique numquam enim velit dolore magnam. Voluptas sed perferendis quod. Quis deserunt dolor occaecati reiciendis nihil et non temporibus. Quam vel unde alias optio.','unde','901','Amet neque ut quibusdam dolorem repellendus deserunt eos.','2004-09-17 06:43:09','1973-05-20 12:45:37'),
('87','637','Commodi voluptatibus et reiciendis quia dolorum vel. Ab tempore libero ratione neque incidunt voluptas omnis. Sequi omnis sapiente nisi. Porro quasi qui rerum dolor est.','magnam','92250970','Non ut voluptas beatae dolores cum id eum.','1977-09-09 22:22:02','1970-10-01 20:54:05'),
('88','644','Porro officia rerum repellendus qui quia. Voluptas et debitis dolores consequatur tempora sint veritatis ea. Eos totam et nam nostrum. Quia qui libero laborum ex cumque.','reiciendis','8498','Ducimus id nihil deserunt ut et laborum ad quis.','1990-02-01 21:30:13','2006-05-01 07:59:15'),
('89','646','Et quaerat temporibus illo veniam. Ea voluptatem ipsum voluptatibus ipsa omnis. Omnis enim similique nihil et. Fuga voluptatum autem assumenda ab.','a','6132','Aliquid dicta optio suscipit sit.','2010-08-09 00:28:40','1986-01-21 07:26:27'),
('90','647','Omnis deleniti dolores sed. Quasi consequuntur quis illum enim assumenda quae corrupti. Non occaecati doloremque nostrum consequatur voluptatem.','voluptatem','325123218','Ut autem nemo quasi accusamus et qui dicta nemo.','2019-06-22 22:14:11','1998-07-29 12:33:42'),
('91','648','Dicta mollitia et facere dolores est quaerat suscipit. Aliquam amet vel nobis quis delectus ipsum. Dolorum et enim ut iste facilis.','praesentium','548374876','Ut est similique aut temporibus vero qui autem.','1980-03-08 13:02:40','2013-08-06 15:23:55'),
('92','652','Porro quo nobis voluptates voluptatibus et reprehenderit. Omnis quia a enim. Beatae eius harum minima quia est optio quis qui. Nulla qui molestiae repellendus.','fuga','6311','In ut consequatur tempore est molestias odio sed.','2005-08-27 01:30:33','1982-08-23 23:56:08'),
('93','653','Et fuga assumenda optio corrupti amet quisquam expedita. Sed harum ut eos dolores praesentium. Consectetur dolores molestiae et nihil dolore aspernatur. Fuga est et consequatur eum occaecati.','magnam','6759913','Quo laboriosam est rerum quibusdam atque quia perferendis.','1982-03-12 15:20:34','2016-08-15 23:08:01'),
('94','654','Repudiandae culpa soluta quis. Minima repudiandae consectetur inventore eum eos et eos. Provident occaecati ut aut aperiam natus consequatur voluptatem.','quas','72399','Magni enim odit distinctio vel ut harum nisi doloribus.','1973-01-29 01:02:06','1999-10-22 06:16:36'),
('95','658','Suscipit sit sunt impedit minus. Placeat tempora et ut et eum minima perspiciatis. Sit earum vero libero consequatur veniam corporis. Eos adipisci sed in velit tenetur eveniet tempora.','vitae','42','Fugit quam voluptatum consequuntur delectus eos commodi.','1996-12-09 17:24:32','1978-11-19 23:52:22'),
('96','660','Odio libero aut eius eius laudantium. Velit ex est et totam laudantium molestiae. In quae ducimus ut numquam numquam. Quia ipsa vel non quos.','quisquam','66993727','Voluptas nam non maiores et deleniti aut assumenda.','2010-01-12 13:16:11','2006-04-09 12:21:24'),
('97','661','Accusamus rem cumque rerum est ratione omnis. Possimus et sed et provident nesciunt mollitia. Blanditiis in velit libero ut. Et nostrum quia et voluptatem.','error','32797694','Tenetur et quos nesciunt quidem.','1973-01-01 00:24:24','2011-03-12 03:12:50'),
('98','665','Cupiditate placeat qui cumque aut praesentium quia. Doloremque maxime facilis repudiandae est sequi. Et in perferendis fugiat. Et ea consequatur ab nesciunt qui.','rerum','5324196','Ea voluptatem dignissimos unde velit ut facilis.','2008-02-19 02:13:50','1990-08-04 14:14:33'),
('99','668','Veritatis quis et soluta quasi omnis facere. Provident non dolore assumenda officia aut eius. Dolorem fuga veritatis neque cum. Labore id praesentium quisquam accusantium quidem est.','voluptatibus','742','Distinctio vero laborum omnis corporis ullam perferendis a.','1999-09-22 06:16:43','1978-08-20 09:14:33'),
('100','669','Aperiam laboriosam consequatur eum facilis. A qui blanditiis sint consequatur quam consectetur. Dignissimos quo sed ratione totam delectus. Totam reiciendis consequatur rerum iure consequuntur.','culpa','1762578','Fugiat in et recusandae et esse aut a.','2013-10-26 18:33:26','1971-08-13 04:41:39'); 


DROP TABLE IF EXISTS `friend_requests`;
CREATE TABLE `friend_requests` (
  `initiator_user_id` bigint(20) unsigned NOT NULL,
  `target_user_id` bigint(20) unsigned NOT NULL,
  `status` enum('requested','approved','unfriended','declined') COLLATE utf8_unicode_ci DEFAULT NULL,
  `requested_at` datetime DEFAULT current_timestamp(),
  `updated_at` datetime DEFAULT NULL ON UPDATE current_timestamp(),
  `confirmed_at` datetime DEFAULT NULL,
  PRIMARY KEY (`initiator_user_id`,`target_user_id`),
  KEY `target_user_id` (`target_user_id`),
  CONSTRAINT `friend_requests_ibfk_1` FOREIGN KEY (`initiator_user_id`) REFERENCES `users` (`id`),
  CONSTRAINT `friend_requests_ibfk_2` FOREIGN KEY (`target_user_id`) REFERENCES `users` (`id`)
) ENGINE=InnoDB DEFAULT CHARSET=utf8 COLLATE=utf8_unicode_ci;

INSERT INTO `friend_requests` VALUES ('501','501','requested','1970-07-01 17:49:58','1978-12-25 09:32:31','1992-02-24 07:10:26'),
('502','502','unfriended','1980-09-21 08:23:56','1996-09-17 00:31:46','2014-08-23 06:49:57'),
('503','503','declined','2006-02-02 06:55:18','1976-06-30 21:48:56','2015-12-15 07:24:20'),
('504','504','declined','1993-09-30 13:36:11','2005-02-22 03:49:42','2017-03-15 13:21:50'),
('505','505','declined','2001-01-22 05:17:26','2010-11-01 06:12:57','1995-01-22 05:06:39'),
('506','506','approved','1983-06-09 23:56:36','2004-06-22 01:40:26','1999-06-26 23:54:41'),
('508','508','approved','1985-10-25 07:12:43','1997-09-04 10:31:23','1985-03-03 08:02:15'),
('509','509','approved','1975-01-17 15:09:35','1990-07-07 23:08:07','2001-12-18 02:36:15'),
('510','510','declined','1975-04-29 23:25:12','1985-06-16 03:27:50','1981-11-23 06:06:01'),
('512','512','requested','1985-01-18 23:15:51','2008-02-29 18:09:14','1995-07-29 15:24:28'),
('517','517','approved','1989-04-14 15:27:15','2009-12-13 07:29:11','1975-01-13 00:59:53'),
('518','518','declined','2006-07-16 03:01:09','1998-09-01 14:44:08','1991-03-08 20:12:10'),
('519','519','approved','1986-04-05 19:00:36','2003-05-22 04:45:02','1998-07-08 01:29:35'),
('520','520','approved','1995-03-05 02:33:47','2014-06-14 19:43:02','1977-10-13 17:14:31'),
('521','521','declined','2001-10-14 14:54:11','2012-06-25 13:29:03','2003-10-05 03:33:32'),
('523','523','requested','2013-09-30 00:07:27','1997-12-20 12:28:13','1990-01-01 18:28:22'),
('524','524','requested','1978-05-26 09:28:14','2015-10-17 03:52:43','2015-08-24 11:14:29'),
('525','525','declined','1999-01-15 09:04:15','2011-07-06 08:32:56','1972-12-27 10:37:27'),
('526','526','declined','1974-11-27 14:10:05','1971-06-03 22:11:12','1976-08-27 12:59:33'),
('529','529','requested','2015-12-15 04:37:44','2012-08-25 14:47:21','1993-02-19 22:58:03'),
('530','530','declined','1971-02-19 11:20:38','1991-02-11 02:57:04','1991-03-27 02:44:29'),
('531','531','requested','1986-07-20 00:03:08','2013-09-20 22:37:09','2018-01-29 10:59:20'),
('535','535','approved','2014-04-28 10:17:02','2006-06-22 16:44:24','2001-12-18 23:35:03'),
('537','537','requested','1970-09-25 00:37:55','2002-11-05 14:10:57','1996-06-22 00:14:53'),
('538','538','unfriended','1986-07-11 13:29:50','2010-05-12 22:28:13','2005-01-01 18:11:37'),
('539','539','declined','2013-02-06 19:19:23','1980-01-25 02:17:45','2012-08-29 08:39:53'),
('540','540','unfriended','1973-01-05 03:54:45','1986-10-18 20:45:17','2002-10-19 09:59:29'),
('541','541','requested','2007-07-03 14:03:39','2013-04-20 04:16:22','1995-05-12 18:34:58'),
('542','542','approved','2011-03-04 20:30:03','2013-06-16 20:14:43','1971-08-23 12:02:51'),
('543','543','declined','2010-03-13 13:26:19','2014-07-10 14:06:06','1988-03-28 00:47:36'),
('544','544','approved','1997-04-14 03:47:57','2019-05-14 23:42:13','1979-07-28 03:14:51'),
('545','545','requested','2008-12-11 15:57:39','1988-01-09 13:56:24','1990-11-14 05:40:11'),
('546','546','approved','2011-01-05 00:29:12','2005-11-23 08:09:32','2016-09-29 11:51:06'),
('547','547','declined','1987-04-28 19:59:26','1986-07-24 02:49:33','2015-01-21 00:55:00'),
('548','548','requested','1986-08-10 13:50:18','2013-10-17 17:39:29','1996-10-05 12:46:53'),
('552','552','approved','2002-02-28 16:41:42','1978-11-28 18:54:45','1974-10-29 05:36:18'),
('553','553','requested','2013-10-18 06:13:35','1994-09-07 02:00:32','1974-07-17 15:14:12'),
('556','556','requested','1984-01-01 00:08:40','1985-11-29 20:48:49','2016-10-19 20:36:48'),
('557','557','requested','2013-06-14 12:33:46','2005-07-01 20:41:03','2010-03-18 01:18:32'),
('561','561','unfriended','1976-11-03 02:53:58','1997-11-20 19:31:54','1995-06-03 05:05:09'),
('562','562','declined','2001-01-06 12:57:06','2002-09-08 06:10:11','1973-04-30 21:24:34'),
('564','564','approved','1997-08-03 09:09:34','2012-09-01 23:27:31','2008-03-27 19:34:38'),
('565','565','unfriended','1971-08-20 02:10:19','1982-06-25 06:57:53','2013-04-08 06:38:09'),
('566','566','declined','2001-08-18 16:00:36','1978-06-23 05:39:22','2017-11-29 02:14:19'),
('567','567','unfriended','2004-03-05 10:29:16','1996-01-30 23:09:24','2016-10-25 11:26:38'),
('568','568','approved','1976-07-17 21:57:15','1981-03-29 22:19:56','1987-10-19 06:14:54'),
('569','569','approved','2016-03-30 16:14:24','1985-04-06 21:22:14','1994-04-18 12:05:39'),
('571','571','requested','1971-09-28 05:26:56','1971-10-20 11:44:18','2003-10-11 08:28:50'),
('572','572','requested','1991-07-27 10:18:19','1980-09-08 03:43:32','1992-03-17 00:57:47'),
('573','573','declined','2020-03-21 09:02:06','2002-07-25 16:16:18','1975-06-09 07:34:36'),
('574','574','requested','1989-07-25 18:23:03','2007-11-11 22:51:33','2001-10-03 15:12:42'),
('577','577','declined','2000-12-27 22:07:47','2004-11-01 08:24:05','1970-04-04 11:44:30'),
('579','579','approved','2011-10-14 01:42:25','1970-02-10 04:08:48','1991-07-19 19:23:32'),
('583','583','unfriended','2000-11-12 03:41:00','1981-12-03 19:28:11','1982-07-11 16:30:31'),
('585','585','unfriended','2006-12-22 02:08:42','2004-05-17 04:29:17','1990-12-23 11:07:08'),
('586','586','declined','2011-09-27 09:59:25','1975-12-30 00:34:06','2014-05-21 11:51:05'),
('587','587','approved','2016-02-14 18:45:29','1989-01-16 08:56:02','1980-10-31 16:10:58'),
('590','590','unfriended','2009-07-30 08:28:13','2012-04-02 09:31:20','1976-07-04 13:50:04'),
('594','594','declined','2005-02-24 08:07:27','1987-07-25 09:14:33','1991-04-06 16:06:42'),
('595','595','declined','1973-11-09 12:57:05','1996-10-24 03:47:22','2008-12-28 17:26:37'),
('597','597','unfriended','1979-01-23 05:21:07','1978-02-16 09:02:13','2004-09-16 23:37:18'),
('598','598','requested','2017-05-10 07:50:02','1981-12-20 14:04:01','2013-04-19 20:25:42'),
('599','599','requested','1975-08-26 16:23:18','2016-04-19 20:49:49','1994-10-05 18:37:40'),
('600','600','requested','2005-11-16 02:03:55','1978-05-26 23:52:24','1981-03-04 05:40:08'),
('601','601','requested','2015-03-19 19:41:38','1994-08-25 01:30:37','1970-09-15 23:39:21'),
('602','602','requested','1975-10-30 14:24:28','2011-04-11 22:30:06','2011-09-04 11:45:26'),
('603','603','declined','2002-12-16 04:33:40','1981-04-19 16:18:37','2006-06-01 22:53:25'),
('605','605','requested','1970-04-05 11:16:27','1987-10-15 08:49:33','2014-04-16 14:20:45'),
('607','607','unfriended','2015-07-01 17:55:45','2007-08-10 17:41:35','1998-03-05 16:11:54'),
('608','608','requested','1977-12-21 14:15:32','1974-01-13 17:34:29','2007-11-09 13:10:51'),
('610','610','approved','1995-03-29 15:01:19','1989-01-12 19:03:29','2012-11-06 19:46:51'),
('611','611','approved','1981-12-31 23:32:38','1987-08-29 20:19:16','1976-04-06 04:52:11'),
('614','614','unfriended','2001-05-07 08:11:22','2013-06-20 18:32:12','1995-07-15 19:28:42'),
('615','615','requested','1986-06-27 10:14:23','1987-11-26 08:21:05','1981-12-14 05:58:30'),
('618','618','declined','1973-09-22 13:14:10','1992-11-27 22:50:09','1986-07-13 23:15:49'),
('621','621','declined','2003-05-17 16:55:51','2004-03-08 04:27:52','2012-10-12 21:35:28'),
('623','623','requested','1972-10-24 17:07:17','1974-09-18 02:03:21','1984-02-16 03:38:42'),
('624','624','requested','2001-07-17 10:48:49','2015-03-25 16:00:32','1995-10-01 06:16:07'),
('625','625','declined','1985-10-22 19:43:15','1995-08-15 15:09:02','2018-06-02 14:22:22'),
('626','626','requested','2006-12-15 00:45:58','1983-11-07 08:50:59','1998-09-09 13:57:30'),
('627','627','requested','1996-04-21 04:16:28','1978-02-19 11:47:37','1989-02-26 01:51:04'),
('628','628','requested','1972-03-06 16:43:16','1981-11-04 03:41:41','1980-02-21 07:58:50'),
('629','629','unfriended','2013-02-14 13:07:09','1991-07-06 07:02:47','1988-05-14 07:03:00'),
('633','633','declined','1996-06-29 06:43:29','2014-03-02 04:05:54','1972-12-30 09:29:17'),
('635','635','unfriended','1998-03-11 16:08:55','1974-04-13 16:22:31','1985-02-10 12:14:56'),
('636','636','unfriended','1975-12-12 07:48:06','2011-01-15 20:17:32','1973-04-16 23:07:25'),
('637','637','approved','2016-01-26 04:28:30','1996-07-22 18:06:07','2011-08-04 11:22:49'),
('644','644','approved','2014-08-23 12:02:17','1983-07-28 15:30:20','1983-01-02 08:58:59'),
('646','646','approved','1979-02-27 04:54:29','1990-05-07 13:16:42','2009-04-02 17:39:09'),
('647','647','requested','2016-10-07 15:07:15','2010-07-30 22:00:22','1992-09-16 01:52:39'),
('648','648','declined','1994-05-08 21:58:24','2017-02-02 20:05:24','2000-11-06 08:26:21'),
('652','652','approved','1978-01-10 03:46:48','2012-03-21 11:41:55','1998-05-09 15:54:13'),
('653','653','declined','2016-07-24 14:07:24','1983-09-11 23:36:11','2001-07-29 18:49:06'),
('654','654','unfriended','2008-08-15 23:45:04','1996-06-14 00:51:38','1978-07-22 20:13:33'),
('658','658','unfriended','2001-03-06 05:02:17','1997-04-11 04:46:16','1978-04-12 06:58:21'),
('660','660','approved','1999-08-28 07:26:08','1990-04-13 03:56:54','1989-11-24 13:00:49'),
('661','661','approved','2011-01-29 17:38:21','1980-07-22 15:07:24','1979-05-28 05:32:08'),
('665','665','declined','1974-07-09 20:47:32','2000-05-22 21:45:45','1971-12-03 08:49:25'),
('668','668','approved','1989-11-26 17:05:05','2020-02-25 03:49:09','1987-12-04 21:30:43'),
('669','669','declined','1984-04-19 21:55:18','2016-03-13 09:00:49','1970-06-07 05:57:56'),
('670','670','declined','1996-11-28 21:57:46','2019-09-21 09:30:49','2008-09-07 18:20:29'),
('671','671','declined','2013-08-28 02:47:36','1973-06-11 12:07:03','2010-08-02 03:38:29'),
('673','673','requested','1989-01-29 10:15:07','1996-11-21 06:25:45','1985-01-08 15:19:11'),
('674','674','declined','1974-08-20 06:59:21','2015-10-01 00:24:48','1978-08-15 15:01:55'),
('675','675','declined','1991-02-16 13:43:55','1982-06-24 12:35:29','1978-05-19 05:07:05'),
('676','676','declined','1991-11-03 05:54:31','1981-04-11 02:39:01','2006-10-07 04:58:07'),
('677','677','declined','1982-12-11 00:31:57','1970-05-06 16:03:49','1999-10-28 21:32:30'),
('678','678','unfriended','1993-10-01 14:10:39','1970-03-20 06:29:28','1998-05-31 03:39:48'),
('680','680','requested','2008-11-18 21:41:31','1993-07-13 11:06:40','2018-12-19 14:05:17'),
('681','681','unfriended','1999-11-29 11:39:41','1995-03-23 08:56:19','2010-06-23 15:35:03'),
('683','683','requested','2018-12-30 00:09:37','1980-11-13 01:59:36','1970-06-27 06:21:26'),
('684','684','unfriended','2006-06-11 13:56:20','1970-08-10 02:44:12','1988-05-01 02:23:35'),
('685','685','declined','1995-10-29 22:58:44','2002-07-26 15:32:12','2004-01-28 21:06:22'),
('686','686','declined','1990-07-22 10:25:08','2006-03-18 17:49:29','2009-04-14 02:00:04'),
('690','690','requested','2013-11-23 10:50:57','1978-07-06 18:49:12','1970-12-18 07:22:20'),
('691','691','unfriended','1999-02-26 23:56:02','1979-07-07 05:34:36','2017-03-24 15:08:53'),
('692','692','approved','1970-07-06 20:09:21','1992-03-10 18:57:41','2019-01-16 08:15:31'),
('693','693','unfriended','2016-02-06 14:32:15','2007-04-20 06:06:10','2015-09-12 05:46:22'),
('694','694','approved','1975-11-02 06:45:46','2001-11-29 21:28:48','1995-08-10 03:31:55'),
('697','697','requested','1989-05-14 13:07:16','2017-04-09 02:07:43','1974-12-11 19:57:36'),
('700','700','approved','2000-12-10 08:12:36','1999-12-31 22:57:27','1982-12-31 21:35:38'),
('701','701','declined','1973-03-14 16:51:23','2013-08-22 23:35:30','1970-07-03 04:33:59'),
('702','702','requested','1970-10-12 08:03:20','2009-07-07 20:50:06','1980-06-15 04:37:18'),
('703','703','requested','1988-12-14 05:37:50','2019-04-20 22:59:57','1983-01-29 06:51:39'),
('704','704','requested','2013-10-22 12:21:32','1999-02-20 17:11:03','1982-11-17 13:09:51'),
('707','707','declined','2015-06-25 05:28:00','1984-04-05 12:47:39','1970-09-07 19:22:50'),
('709','709','requested','1991-11-19 10:12:29','2002-12-27 06:15:36','1999-09-24 08:43:49'),
('712','712','unfriended','1992-10-02 20:16:19','1974-07-26 12:11:02','1977-05-31 19:33:29'),
('713','713','approved','2017-03-30 14:31:48','2002-09-08 20:02:33','2015-06-29 05:31:57'),
('718','718','declined','1972-10-30 14:47:08','2018-11-05 00:18:12','2012-06-11 12:49:38'),
('719','719','unfriended','1977-07-07 18:33:12','2014-03-17 09:01:59','1975-05-02 20:13:31'),
('720','720','declined','2014-09-23 10:46:35','1978-11-16 20:46:52','1990-04-26 20:56:51'),
('721','721','requested','1981-03-27 11:03:22','1986-03-18 07:12:58','1998-07-22 06:31:19'),
('722','722','unfriended','1988-05-28 18:10:39','1978-11-03 20:04:53','2018-08-14 19:57:05'),
('723','723','declined','2009-07-05 22:42:39','1981-03-28 12:03:28','2015-07-29 18:08:58'),
('725','725','declined','1999-10-14 00:55:58','1993-08-05 13:18:51','2006-12-20 18:57:59'),
('727','727','declined','2015-02-13 12:53:41','1988-11-24 07:30:38','1977-05-20 05:16:46'),
('729','729','approved','1979-04-03 17:52:51','2013-11-08 22:21:40','2006-08-30 20:58:49'),
('731','731','approved','2017-08-20 19:04:29','1984-06-28 11:19:49','2001-01-17 03:41:11'),
('732','732','requested','1982-11-20 02:21:22','2014-02-11 06:40:08','1995-07-02 17:11:48'),
('733','733','approved','2017-12-10 18:06:55','2007-12-26 10:17:26','1997-09-30 06:22:56'),
('737','737','unfriended','1979-02-13 19:49:56','2009-02-27 16:35:16','1980-11-11 00:51:14'),
('738','738','unfriended','1994-01-19 02:12:24','1995-04-06 05:45:11','2019-02-03 14:24:12'),
('740','740','unfriended','1972-12-21 11:32:40','1973-11-06 23:56:10','2003-02-23 22:16:25'),
('742','742','declined','2015-04-26 13:09:53','1986-03-04 21:42:25','1991-01-29 12:52:59'),
('745','745','declined','1993-08-29 07:38:50','1973-12-17 18:41:17','1990-08-09 17:01:24'),
('746','746','requested','2017-01-25 19:33:46','2006-11-21 04:47:18','2014-03-02 23:44:59'),
('747','747','declined','2005-10-21 05:36:17','1987-03-14 05:49:29','2008-05-03 08:36:02'),
('749','749','requested','2006-07-05 09:11:06','1971-09-24 16:10:57','1971-12-04 06:17:35'),
('750','750','approved','2002-06-11 15:16:10','1989-03-22 18:27:38','1975-08-29 17:48:05'),
('751','751','unfriended','2008-05-06 08:28:39','1997-02-15 13:27:46','1980-07-17 01:19:25'),
('752','752','declined','2011-02-04 05:27:12','1981-02-13 03:52:24','1983-05-31 07:58:31'),
('753','753','requested','1973-11-12 02:41:57','2006-08-09 07:24:46','2018-04-14 16:10:47'),
('757','757','declined','1985-10-01 00:32:54','2013-03-19 03:58:37','1986-04-30 13:14:02'),
('758','758','requested','1985-10-14 07:14:57','1973-08-25 22:51:15','1999-11-16 04:29:18'),
('759','759','unfriended','1989-12-19 14:01:03','2002-12-28 22:55:45','1978-10-19 11:23:16'),
('760','760','declined','1999-12-03 14:21:37','2003-10-17 07:11:24','2012-02-04 18:19:43'),
('761','761','unfriended','1990-12-25 09:43:32','1986-10-11 21:04:04','1975-05-26 01:01:42'),
('762','762','unfriended','1985-11-28 13:04:31','2019-09-30 14:35:01','2000-05-02 22:08:47'),
('763','763','requested','1992-04-30 14:08:53','2004-11-02 02:26:19','2003-04-07 15:37:28'),
('765','765','unfriended','1990-12-17 08:46:45','1995-11-04 07:39:15','1973-03-03 20:10:09'),
('767','767','declined','1982-11-20 01:01:27','1984-02-14 11:23:19','2010-08-09 10:16:31'),
('768','768','approved','1998-12-10 01:17:46','2017-01-07 20:48:24','1986-11-07 23:57:23'),
('769','769','requested','1974-06-26 01:54:45','1992-05-03 05:52:11','2000-06-28 00:51:50'),
('771','771','unfriended','1987-09-03 08:46:52','1974-06-21 00:27:13','1986-10-22 15:36:48'),
('772','772','approved','1992-09-09 03:32:49','1989-11-03 19:53:23','1986-02-18 15:26:57'),
('773','773','declined','1977-10-17 18:37:30','2011-08-18 05:04:42','1972-02-10 13:30:49'),
('776','776','declined','2016-10-12 08:59:56','2000-02-11 02:12:17','2008-02-10 03:26:58'),
('777','777','declined','2002-09-27 23:12:56','1970-05-29 05:23:49','2015-10-13 15:38:19'),
('778','778','requested','2009-05-30 21:27:25','2006-05-11 10:09:11','1982-02-19 08:39:00'),
('781','781','requested','2002-01-15 08:04:11','1998-01-26 16:02:54','2001-02-10 14:34:17'),
('782','782','requested','1992-09-12 13:20:43','2005-11-07 10:44:53','2004-01-25 17:58:35'),
('784','784','unfriended','1991-09-11 00:14:03','1972-08-04 08:32:28','2019-07-26 08:23:33'),
('785','785','declined','1995-10-24 02:07:31','2009-05-09 04:18:28','1985-08-08 14:38:53'),
('786','786','unfriended','1993-11-24 15:57:53','2009-03-28 05:20:35','1983-04-16 21:47:35'),
('787','787','declined','1988-04-15 04:09:33','1990-08-17 08:34:43','1988-01-27 21:11:41'),
('788','788','unfriended','1971-08-06 05:52:45','2015-04-29 09:01:01','1998-11-06 05:59:04'),
('790','790','declined','1982-11-15 20:29:43','1993-05-26 21:48:52','1978-01-24 19:09:11'),
('791','791','declined','1971-08-24 04:16:33','1983-12-20 16:40:50','1997-10-15 02:17:40'),
('792','792','approved','1993-08-29 08:12:36','1986-11-06 06:01:48','2011-06-01 17:15:32'),
('795','795','declined','2012-06-04 18:07:11','1976-02-13 06:50:45','1970-03-18 08:10:45'),
('796','796','declined','2003-08-10 06:12:17','2020-01-14 10:58:04','1978-07-29 15:23:12'),
('797','797','requested','1981-03-26 00:00:34','1985-06-10 10:52:02','1976-05-05 19:59:15'),
('798','798','declined','1987-12-29 20:08:11','1970-08-25 17:45:59','1995-06-11 20:23:42'),
('799','799','unfriended','2006-12-21 10:54:26','1996-04-10 07:30:55','1992-10-17 08:14:45'),
('800','800','declined','1970-07-10 01:56:27','1998-02-08 07:31:54','2020-01-03 14:55:26'),
('803','803','approved','1974-06-10 21:13:53','1987-06-17 22:53:08','1999-08-19 20:48:55'),
('805','805','requested','1987-03-28 08:39:31','1983-09-21 18:48:48','2002-05-06 23:15:27'),
('806','806','declined','2001-03-29 06:27:06','1972-01-23 17:06:48','1984-04-04 13:00:20'),
('807','807','unfriended','1974-01-27 09:42:03','2018-10-16 10:20:43','1991-04-27 04:46:14'),
('808','808','requested','1991-09-07 20:54:06','2002-03-22 17:01:48','1978-07-23 18:09:36'),
('811','811','approved','2014-05-28 18:51:42','1984-04-03 01:09:40','2007-01-11 19:42:50'),
('815','815','declined','2015-08-02 00:41:02','1995-07-31 22:15:10','2013-07-06 12:05:40'),
('816','816','declined','2011-04-25 02:02:41','2017-05-17 06:18:14','2019-01-03 08:00:23'),
('818','818','declined','2008-07-22 11:18:40','1987-08-21 04:30:58','1973-05-21 19:19:40'),
('819','819','requested','2003-06-16 23:09:31','1971-02-18 22:36:43','1973-07-20 18:52:26'),
('820','820','unfriended','1986-11-12 23:46:24','1986-07-22 09:41:46','2016-11-24 09:17:42'),
('821','821','unfriended','1974-04-04 08:26:47','2016-03-10 18:41:53','1977-02-06 05:05:29'),
('822','822','approved','1992-09-12 00:23:41','1981-01-14 07:59:11','2019-09-02 22:18:11'),
('823','823','requested','1986-10-28 11:00:54','2004-11-08 16:41:37','1975-01-28 21:20:53'),
('828','828','declined','2002-11-07 15:13:16','2003-09-18 22:31:21','1983-04-21 08:26:00'),
('829','829','requested','1994-12-28 17:36:10','1978-10-11 22:19:07','1973-04-13 22:26:38'),
('831','831','requested','1977-01-07 13:44:49','1998-05-15 16:17:01','1985-02-15 11:48:58'),
('832','832','unfriended','1983-09-09 16:36:20','2013-03-05 20:00:19','2006-11-23 23:30:13'),
('833','833','unfriended','1985-06-11 00:39:16','1985-04-27 14:35:20','1975-01-31 14:08:15'),
('836','836','requested','1996-08-25 03:31:19','2012-07-19 16:27:44','1995-12-15 14:26:11'),
('842','842','approved','1990-01-17 04:53:01','2005-11-17 15:34:29','2015-10-11 21:16:10'),
('844','844','unfriended','2004-09-16 03:20:33','1982-10-29 08:37:19','1974-12-23 15:49:20'),
('845','845','declined','2006-07-22 19:57:19','1970-03-27 11:13:00','2008-11-25 23:02:28'),
('846','846','requested','1977-01-27 17:09:34','1992-12-16 21:47:56','1977-06-01 17:40:27'),
('848','848','declined','2009-12-20 00:27:39','1972-04-13 21:46:26','1984-09-29 10:18:47'),
('849','849','approved','2015-01-14 07:55:39','1987-10-26 20:29:32','2005-04-02 03:13:47'),
('850','850','declined','1975-03-30 13:48:35','2008-09-14 02:03:38','1970-11-22 06:28:13'),
('851','851','approved','1982-09-24 04:01:52','2008-10-06 07:39:27','2012-02-03 06:50:46'),
('857','857','requested','1977-12-28 04:56:52','2017-10-13 23:05:22','2009-02-04 08:19:44'),
('859','859','unfriended','1997-03-21 16:48:25','1990-10-28 18:30:36','2011-04-02 13:02:19'),
('860','860','unfriended','1982-11-29 10:50:25','2000-06-20 19:42:18','1997-12-10 09:09:35'),
('861','861','approved','2015-11-25 10:55:53','1989-05-08 20:48:35','2019-08-12 04:07:08'),
('862','862','requested','2007-07-10 00:23:36','2016-03-28 01:52:10','2005-09-03 07:02:06'),
('863','863','declined','2017-09-11 10:38:18','1994-12-21 22:20:17','2020-03-01 08:55:19'),
('864','864','requested','1990-09-19 10:22:13','2003-04-14 21:50:39','1995-06-08 14:08:45'),
('869','869','requested','1977-07-04 11:13:40','1977-08-11 03:39:00','1994-07-27 14:04:09'),
('870','870','approved','1974-08-11 17:04:21','1990-03-25 16:35:59','2017-07-14 13:45:46'),
('871','871','unfriended','2003-12-25 05:42:37','1998-01-07 05:04:48','2015-08-04 15:57:21'),
('872','872','declined','1988-09-12 15:22:31','2009-06-18 17:03:15','2010-09-25 14:22:20'),
('876','876','approved','1985-11-26 01:28:48','2005-06-09 13:28:55','2002-03-03 15:11:28'),
('877','877','requested','2015-02-17 10:50:39','1988-10-16 19:22:03','2010-06-11 06:24:44'),
('883','883','approved','1976-07-18 21:45:06','2013-09-15 08:04:21','2019-07-26 16:10:25'),
('885','885','requested','1975-08-25 13:55:11','1998-12-26 17:59:02','2015-10-14 22:16:19'),
('887','887','approved','1999-08-22 10:47:26','2003-03-16 10:39:47','1997-08-21 21:12:18'),
('888','888','declined','2004-09-23 23:59:00','1984-08-21 20:10:37','2000-09-09 06:21:59'),
('889','889','unfriended','2003-01-17 12:08:35','1996-12-17 01:31:30','1996-02-13 01:55:23'),
('891','891','unfriended','1989-05-13 09:54:15','1994-03-09 01:35:22','1988-05-16 18:53:50'),
('892','892','declined','1982-04-22 08:07:49','2019-12-23 23:35:59','1970-01-13 07:53:21'),
('893','893','approved','2005-03-10 03:48:03','1976-09-01 20:12:28','1982-10-07 11:03:55'),
('895','895','requested','2016-07-01 02:07:21','1999-07-29 01:31:19','1990-07-16 15:50:53'),
('901','901','approved','2000-06-30 15:42:13','1985-10-03 22:33:01','1979-08-31 04:19:13'),
('902','902','unfriended','2014-11-02 13:45:46','1974-02-12 17:33:39','1979-03-28 09:15:47'),
('903','903','requested','2003-01-05 12:37:03','2000-03-13 10:48:50','2018-10-14 06:15:35'),
('905','905','declined','1995-09-29 20:20:56','1996-03-01 12:54:34','2017-01-25 12:14:26'),
('906','906','requested','2001-02-23 05:12:33','2014-02-14 13:26:09','2019-02-19 20:34:16'),
('909','909','unfriended','2001-10-14 18:30:05','2017-02-26 00:44:38','2006-02-23 02:41:00'),
('910','910','declined','2020-02-22 21:00:30','2008-09-04 12:32:24','1985-12-09 14:35:36'),
('911','911','approved','2002-06-08 09:40:11','2016-01-04 10:26:36','2013-12-13 07:36:29'),
('912','912','requested','2014-02-04 11:16:02','2000-01-12 01:25:15','1985-02-01 17:43:16'),
('913','913','approved','1990-04-01 05:48:40','2012-04-15 14:52:22','1976-06-19 14:53:12'),
('914','914','unfriended','1985-06-08 01:59:40','1986-12-09 20:59:57','2002-08-27 13:45:50'),
('915','915','declined','2019-05-26 05:22:11','2002-08-10 11:44:39','1971-09-13 15:02:05'),
('917','917','unfriended','1972-07-08 18:34:07','1977-12-13 21:13:26','1980-12-21 04:37:30'),
('918','918','declined','2004-02-15 04:40:26','2016-12-14 03:01:30','2004-11-29 21:32:30'),
('919','919','requested','2018-02-28 04:10:58','1982-03-22 08:36:40','2014-04-02 14:05:58'),
('920','920','unfriended','1997-10-28 00:35:50','2019-08-14 01:38:07','1977-02-17 08:07:13'),
('921','921','approved','2003-04-14 19:41:11','1986-03-22 23:02:46','2003-08-30 23:46:03'),
('923','923','declined','2005-08-25 10:42:29','1988-06-30 05:47:43','2016-06-20 00:22:00'),
('924','924','declined','2000-09-17 20:09:10','2006-08-27 09:18:17','1994-04-08 14:03:38'),
('925','925','declined','2010-09-10 00:25:44','1985-09-30 11:41:53','1999-05-10 10:59:28'),
('926','926','unfriended','2006-10-14 02:43:03','1974-10-30 20:53:50','2012-08-25 03:58:11'),
('929','929','unfriended','1991-11-17 21:06:51','2010-06-16 07:41:48','2006-08-27 18:45:45'),
('930','930','requested','1999-01-08 18:46:55','1973-12-17 04:40:01','1996-07-10 03:32:09'),
('931','931','approved','1995-09-07 05:33:22','1981-08-03 19:09:23','1984-09-23 04:49:44'),
('932','932','approved','1989-10-11 18:21:04','1989-11-12 14:07:05','1978-12-20 13:54:07'),
('933','933','declined','2005-01-17 14:33:15','1977-09-12 22:59:06','2018-07-17 13:42:23'),
('936','936','requested','1976-07-26 12:20:23','1974-04-06 10:24:57','2013-06-18 20:09:54'),
('940','940','declined','1978-08-11 13:48:13','1970-04-11 13:26:31','2007-01-31 03:03:50'),
('943','943','unfriended','1994-02-26 14:54:48','1972-12-23 16:46:23','2007-10-21 01:20:31'),
('944','944','declined','1991-02-15 16:46:21','1976-02-17 03:40:59','1978-11-17 21:01:21'),
('945','945','unfriended','1979-11-20 21:32:48','1993-03-21 04:59:09','1998-05-11 08:24:12'),
('947','947','unfriended','1984-02-10 07:33:11','1980-10-21 09:35:20','1985-11-28 03:52:24'),
('948','948','approved','1990-10-17 14:04:52','1988-06-23 02:55:12','1972-08-27 05:50:34'),
('950','950','approved','2009-02-15 08:52:26','1974-11-23 20:05:01','2001-01-08 18:26:46'),
('951','951','requested','1979-03-22 09:37:06','2012-01-14 07:20:16','2014-08-05 12:28:40'),
('953','953','approved','1983-07-27 04:44:59','1988-01-17 08:06:38','1978-04-06 09:09:07'),
('955','955','declined','1992-07-10 13:54:54','1971-05-26 01:32:21','1997-02-14 23:35:51'),
('956','956','unfriended','1985-10-16 19:51:32','2019-07-19 02:01:22','2008-09-07 22:46:12'),
('957','957','approved','1993-05-21 07:54:03','2013-12-30 14:52:50','2005-05-11 23:28:22'),
('958','958','unfriended','1982-02-25 09:35:11','1984-03-01 01:52:40','1970-03-12 20:02:58'),
('960','960','approved','2017-06-13 19:05:24','2013-04-16 15:38:07','2018-01-04 04:34:36'),
('961','961','requested','1981-07-21 01:46:12','2016-04-23 22:02:45','2016-03-22 21:05:13'),
('964','964','unfriended','1985-06-26 19:12:40','1997-11-06 17:25:51','1970-12-18 19:59:10'),
('965','965','requested','2000-03-29 11:00:13','1972-12-14 17:39:14','1991-03-17 21:44:19'),
('967','967','declined','1971-06-07 12:52:11','1976-01-12 12:27:33','1996-02-29 22:28:30'),
('968','968','declined','2003-06-10 13:00:27','2003-10-23 20:40:52','1981-12-05 22:36:18'),
('970','970','declined','1976-11-29 00:17:19','1995-10-27 07:53:39','1991-12-12 08:24:53'),
('971','971','requested','1991-05-15 08:45:00','1970-11-13 16:01:31','2015-09-14 21:17:55'),
('975','975','requested','1989-08-11 01:33:25','2018-02-05 17:43:52','2012-06-25 18:25:58'),
('976','976','requested','1972-02-04 21:19:30','1985-02-14 23:26:35','2012-11-21 06:40:13'),
('977','977','requested','1991-10-12 09:22:17','1985-07-23 08:48:18','2007-01-20 14:03:47'),
('979','979','requested','1973-10-24 13:16:34','1992-09-18 23:07:21','1982-08-03 12:26:03'),
('980','980','approved','2018-07-31 08:34:53','1991-01-11 16:50:00','2010-10-22 01:29:12'),
('982','982','unfriended','1972-07-23 12:28:04','1973-04-27 02:00:40','1987-03-04 18:40:27'),
('983','983','unfriended','1989-04-14 00:53:19','1983-08-10 06:15:22','1976-12-13 03:48:09'),
('984','984','requested','2011-08-02 01:23:31','1992-07-22 09:36:59','2014-11-16 19:44:15'),
('985','985','requested','1982-05-15 22:46:52','1993-09-05 05:23:17','2004-01-23 23:48:11'),
('987','987','requested','1991-10-01 08:59:24','2003-05-02 19:20:48','1980-05-08 04:21:25'),
('988','988','requested','2014-06-08 16:20:12','2015-07-01 11:25:50','1976-12-05 21:18:25'),
('989','989','requested','2015-05-05 08:42:08','1991-08-31 14:33:08','1998-01-28 07:22:01'),
('990','990','unfriended','1986-10-21 07:36:29','2014-03-28 23:31:00','1999-05-14 22:09:56'),
('991','991','unfriended','2003-05-02 04:41:38','1992-12-28 06:48:26','1976-06-14 20:02:58'),
('992','992','approved','1980-12-12 06:19:46','2008-11-12 05:46:49','2005-02-11 08:10:48'),
('994','994','declined','2016-05-24 16:36:48','1990-09-30 23:18:29','2017-12-11 16:17:30'); 


DROP TABLE IF EXISTS `likes`;
CREATE TABLE `likes` (
  `id` bigint(20) unsigned NOT NULL AUTO_INCREMENT,
  `user_id` bigint(20) unsigned NOT NULL,
  `media_id` bigint(20) unsigned NOT NULL,
  `created_at` datetime DEFAULT current_timestamp(),
  PRIMARY KEY (`id`),
  KEY `user_id` (`user_id`),
  KEY `media_id` (`media_id`),
  CONSTRAINT `likes_ibfk_1` FOREIGN KEY (`user_id`) REFERENCES `users` (`id`),
  CONSTRAINT `likes_ibfk_2` FOREIGN KEY (`media_id`) REFERENCES `media` (`id`)
) ENGINE=InnoDB AUTO_INCREMENT=16 DEFAULT CHARSET=utf8 COLLATE=utf8_unicode_ci;

INSERT INTO `likes` VALUES ('1','501','1','1980-03-02 04:26:18'),
('2','502','2','2010-05-19 23:25:34'),
('3','503','3','1975-03-01 19:56:53'),
('4','504','4','2019-08-28 10:59:59'),
('5','505','5','2007-03-20 05:08:14'),
('6','506','6','1974-11-20 00:35:24'),
('7','508','7','1987-09-22 13:39:14'),
('8','509','8','1975-03-12 04:27:21'),
('9','510','9','1979-06-25 21:47:28'),
('10','512','10','2017-01-22 22:24:29'),
('11','517','11','2008-03-14 14:40:19'),
('12','518','12','1999-04-29 20:54:00'),
('13','519','13','2000-02-02 12:18:15'),
('14','520','14','1985-11-27 13:47:15'),
('15','521','15','2013-12-05 02:09:31'); 


DROP TABLE IF EXISTS `media`;
CREATE TABLE `media` (
  `id` bigint(20) unsigned NOT NULL AUTO_INCREMENT,
  `media_type_id` bigint(20) unsigned NOT NULL,
  `user_id` bigint(20) unsigned NOT NULL,
  `body` text COLLATE utf8_unicode_ci DEFAULT NULL,
  `filename` varchar(255) COLLATE utf8_unicode_ci DEFAULT NULL,
  `size` int(11) DEFAULT NULL,
  `metadata` longtext CHARACTER SET utf8mb4 COLLATE utf8mb4_bin DEFAULT NULL,
  `created_at` datetime DEFAULT current_timestamp(),
  `updated_at` datetime DEFAULT current_timestamp() ON UPDATE current_timestamp(),
  PRIMARY KEY (`id`),
  KEY `user_id` (`user_id`),
  KEY `media_type_id` (`media_type_id`),
  CONSTRAINT `media_ibfk_1` FOREIGN KEY (`user_id`) REFERENCES `users` (`id`),
  CONSTRAINT `media_ibfk_2` FOREIGN KEY (`media_type_id`) REFERENCES `media_types` (`id`)
) ENGINE=InnoDB AUTO_INCREMENT=501 DEFAULT CHARSET=utf8 COLLATE=utf8_unicode_ci;

INSERT INTO `media` VALUES ('1','1','501','Rerum animi minima qui. Distinctio ipsum neque quod voluptate aut accusantium optio.','repellendus','6',NULL,'1970-10-20 18:25:22','2018-04-02 13:06:49'),
('2','2','502','Minus soluta sed soluta et dolor voluptatum. Accusamus non ut perferendis tempora laborum. Illum voluptas sunt voluptas consectetur veritatis veniam aperiam qui.','nihil','427864',NULL,'2008-09-15 13:18:54','1972-04-08 01:21:02'),
('3','3','503','Dignissimos rem autem totam est est nesciunt dolorem. Consequatur iusto sed qui tempora fugit fugiat. Iusto voluptas delectus rem ipsam.','aperiam','302',NULL,'1976-10-28 11:28:08','1983-06-26 08:41:06'),
('4','4','504','Dolore illo nihil ea. Ipsum nesciunt aut voluptatem quibusdam. Cumque qui molestiae laborum doloribus sed.','dolorum','51555',NULL,'2010-03-10 07:19:11','2009-03-08 05:04:50'),
('5','5','505','Ex eos ipsam aliquid hic rerum ut. Suscipit cumque dolor molestias ducimus nulla. Alias voluptatem voluptas doloremque eum sed veniam sequi sit. Officia adipisci reiciendis sint perferendis consequatur quod dolorem.','est','97742355',NULL,'2009-04-21 04:04:10','2000-10-13 17:52:05'),
('6','6','506','Adipisci reprehenderit dignissimos est et. Exercitationem quidem tenetur laborum minima et. Eos aspernatur minus ut magnam quia sint qui. Aut labore sunt ipsa sunt eveniet.','dolorem','40917216',NULL,'2015-03-20 03:22:48','2012-12-02 01:46:55'),
('7','7','508','Est ut doloremque et doloribus. Neque corporis voluptatibus rerum sed et debitis ipsa excepturi. Veritatis officia occaecati a earum. Voluptas similique ipsam omnis aut modi qui provident enim.','et','0',NULL,'2018-11-15 14:13:29','1986-01-24 06:12:03'),
('8','8','509','Et fugit a repellat laboriosam modi quam. Architecto temporibus ipsum vel ut ipsam dolorem. Provident ut quae mollitia a. Facilis possimus saepe quia tenetur molestiae exercitationem.','ipsam','159',NULL,'1982-02-24 23:16:55','1990-11-04 05:17:49'),
('9','9','510','Unde molestias consectetur voluptatibus odit eveniet cumque. Et magni in impedit labore ut quae vel voluptas. Eius aspernatur in tenetur qui itaque quis sit ea. Dolores voluptatum sint labore quia. Dolor pariatur nulla est vitae exercitationem.','modi','662',NULL,'2012-09-13 02:02:16','2019-09-05 16:37:58'),
('10','10','512','Optio alias qui sed laborum voluptatem porro. Aut dolorem perspiciatis quo ut dolore temporibus. Iure omnis aut repudiandae maxime alias eius. Voluptatem quo eum deserunt quidem.','numquam','18889',NULL,'1992-01-09 00:24:17','2018-12-23 14:42:45'),
('11','1','517','Dicta porro similique optio recusandae et veniam. Aut pariatur numquam facere. Sed amet rem nihil eos dignissimos voluptatem ea.','qui','34354',NULL,'2008-01-18 07:41:45','1990-11-26 14:00:40'),
('12','2','518','Sint excepturi recusandae enim sapiente a nobis autem. Nihil aspernatur dolores maiores est. Suscipit sint nam eos et.','illum','19',NULL,'1974-08-23 00:43:38','2013-07-07 04:13:00'),
('13','3','519','Nesciunt quo necessitatibus quis. Et nihil rerum itaque perferendis similique quibusdam. Modi sit maiores enim autem nobis modi ea earum.','rerum','562388',NULL,'1991-03-06 08:40:45','2016-03-12 08:19:06'),
('14','4','520','Fugiat necessitatibus quos quia expedita autem. Odio reprehenderit officiis id. Ducimus sed quo et qui.','nesciunt','6216969',NULL,'2013-03-07 12:38:10','1982-03-01 20:37:44'),
('15','5','521','Possimus consequatur dolorem vel sed quia necessitatibus ipsum. Tenetur occaecati et ipsa provident. Autem qui fuga facilis ut reprehenderit consequatur dolorem. Id perferendis expedita culpa tenetur.','unde','473',NULL,'1993-04-24 05:54:09','1999-03-21 09:45:38'),
('16','6','523','Qui debitis laudantium cupiditate rerum et necessitatibus. Provident delectus reprehenderit a omnis eum voluptatem architecto. Incidunt sed libero rem tempora molestiae. Iste eaque soluta veniam nam quibusdam.','quia','0',NULL,'1976-05-23 04:03:41','1998-09-01 15:49:38'),
('17','7','524','Omnis ipsum nemo id voluptatem. Officiis officia quia recusandae debitis. Dolor consequuntur possimus qui in sint.','amet','71669192',NULL,'1977-11-01 03:33:40','1985-02-09 12:21:20'),
('18','8','525','Culpa adipisci dolorem quidem est nam ut quasi. Culpa nemo reiciendis eum quia laborum rerum. Maiores doloribus aut iusto incidunt fuga. Libero qui qui sit et repellendus nulla modi. Ut vitae neque odio beatae et possimus deserunt.','esse','16547',NULL,'1975-04-15 22:36:37','2000-03-25 09:26:09'),
('19','9','526','Praesentium tempora amet qui iusto eaque aspernatur dolorum. Mollitia et dolorem maxime et. Officiis placeat iste velit non. Ut eveniet commodi perspiciatis est magnam.','repellat','2427',NULL,'1986-08-05 12:03:38','1977-02-16 20:27:56'),
('20','10','529','Architecto vitae velit fugiat in explicabo sit. Aliquid quis illum molestias ut atque. Facilis ipsam ipsam in voluptatem. Incidunt hic nobis explicabo velit repellendus.','numquam','785',NULL,'1993-02-23 02:30:22','1985-04-22 13:25:10'),
('21','1','530','Quisquam atque ut ad qui qui quidem eum. Odio dolor laboriosam labore quia quos. Illo quo sed laboriosam similique enim est minus earum. Et possimus officiis soluta voluptate repellendus quibusdam ipsum ad. Quo tempore ut nostrum hic qui.','nemo','58170',NULL,'2020-02-11 18:39:07','2002-04-28 15:04:38'),
('22','2','531','Doloremque ipsam sed reprehenderit. Dolor et molestiae fugiat laborum consequuntur. Quae temporibus quis aliquid nemo nihil ut.','dolores','6461',NULL,'1973-10-26 02:12:32','1978-10-06 16:25:05'),
('23','3','535','Non neque numquam aut natus consequatur ipsam qui. Est magni repellat eos provident consequatur. Vel illo numquam ullam error ut cum nihil. Ut dicta quam sed eum temporibus.','est','91188827',NULL,'1982-06-28 12:43:31','1984-10-09 14:09:06'),
('24','4','537','Iure aut accusantium fugiat laboriosam omnis laborum earum. Et voluptatem nemo deleniti quia et omnis. Illum commodi et sed optio aspernatur.','soluta','527927',NULL,'2002-06-12 16:49:43','1996-02-28 11:24:56'),
('25','5','538','Vel accusantium ratione debitis ut. Culpa nobis repellendus doloremque nulla molestiae. Dicta quasi atque rerum iure.','sunt','323479',NULL,'2003-06-28 16:46:07','1989-03-24 05:56:21'),
('26','6','539','Repudiandae consequatur dolor et molestias voluptatum aut placeat quia. Laboriosam ea eos aut sed. Nihil aut suscipit eveniet natus eos.','eaque','0',NULL,'2014-02-22 10:15:47','2014-08-18 19:21:38'),
('27','7','540','Aliquid odio consectetur quod ut mollitia. Vel ut distinctio quod veritatis alias delectus culpa. Eum est mollitia et quis laboriosam laudantium.','labore','861272686',NULL,'2013-01-04 11:45:12','1997-11-29 04:50:44'),
('28','8','541','Perspiciatis iste quasi dignissimos optio consectetur. Blanditiis modi perferendis optio reprehenderit provident. Doloribus non molestias dolor eum qui.','ad','3986942',NULL,'1974-01-20 05:27:13','1971-01-19 16:28:50'),
('29','9','542','Voluptatem voluptate voluptates maiores et eius. Porro nisi id est quidem. Dolorum unde illo blanditiis nemo necessitatibus est.','ex','1',NULL,'1998-05-02 22:33:01','1987-10-24 05:19:53'),
('30','10','543','Blanditiis fugit totam occaecati natus animi qui voluptates. Inventore iusto aut soluta consequatur dolores corporis minima. Aliquid ut dolorem voluptatem qui reiciendis.','consequatur','47674571',NULL,'1987-11-28 21:27:48','2013-09-26 20:00:06'),
('31','1','544','Eum officia distinctio voluptas voluptas reiciendis dignissimos recusandae. Aut soluta eos sit aperiam sed fugit deserunt sit. Veniam sit ab eaque repellat.','qui','3',NULL,'1975-02-08 22:18:52','2015-11-01 20:42:57'),
('32','2','545','Quia nam non enim. Nihil consequatur non ad minima. Aut adipisci est aut. Magni est ab corrupti eaque esse facilis vel. Et libero vel voluptatem magnam itaque earum eaque.','non','422736',NULL,'1981-12-22 13:39:30','1979-04-29 18:12:49'),
('33','3','546','Libero quo fugiat et unde illo officiis et aspernatur. In in rerum omnis commodi debitis praesentium. Eligendi ut qui modi et voluptatem.','distinctio','811031077',NULL,'1999-11-27 14:20:02','1989-03-05 02:18:52'),
('34','4','547','Aut quis non praesentium iste libero officiis. Repellendus qui numquam ea quos. Tempora necessitatibus mollitia maiores quo optio. Nisi ut molestiae rerum velit ipsam non nisi sed.','sit','9',NULL,'1971-06-13 17:46:26','1993-12-22 17:00:50'),
('35','5','548','Quo unde in ullam et eum. Ea voluptas consequuntur voluptatem quia laboriosam et aliquam. Rerum impedit quia aspernatur illum ea. Sit quos sed et sunt. Exercitationem accusamus aspernatur ut ipsa qui ut ut qui.','est','48404825',NULL,'1987-05-14 11:29:01','2000-09-09 15:19:18'),
('36','6','552','Explicabo consequatur vel consequatur officia. Ea iure et optio illo id eveniet quisquam et. Vel ipsam exercitationem sed non et ut.','atque','6568',NULL,'1974-03-21 15:41:29','2000-07-21 18:45:20'),
('37','7','553','Quas debitis eaque nesciunt excepturi ut enim quidem incidunt. Minima assumenda sunt optio est illo minima. Nulla repudiandae dolorem sed inventore enim atque. Et quia est facere qui placeat saepe deserunt.','saepe','4267100',NULL,'1998-09-30 00:57:37','1988-01-31 21:32:20'),
('38','8','556','Totam id consequuntur vitae a. Non dolores consequuntur est eos. Voluptas asperiores quas distinctio cumque. Aliquam vitae saepe ipsam occaecati delectus ipsa aut.','doloremque','93',NULL,'1980-09-18 10:37:15','1979-10-18 03:46:15'),
('39','9','557','Dolorum facilis occaecati deleniti adipisci pariatur sed. Voluptatum quos qui dolorem amet expedita. Suscipit voluptatem dolore maiores qui sapiente sit. Soluta voluptates sit molestiae in ipsum expedita veniam.','et','35054739',NULL,'1984-06-29 06:38:35','2008-01-20 18:22:08'),
('40','10','561','Voluptas maiores fuga cumque totam aliquam et repellendus aspernatur. Autem atque consequatur asperiores voluptatem. Ex aperiam iure dolor dolorum.','illo','1',NULL,'1981-06-05 17:20:37','2019-05-20 18:54:54'),
('41','1','562','Voluptatem commodi assumenda officia repellendus nihil nihil rerum. Esse consequatur ut enim quasi. Quia eligendi dicta voluptatem maxime.','laboriosam','991',NULL,'1982-11-30 11:49:43','2006-08-29 19:48:26'),
('42','2','564','Eos molestiae aperiam modi sed ab. Voluptatum quia est et nisi iure quia et. Enim non qui reprehenderit ut voluptatem dolorem eos. Odit enim id ea repudiandae.','dolor','3465640',NULL,'2014-08-13 08:21:45','2007-06-01 13:13:57'),
('43','3','565','Aut expedita temporibus in consequuntur. Officia repellendus quia vitae. Eius et sunt eius quidem voluptatem. Sequi possimus dolor dolore quibusdam aliquid. Vitae eaque quia omnis et aperiam non atque.','magni','766250258',NULL,'2018-12-04 00:14:04','1995-01-05 08:40:49'),
('44','4','566','Reiciendis pariatur eligendi commodi qui incidunt modi. Asperiores et labore vel dignissimos est. Odio debitis expedita ullam necessitatibus nihil est.','sint','5535516',NULL,'2014-04-16 01:26:26','1999-01-08 20:57:19'),
('45','5','567','Itaque corporis sunt possimus est quo inventore sint omnis. In pariatur dicta dolores ea voluptatum dolor. Totam quia omnis adipisci sint in ut. Vel nam autem itaque doloremque.','id','79009',NULL,'1999-10-19 14:51:46','2002-12-17 21:02:54'),
('46','6','568','Assumenda et amet eius officia reprehenderit quo. Quas esse voluptas odio dolorem est hic. Aut nihil cumque possimus tempora quasi est numquam. Sunt sint voluptate quia rerum consequatur.','nobis','12321768',NULL,'2020-01-04 14:58:23','1982-06-15 03:03:47'),
('47','7','569','Quisquam ut sint et qui eaque suscipit vitae. Aliquid voluptatibus architecto totam non excepturi veniam nisi. Possimus suscipit dolor odit voluptas libero modi omnis voluptates. Voluptatem est impedit laboriosam labore sit sed alias dolor.','dolores','4671783',NULL,'1970-07-03 16:25:39','1971-08-26 04:42:00'),
('48','8','571','Sit voluptatem dolorum eius fuga molestiae et sed. Non consectetur veniam odit placeat maiores. Magni aut corrupti et.','incidunt','451',NULL,'2002-04-07 10:28:14','1973-06-26 15:42:49'),
('49','9','572','Quod aspernatur est maxime quo et. Ab ipsum nisi assumenda ut ut molestias sint quo. Sed aliquam aut voluptate minus praesentium.','ipsam','9',NULL,'1990-02-12 21:07:09','2014-06-16 04:23:41'),
('50','10','573','Distinctio porro sed ut dignissimos. Et eveniet nobis cumque non voluptate deserunt. Pariatur rerum totam minima est officiis aspernatur ipsum.','vitae','20878',NULL,'2013-07-12 15:52:48','1983-04-23 10:43:23'),
('51','1','574','Sit nihil error neque expedita ut rerum dolor. Corrupti doloribus recusandae et est sit. Corporis recusandae consectetur inventore.','ut','231',NULL,'1973-01-23 13:44:03','1989-06-12 16:12:20'),
('52','2','577','Fugit unde a necessitatibus. Saepe ducimus repellat id. Soluta quos harum nihil. Voluptates placeat sint ut similique saepe tenetur id.','eligendi','5801',NULL,'1971-10-03 09:05:21','2006-07-10 12:14:24'),
('53','3','579','In dignissimos rerum hic et quod sapiente quo adipisci. Provident quia ad aut natus odit est eum. Provident sed reiciendis non nobis nihil adipisci hic.','quia','3605865',NULL,'2015-01-15 00:25:57','2006-01-30 12:19:13'),
('54','4','583','Quae sit placeat impedit sint. Aspernatur eum vero et corrupti voluptatem provident ab. Illo explicabo excepturi labore voluptatum cumque exercitationem eum.','fuga','0',NULL,'1990-01-12 00:19:21','1976-02-09 21:56:50'),
('55','5','585','Et autem repudiandae atque iste sed quam reprehenderit culpa. Perferendis reiciendis et ab sit non eos nihil. Dolor nihil delectus dolor eos est. Nisi veniam beatae sequi officia.','et','946559641',NULL,'1999-03-11 23:28:10','1987-05-23 18:30:08'),
('56','6','586','Ut non sit sapiente. Id excepturi ut saepe aut voluptas. Distinctio qui error quo nisi. Saepe et at eius quidem et similique non.','laboriosam','698',NULL,'1987-10-18 11:19:08','2002-10-29 23:27:28'),
('57','7','587','Blanditiis iusto repudiandae nobis numquam nisi amet eos. Suscipit temporibus quo dolor aut sit at. Consequuntur delectus est deserunt tempore eaque praesentium voluptatibus. Illum occaecati dolor ut adipisci recusandae.','esse','0',NULL,'1980-10-26 21:22:16','1988-02-20 08:45:52'),
('58','8','590','Et cum mollitia non aperiam. Fuga sint ipsum perferendis cumque provident modi est. Quos et voluptatem a.','tempore','6549793',NULL,'1981-04-10 05:12:59','2011-01-05 07:46:52'),
('59','9','594','Nobis saepe a eaque vel. Est sit placeat est. Voluptatibus aut excepturi error itaque maxime.','aut','520743',NULL,'1991-03-01 20:29:14','1974-11-29 13:18:49'),
('60','10','595','Consectetur quaerat sed quo sed laboriosam reprehenderit. Sit debitis consectetur incidunt placeat minima iure qui illo. Quam labore qui officia quas.','sed','191888',NULL,'1991-05-12 06:12:26','2019-01-20 05:18:13'),
('61','1','597','Praesentium vero est eum sed eaque nisi. Minima quis vel nesciunt. Harum omnis aut dignissimos omnis. Vel itaque officiis tempora iure.','dolorem','565102168',NULL,'1972-10-18 17:41:19','1981-04-29 02:02:08'),
('62','2','598','Omnis nihil dolores error quam inventore aut asperiores. Et quisquam quia doloribus rerum. Hic consequuntur cum consectetur mollitia debitis. Ut earum consequatur omnis. Fuga delectus est reprehenderit aspernatur blanditiis est.','a','14',NULL,'1973-04-19 09:43:22','2000-07-01 07:48:38'),
('63','3','599','Impedit nobis eos aliquam dolores est iusto. Inventore reiciendis vitae ratione debitis voluptatem esse. Tempore in expedita voluptas vel occaecati tempora. Qui omnis esse delectus hic. Qui porro illo ut at et.','necessitatibus','0',NULL,'1976-05-02 19:30:46','1985-03-10 11:18:25'),
('64','4','600','Et cupiditate quasi sint quod ducimus ratione dolor fuga. Quos omnis laudantium autem in ut non quasi. Minus porro maiores illum hic sapiente ad. Est modi rerum voluptates quis.','quos','59678492',NULL,'2018-10-16 22:59:13','1978-01-22 12:40:57'),
('65','5','601','Ab ut ipsa porro et aut. Aperiam error suscipit deleniti harum quisquam.','non','516307',NULL,'2007-11-11 15:43:40','2017-05-14 23:34:57'),
('66','6','602','Assumenda error assumenda voluptas voluptas perferendis consectetur quia nesciunt. In ea molestias et. Quis vel iste earum totam voluptate minima.','error','7',NULL,'1986-06-25 21:27:43','1985-11-11 21:15:43'),
('67','7','603','Est assumenda quia quod rerum vel voluptas id. Expedita suscipit eius rerum dignissimos officiis et. Praesentium eveniet molestias vel quia quia et et. Ducimus id inventore doloremque eligendi dolorem ea ex. Fugit dolorem odit qui laboriosam ratione.','et','8',NULL,'2015-05-08 14:28:21','2010-01-10 03:05:32'),
('68','8','605','Unde consequatur consequuntur reprehenderit veritatis. A dolorum ducimus cum sit velit ut magnam rerum. Magni quia facere aut autem autem animi.','possimus','56603',NULL,'1978-12-19 06:36:31','1997-01-01 09:08:17'),
('69','9','607','Facere similique debitis illum occaecati qui. Et maiores dolorem unde dolorem voluptates. Cupiditate deleniti sit magnam maxime totam omnis atque corrupti. Neque sit praesentium ut quidem amet. Harum ipsa at temporibus.','et','88532',NULL,'1985-09-13 20:14:27','2000-12-26 02:15:04'),
('70','10','608','Tempore occaecati possimus voluptatem ipsam. Quos cumque error earum non. Excepturi aut consequatur aspernatur eveniet. Iusto provident corporis numquam consequuntur accusamus et.','qui','79',NULL,'2015-11-12 19:32:27','1993-03-12 13:00:38'),
('71','1','610','Est inventore blanditiis consequatur. Ea veritatis temporibus temporibus sed. Quia consequatur laborum ut voluptatem asperiores unde velit voluptatum. Rerum nisi sed et a dignissimos.','animi','0',NULL,'1977-11-28 08:29:14','2012-05-25 04:41:27'),
('72','2','611','Reprehenderit soluta inventore in voluptatem mollitia. Molestias numquam aliquam saepe vitae. Recusandae beatae sed quas aspernatur et.','quis','34',NULL,'1999-11-24 03:42:16','1985-02-20 06:59:32'),
('73','3','614','Saepe eveniet aut corporis incidunt in eveniet. Voluptate et fugit commodi a est fuga. Amet perspiciatis excepturi dolorum.','sunt','282988147',NULL,'1994-03-02 10:17:37','1972-12-24 19:24:23'),
('74','4','615','Blanditiis sit perferendis quam qui. Dolorem eos quibusdam ipsa maiores qui. Ad veniam ipsa dolores tempore sunt et.','quia','25274670',NULL,'1987-01-21 22:52:14','1975-11-03 16:38:20'),
('75','5','618','Vel ut quia facere sit nobis aliquid consequatur commodi. Hic dolorem exercitationem alias cum veniam. Eaque quia natus consectetur accusamus possimus est.','sapiente','62860',NULL,'1971-08-10 20:41:40','1979-04-03 11:36:26'),
('76','6','621','Harum molestias eum rerum ea porro eos consequuntur. Quod velit quia voluptas officia sunt. Nihil necessitatibus sed quod architecto consequatur aut est.','facilis','198',NULL,'1985-04-19 05:50:02','2001-05-18 02:32:38'),
('77','7','623','Deserunt hic exercitationem non ut. Sed qui sint saepe.','ipsam','92750870',NULL,'1992-07-21 07:34:48','2005-02-15 21:31:50'),
('78','8','624','Ut porro sit sit ex. Et quos delectus doloribus et ut incidunt debitis. Laudantium facilis ratione voluptatibus autem mollitia.','voluptatem','3596082',NULL,'1976-08-11 01:53:00','1984-08-28 05:10:56'),
('79','9','625','Tempore voluptas aspernatur repudiandae iusto rerum. Laudantium ut ad illo magni perferendis aliquam tempora. Debitis et nihil rerum itaque aut.','fugiat','45610134',NULL,'2019-06-10 01:43:15','2012-12-04 11:43:09'),
('80','10','626','Accusantium distinctio tenetur eos nihil doloribus sunt fugit. Porro magni laboriosam excepturi cum debitis. Aperiam aperiam aut animi asperiores placeat quis sit.','qui','6',NULL,'2001-02-10 13:41:05','2019-12-12 06:41:28'),
('81','1','627','Ipsa quis harum modi nihil sint et mollitia. Ea aut aut aliquid neque accusamus qui. Fugiat ea vel dolorem error. Voluptas perspiciatis et repellendus sapiente cumque.','quo','810144',NULL,'1994-05-17 13:00:23','2001-02-25 16:42:52'),
('82','2','628','Asperiores consequatur aperiam omnis voluptatem odio aut optio. Provident occaecati aut dolor voluptatibus quo. Neque id amet quibusdam earum.','minus','0',NULL,'1998-09-04 17:42:29','1975-02-05 00:34:11'),
('83','3','629','Magni voluptas consequuntur libero fugiat aut temporibus. Inventore aperiam aliquam cum quia neque architecto vel autem. Qui vel atque sint ut.','pariatur','39448',NULL,'2004-10-26 18:42:21','1997-08-03 08:13:19'),
('84','4','633','Omnis eos deleniti culpa. Occaecati accusamus sed eum consequatur impedit et. In repellendus ipsa eveniet expedita libero est sequi repudiandae. Ad odit incidunt aspernatur quam. Eveniet distinctio ipsum esse dignissimos omnis voluptatum.','ut','4',NULL,'1978-10-26 09:09:48','2003-07-12 19:07:42'),
('85','5','635','Repellendus sunt consequatur voluptas omnis sapiente. Rem quia quam perspiciatis quia perferendis suscipit. Eum dolorem officia id voluptatem ut recusandae et quaerat. Occaecati id natus molestiae cumque exercitationem aut.','debitis','668314786',NULL,'1997-04-09 03:30:56','2012-02-18 18:35:19'),
('86','6','636','Veniam consectetur quis ut quis voluptas laudantium officia similique. Sunt et eos asperiores maxime sit omnis. Earum ut vero qui dolorem. Iste voluptas nisi labore voluptatum consequatur id sint.','eligendi','5',NULL,'2010-02-04 20:48:43','1998-06-16 14:38:21'),
('87','7','637','Earum aut quo nihil illo harum et. Voluptatem sunt quia qui velit illo ut aut fugit. Error nisi ipsum sit ducimus deleniti. Consectetur commodi voluptate ab saepe exercitationem.','nam','58',NULL,'2005-11-10 08:30:51','1985-09-27 11:16:22'),
('88','8','644','Autem minus unde quo ipsum sunt rem odit. Sint non voluptatem neque enim. Tenetur ex distinctio dicta laborum aut dignissimos enim. Asperiores iure quia error adipisci nobis ut.','nobis','26868',NULL,'2010-08-10 00:01:49','1977-06-24 08:59:10'),
('89','9','646','Sed et quia ipsa tempore ab. Deserunt aut omnis est rerum dolor aut. Qui qui quaerat necessitatibus dolores.','eum','136250',NULL,'2011-01-12 17:24:42','1997-10-11 23:39:28'),
('90','10','647','Beatae perferendis sit quam quia dolores aliquid. Praesentium quaerat laudantium architecto minus. Ducimus perspiciatis qui id voluptatem reiciendis. Maxime ab est rem blanditiis consequatur.','qui','66415891',NULL,'1975-10-18 12:06:54','2013-12-04 22:58:57'),
('91','1','648','Quos ut ut aspernatur. Aliquam ex delectus ea dicta et minima esse. Et id aut similique. Odio eos dolorum iste a.','itaque','68174',NULL,'2012-11-07 00:06:27','2005-05-26 17:05:37'),
('92','2','652','Eveniet mollitia officia corporis pariatur provident corporis nihil nisi. Voluptas est itaque velit doloribus rerum quis quasi. Sapiente consequatur consequatur aperiam eos. Pariatur provident voluptate doloremque voluptates id consequuntur.','corporis','804018',NULL,'1999-11-10 08:48:44','2019-10-16 15:28:45'),
('93','3','653','Amet quia voluptas sequi consequatur dolores expedita vel. Velit nam voluptates quisquam ea est nam voluptates.','molestiae','899530136',NULL,'1994-02-10 02:53:48','1986-07-30 14:42:25'),
('94','4','654','Assumenda nemo qui et deleniti nihil. Illo ab sequi eius totam et. Voluptates eligendi earum rem aut mollitia et excepturi quidem.','et','0',NULL,'1981-03-25 19:12:24','1980-07-29 21:07:49'),
('95','5','658','Totam doloribus maiores provident unde aut rerum aut. Commodi magnam repudiandae sequi vitae. Eligendi distinctio est labore et natus pariatur ipsam.','qui','19',NULL,'1974-05-02 16:43:51','2000-02-12 08:31:02'),
('96','6','660','Ut dicta ducimus numquam et enim similique. Ex et omnis et aut quibusdam consequatur.','reprehenderit','81',NULL,'1972-08-10 23:27:15','2002-02-07 14:46:33'),
('97','7','661','Nobis possimus eligendi vero sit labore. Animi sint repellat vitae quae ut. Commodi nihil voluptates vero sapiente officia beatae.','minus','3689608',NULL,'2008-10-13 13:01:55','2019-07-11 05:57:03'),
('98','8','665','Vero et voluptate aspernatur veniam facilis dolores et. Dolorem veritatis ratione ea minus aspernatur dolorum molestiae. Aliquid aut ratione accusantium omnis incidunt. Ab sit magnam enim rerum quibusdam consequuntur enim.','voluptatem','78969353',NULL,'1977-12-07 15:37:52','2007-09-09 16:34:26'),
('99','9','668','Harum labore numquam modi et sed sit blanditiis voluptates. Tenetur et voluptas laudantium dolore delectus aperiam. Asperiores exercitationem sequi magni et dolores doloremque provident possimus.','neque','871363332',NULL,'1994-04-16 07:01:19','1992-04-04 20:03:06'),
('100','10','669','Ut sed officiis consequatur quas voluptatem. Cumque incidunt commodi et odio. Labore omnis quia est necessitatibus aut.','aut','176064383',NULL,'1984-11-07 06:31:49','1989-10-25 23:33:43'),
('101','1','670','Culpa non temporibus quia qui minima hic. Similique voluptatum ut et non eos. Velit quasi nulla nam ut distinctio.','ut','575802330',NULL,'2004-06-13 09:19:16','1986-01-08 01:17:52'),
('102','2','671','Velit delectus at officia nostrum ea sint. Non sunt asperiores assumenda sapiente omnis. Adipisci ipsum ut iure voluptas veniam officiis aut. Sapiente occaecati et ab magni nostrum ut deserunt.','provident','1291700',NULL,'1980-08-12 12:01:45','2009-03-16 19:17:46'),
('103','3','673','Eos exercitationem nam molestias. Cum ex dolor molestiae tempore. Autem commodi et rerum consequatur. Et tenetur et molestiae reiciendis excepturi nisi.','animi','6229554',NULL,'1997-08-03 21:25:07','1983-10-24 05:12:26'),
('104','4','674','Dolores ipsam id est ipsam. Itaque odit enim ab commodi quaerat. Ipsa qui distinctio quibusdam molestiae et consequatur. Omnis temporibus molestias in illo.','dolorem','854',NULL,'1972-02-09 20:43:15','1974-01-18 06:45:06'),
('105','5','675','Soluta temporibus incidunt aut qui. Consequatur accusamus natus cum ad natus. Ipsum tenetur aut aliquid quis autem consectetur.','officiis','66',NULL,'1987-10-11 02:31:44','2002-08-26 19:12:11'),
('106','6','676','Pariatur sed veritatis quod culpa veritatis est nam. Molestias asperiores maiores deleniti eum ut ut. Nihil ea quis officia et corrupti enim. Incidunt soluta quasi ipsa praesentium quas sit.','occaecati','81',NULL,'2000-01-30 08:55:01','1980-07-11 17:41:48'),
('107','7','677','Asperiores quo ipsa voluptate dolorem voluptatibus optio. Expedita occaecati fugiat quis neque a velit. Mollitia recusandae neque repudiandae quasi beatae.','in','816585',NULL,'1971-08-15 11:43:13','2013-09-08 00:15:20'),
('108','8','678','Optio consequatur libero minima facilis tenetur quis modi quia. Libero voluptate veniam veniam quisquam nostrum et. Autem ullam exercitationem fugiat amet sed sed quibusdam.','mollitia','8446098',NULL,'2013-02-11 02:21:11','1973-05-14 07:54:36'),
('109','9','680','Eligendi omnis temporibus ut reprehenderit possimus. Veritatis quasi porro aut ipsam assumenda pariatur. Dolore ut harum temporibus neque dolor voluptatem.','adipisci','14133869',NULL,'1981-12-09 18:00:30','2005-12-23 12:27:01'),
('110','10','681','Aut aspernatur quod quaerat ipsa cupiditate. Tempore commodi consequuntur adipisci vel eos qui itaque. Neque voluptatem esse officiis voluptatem qui ut ut. Unde ut perferendis omnis voluptas praesentium ratione eum.','eos','545568956',NULL,'1979-02-01 13:11:46','1983-04-24 22:48:41'),
('111','1','683','Doloremque molestias nulla recusandae sed ipsam. Nam corrupti laudantium rem reiciendis amet. Similique iste magni quas quo voluptas. Tempore enim aspernatur assumenda est enim repudiandae velit porro.','iusto','678',NULL,'2003-08-03 09:30:09','1971-06-15 17:09:28'),
('112','2','684','Repellat sapiente aut aut est nam. Aut et expedita animi rerum error quas at. Voluptatem laboriosam perferendis sit.','tempora','822',NULL,'1993-08-23 00:42:20','1991-02-17 22:07:01'),
('113','3','685','Sed vel id neque quam ullam. Minima voluptates sunt ut qui. Ipsam ipsum quam tenetur aut. Voluptate accusamus voluptatem optio nemo placeat ad perferendis.','aliquam','0',NULL,'2006-09-17 10:42:17','1979-06-25 01:02:55'),
('114','4','686','Tempore est unde incidunt eos quibusdam optio. Corrupti et aliquid et eum. Totam nesciunt facere quia quidem et. Corrupti architecto fugiat corrupti non autem deserunt enim.','earum','204275020',NULL,'1980-10-06 18:07:44','1992-06-11 19:53:21'),
('115','5','690','Qui illum mollitia illo tempore ut. Autem sed tempore soluta sapiente quas.','corporis','44637',NULL,'2015-12-13 07:32:26','1998-11-30 19:29:17'),
('116','6','691','Fugit ipsam dicta facilis in aut similique recusandae. Iure et tempore voluptas unde corrupti sed. Vel maxime error dicta corporis est ut deleniti. Eos vero illo pariatur quo tempore repudiandae adipisci.','quidem','456971353',NULL,'1985-02-28 04:55:29','1985-03-16 19:13:22'),
('117','7','692','Maiores ipsum odit temporibus atque veritatis ex. Quia minus ullam distinctio sunt error veniam. Quia et sunt aliquid qui.','commodi','982418',NULL,'1998-07-02 00:37:22','1981-12-24 06:18:25'),
('118','8','693','Necessitatibus fugit ut nobis eius. Incidunt aut dolor optio non rerum similique. Distinctio nisi dolores voluptatem quidem dolor. Error assumenda quos aut sint.','accusamus','928260',NULL,'1975-04-05 19:46:41','1970-12-28 03:12:42'),
('119','9','694','Dicta fugiat et eum voluptatibus officia. Voluptates perspiciatis vero fugiat earum modi. Necessitatibus cum dolorem amet praesentium qui.','suscipit','3',NULL,'2019-12-01 08:25:55','1987-09-28 09:59:58'),
('120','10','697','Dolorem quam in dicta autem itaque debitis omnis. Libero enim repellendus quaerat qui. Voluptatum laboriosam et perspiciatis cumque perferendis ut quos aut. Sit laboriosam veniam sed molestiae molestiae et dolorem.','est','40',NULL,'1983-01-30 19:32:35','2015-12-22 06:44:48'),
('121','1','700','Dolores officia sit error voluptatibus quia rem dolores excepturi. Quis sed illo aspernatur nisi. Eaque earum doloribus velit est id minima quia. Occaecati quam soluta quod mollitia iure officiis qui itaque.','voluptatem','2051',NULL,'1997-04-20 12:19:23','1982-08-14 07:47:50'),
('122','2','701','Provident unde et voluptatem illo magnam eligendi consectetur ut. At perferendis optio quo dolorem autem dignissimos. Vel eaque sit corrupti numquam alias iusto.','sit','412609',NULL,'1992-04-09 18:40:51','2007-08-18 06:15:11'),
('123','3','702','Ipsum tenetur rem qui eum quia. Nihil inventore aut aut libero nostrum ut ad. Quia et cupiditate ducimus non ratione et perspiciatis.','consequuntur','0',NULL,'2000-08-07 02:35:29','1999-01-26 08:50:33'),
('124','4','703','Fugiat architecto facere temporibus consequatur et voluptas inventore labore. Et repellendus eos modi unde corrupti aliquid non. Veniam est et ut ut sunt nihil quo cupiditate.','atque','55276425',NULL,'1982-08-06 02:04:04','1996-07-10 17:53:51'),
('125','5','704','Est ut blanditiis perspiciatis reiciendis excepturi. Deleniti incidunt dolor architecto et repellendus cumque magni. Veniam aut vitae nisi aliquid. Nihil facilis voluptatem sed id aut sunt non ab.','quibusdam','4206172',NULL,'2012-07-07 12:12:22','2001-02-01 09:03:28'),
('126','6','707','Vel voluptatem accusantium ut voluptas perspiciatis. Ipsam inventore nam amet est et autem. Nobis asperiores qui eligendi ipsa consequuntur. Est necessitatibus blanditiis earum qui vel.','sunt','67',NULL,'1994-02-22 17:34:26','1993-10-28 02:02:04'),
('127','7','709','Et eos explicabo nihil. Quidem optio asperiores fugit dolores temporibus iure. Dolorem reiciendis saepe vitae sed.','perspiciatis','1113',NULL,'1972-05-08 22:52:58','1973-05-30 00:30:08'),
('128','8','712','Id porro id explicabo. Ad vel eos qui mollitia distinctio. Quidem quaerat eum error nobis expedita voluptas maxime aliquam. Cumque ipsam ut aut aut repudiandae quasi.','neque','632607',NULL,'2002-12-06 00:42:56','1995-12-17 21:07:06'),
('129','9','713','Est eius id sed ut esse. Necessitatibus facilis delectus quia qui. Recusandae est odio nobis non. Cumque totam et voluptatem maxime incidunt est.','eveniet','18513',NULL,'1985-10-12 16:20:32','1974-07-10 22:32:30'),
('130','10','718','In illum eligendi quo nihil ut animi. Provident dolor nemo veniam et in necessitatibus voluptatem reprehenderit. Nihil eius et natus esse. Est mollitia vel est dolorem sed voluptas.','eum','9',NULL,'1984-11-21 15:19:16','1974-10-11 15:49:24'),
('131','1','719','Tenetur debitis officia rerum quas. Aut illo hic quia commodi unde quidem aliquid. Placeat nam deserunt recusandae qui non.','quia','275649376',NULL,'1970-01-27 07:29:23','1997-06-04 00:55:54'),
('132','2','720','Repudiandae nihil aut ut sed in tenetur vitae. Aut non eos et culpa excepturi. Nesciunt reprehenderit et a.','temporibus','15836',NULL,'1974-01-18 11:42:53','2018-09-12 01:35:27'),
('133','3','721','Non nulla quia ab est. Repellat sed similique molestiae laboriosam id. Expedita reiciendis fuga ipsum excepturi fuga iste.','velit','85279',NULL,'2001-01-11 03:57:59','1975-12-20 16:58:53'),
('134','4','722','Reprehenderit incidunt rerum quibusdam natus quam. Explicabo sint quas maxime est vel earum. Dolorem dolores veniam tempore corporis animi illum. Incidunt asperiores nostrum perspiciatis aut.','hic','34537667',NULL,'1978-04-04 23:45:20','1975-08-19 19:28:17'),
('135','5','723','Qui eos ea eveniet rerum rerum dignissimos unde. Soluta distinctio omnis maxime dolores cupiditate. Voluptatem autem itaque magnam sequi accusantium. Officiis dolores aut veniam voluptatibus ut velit nemo. Reprehenderit dicta assumenda nemo.','consequatur','406034422',NULL,'1975-07-08 14:22:01','1993-09-11 13:00:49'),
('136','6','725','Molestias corrupti iste voluptate aut quam labore eaque. Aut quia doloribus iste rem.','quia','0',NULL,'1985-08-12 00:33:23','2012-09-23 19:59:08'),
('137','7','727','Explicabo nulla maiores eligendi. Maiores et distinctio dicta ipsa et. Consequatur suscipit quae ut mollitia laudantium repellat.','quo','77130294',NULL,'1983-08-16 16:40:46','2014-11-23 03:10:07'),
('138','8','729','Dolores nulla distinctio exercitationem placeat aut pariatur quia. Autem quis repellendus corporis eos est provident. Excepturi itaque omnis non quod.','sit','44134564',NULL,'1979-09-16 09:18:02','1983-01-25 02:54:59'),
('139','9','731','Omnis eum et quam assumenda nulla voluptatem aut. Iusto voluptatem quia aut et consequatur aperiam ut.','ut','38',NULL,'1979-09-16 15:50:13','2011-11-13 20:30:10'),
('140','10','732','Recusandae voluptas totam nulla molestiae odit soluta commodi. Consequuntur fugit est ad impedit omnis sunt. Perspiciatis exercitationem eum qui id. Repellendus voluptatem possimus placeat voluptatem explicabo nihil aperiam.','unde','0',NULL,'1977-04-27 13:55:37','1997-09-19 07:31:09'),
('141','1','733','Voluptatem soluta nam ea laboriosam nostrum consequatur. Dicta harum laudantium et debitis. Libero id quis voluptate sed totam consequatur.','voluptates','53836',NULL,'1998-05-11 04:21:36','2002-08-06 13:19:51'),
('142','2','737','Dolorem dignissimos alias cum vel hic. Corrupti reprehenderit debitis maiores consectetur. Molestiae ut ut vel accusantium exercitationem soluta sed. Voluptas doloribus reprehenderit enim dolorum quam est. Assumenda deleniti dolor accusamus veritatis et.','sint','9638',NULL,'2013-04-18 22:47:35','1994-05-09 12:51:09'),
('143','3','738','Omnis molestiae libero quisquam exercitationem qui eos dignissimos. Dolore architecto animi explicabo impedit dolorem labore. Esse quia quo unde nemo. Assumenda quos dolores voluptates eius aperiam eum.','aliquid','750647',NULL,'1977-12-15 06:30:41','1994-08-31 11:34:14'),
('144','4','740','Nihil natus et aliquam atque doloremque nihil. Cumque quos voluptas eaque quam error. Vel excepturi repudiandae quia incidunt autem itaque. Delectus rerum exercitationem aut atque tenetur.','alias','1060511',NULL,'1990-01-23 08:58:09','1971-08-23 00:10:02'),
('145','5','742','Qui ea nemo similique maxime iure natus. Impedit non repellendus et culpa maiores. Debitis cumque fugiat asperiores quia omnis a quod.','quo','207450559',NULL,'2009-05-11 14:59:33','2011-07-18 19:25:15'),
('146','6','745','Aut nam distinctio iste ipsum qui. Dolorem magni natus qui voluptatem.','molestiae','7260884',NULL,'1986-09-24 15:00:59','1996-12-27 15:29:01'),
('147','7','746','Et cumque recusandae quis dolore voluptas doloribus natus. Deleniti earum deserunt quaerat.','quis','339389',NULL,'1985-06-24 20:27:28','2000-09-08 23:57:16'),
('148','8','747','Quia aliquid et occaecati facilis molestias ut esse quos. Animi aliquid maxime omnis tempora dolor. Quo ut temporibus necessitatibus facere. Ut sed culpa doloribus nobis.','et','264125',NULL,'2018-12-20 01:07:41','1977-12-04 03:03:31'),
('149','9','749','Qui eligendi neque ad. Adipisci nesciunt sit veniam provident alias voluptatum cupiditate. Ullam hic et a quo et qui pariatur.','est','0',NULL,'1970-06-19 05:59:45','1974-04-30 11:02:05'),
('150','10','750','Qui cum velit et porro ab tenetur quod. Totam voluptatum non blanditiis aut tenetur consequuntur. Beatae porro libero ut iure. Ullam sit expedita voluptatibus consectetur minima.','beatae','0',NULL,'1989-07-14 02:26:07','1990-05-16 14:17:30'),
('151','1','751','Molestiae aut repellat ducimus qui et architecto. Assumenda sequi iure laboriosam omnis et rerum eum. Eligendi velit dignissimos nulla soluta aut. Autem atque doloremque voluptas aut minus dolor nostrum unde. Dolorem occaecati quidem deleniti.','animi','76528',NULL,'1970-09-24 10:00:39','1974-07-14 19:05:36'),
('152','2','752','Dolorem laudantium sit consequatur deserunt rerum. Ratione sapiente commodi iure dolorem voluptatem. Hic modi nisi quia harum itaque.','ipsum','6',NULL,'1988-09-05 05:21:18','1975-04-25 07:07:29'),
('153','3','753','Facilis beatae accusamus ipsa quae. Impedit ullam tenetur voluptatem velit quo in rerum. Est assumenda debitis dignissimos nihil sed voluptatem. Iusto molestiae ipsum voluptates error.','et','512',NULL,'1975-09-13 21:26:28','1994-07-10 04:27:51'),
('154','4','757','Culpa dolorem veritatis porro. Aliquam voluptatem incidunt nihil est ipsum sed. Dolores occaecati enim qui. Nobis aperiam et repellendus consequuntur animi suscipit sequi consequuntur. Sit molestiae consequatur eius.','quasi','0',NULL,'2007-03-26 04:52:00','1985-07-02 14:15:03'),
('155','5','758','Rerum deleniti in hic explicabo reprehenderit quia doloremque. Ut neque quia qui perspiciatis amet quia commodi non. Alias autem eveniet ut sunt maxime. Harum et deleniti molestiae quo.','corporis','251089748',NULL,'1980-02-16 03:54:35','1977-04-09 09:31:22'),
('156','6','759','Ut ipsam numquam atque iste asperiores eligendi voluptates molestiae. Quidem harum tempora error dolorum quia totam. Culpa consequuntur consectetur necessitatibus.','voluptate','6288',NULL,'2007-07-27 16:39:51','2009-12-11 14:24:27'),
('157','7','760','Quae dolorum soluta aut dolorem in qui cupiditate. Porro quibusdam modi quia est repudiandae. Molestias quas officia suscipit quia. Ut amet labore suscipit doloribus minus sit.','ullam','8174',NULL,'1982-05-03 23:52:23','2011-10-12 07:13:02'),
('158','8','761','Id id placeat delectus voluptatem. Provident doloribus quis dicta optio eius placeat voluptatem. Neque optio sunt quas atque eos dolor soluta minus.','quae','59',NULL,'1998-04-17 14:53:41','1983-05-15 19:41:16'),
('159','9','762','Laboriosam facere et ut dolor. Dolorum omnis ducimus pariatur optio commodi labore. Aspernatur et repellat dolores doloribus officiis necessitatibus sed quasi. Tempore cupiditate consequuntur non molestias temporibus modi maxime.','ea','994524440',NULL,'2010-10-11 14:05:40','1972-03-04 12:14:59'),
('160','10','763','Numquam voluptas aliquam nesciunt occaecati totam saepe quia et. Eum autem laborum ad ex. Est ut odio nihil accusamus officia. Consequatur ipsum explicabo libero id est. Voluptatem maiores explicabo eligendi repudiandae et.','mollitia','0',NULL,'2004-10-20 19:46:20','2006-12-21 21:03:42'),
('161','1','765','Officiis placeat soluta a veniam quo. Laboriosam accusantium officia sit eos animi harum nemo. Quo impedit nemo provident officiis numquam.','est','1755486',NULL,'2017-03-25 03:38:51','2005-03-22 16:49:32'),
('162','2','767','Rerum sed dignissimos deleniti repellendus cum perspiciatis sequi. Rerum saepe necessitatibus reprehenderit est aut architecto laboriosam.','inventore','3255',NULL,'1974-12-15 00:44:36','2016-05-31 21:05:32'),
('163','3','768','Reiciendis suscipit autem optio. Pariatur fugiat eum assumenda sequi ratione rem. Et esse porro ut porro incidunt quia.','vel','451509',NULL,'1983-07-27 14:55:33','1991-08-11 21:59:23'),
('164','4','769','Voluptates eum dolores id voluptas qui. Numquam velit asperiores consequatur soluta praesentium. Fugiat quam voluptatem optio voluptatem culpa impedit sed quisquam. Fuga beatae consequuntur omnis amet. Voluptas quia sunt cumque natus molestias ut.','quisquam','446322120',NULL,'1997-04-03 03:36:04','1976-05-12 21:02:50'),
('165','5','771','Quod reiciendis esse aut dolor illum sit est. Non voluptas impedit eum eos eius. Dolores qui voluptatem et quod perferendis quas ut. Molestiae id ad qui temporibus.','dolor','36',NULL,'2017-08-21 07:19:15','1990-09-16 18:55:52'),
('166','6','772','Et eveniet distinctio maiores molestias et. Sunt numquam ea ipsum est. Velit eos optio quia magnam minus. Dolorem nobis vel voluptatem non debitis qui doloribus. Molestiae recusandae ea molestiae aliquam ea.','quibusdam','486441',NULL,'2003-05-13 13:57:16','2013-07-17 07:39:14'),
('167','7','773','Illo consequatur hic ex. Exercitationem perspiciatis et consectetur consectetur sed omnis perspiciatis. Nulla consequatur sint repellat quo ut.','doloremque','23144163',NULL,'1983-03-12 08:40:38','2005-01-28 18:04:18'),
('168','8','776','Occaecati ex enim ratione enim iure. Voluptatem ut voluptatem amet ex non quis quidem. Dolore debitis labore officiis cumque voluptatum sed perspiciatis consequatur.','earum','3820',NULL,'1977-02-02 13:59:49','2016-06-21 19:49:53'),
('169','9','777','Facere asperiores dolorem necessitatibus et ipsum doloribus. Earum consequatur perferendis eius consequatur. Quae maxime asperiores molestiae pariatur minus quia reiciendis reprehenderit.','ad','452',NULL,'1995-02-24 06:21:31','2008-10-28 19:33:06'),
('170','10','778','Assumenda inventore sit quod culpa. Quia inventore laborum earum non corrupti ipsam. Dolores sint est tempora et omnis. Ad quo autem itaque cupiditate.','error','728',NULL,'2011-01-16 11:12:22','1989-03-24 00:37:27'),
('171','1','781','Qui consequatur quod neque aut non. Omnis ipsa nisi soluta ad doloribus nisi. Quia dolorem voluptatem expedita voluptatem et illo tenetur.','et','0',NULL,'2009-12-30 10:52:44','1979-04-27 13:58:59'),
('172','2','782','Sequi nostrum numquam harum ut molestias in. Ut qui possimus aut et inventore harum aut. Eum modi quia id in sapiente nisi non.','molestiae','109',NULL,'1996-02-27 15:22:10','1975-02-02 18:05:23'),
('173','3','784','Suscipit magnam sunt cumque. Mollitia odit nihil id doloribus hic illum incidunt. Soluta laborum qui consequuntur atque quia. Tempore dolorum aut aut sit.','tempora','98989563',NULL,'1999-09-23 19:35:02','2010-04-21 14:27:23'),
('174','4','785','Ducimus unde voluptatum nihil. Alias id modi harum fugiat. Et possimus praesentium cumque natus.','ut','51',NULL,'1998-05-01 10:36:17','1987-03-18 12:11:35'),
('175','5','786','Optio consequatur tempora omnis asperiores consequuntur. Facere repudiandae enim aliquam ratione. Provident rerum qui laboriosam qui. Magnam et odit sed quo.','distinctio','35',NULL,'1999-10-16 15:43:45','1986-02-18 20:02:39'),
('176','6','787','Tenetur ea dolorum aut omnis quia non quas. Iste deleniti quisquam suscipit corporis aliquam ducimus. Autem exercitationem et sed.','aliquam','0',NULL,'2010-01-25 06:39:08','1985-05-24 20:12:21'),
('177','7','788','Molestiae nobis odit molestiae quisquam architecto et architecto. Porro dolores eos voluptatum quia sed unde.','doloremque','2382',NULL,'2010-08-19 07:46:24','1998-06-24 21:25:13'),
('178','8','790','Fugiat et cupiditate suscipit illum aut numquam. Ea accusamus veniam voluptatum nihil quo. Neque perspiciatis sit culpa sunt deleniti voluptatem. Minima impedit est magnam quia architecto voluptatem.','asperiores','1517611',NULL,'1981-09-22 22:30:42','1997-11-19 09:35:10'),
('179','9','791','Voluptatum sit odit nesciunt ut qui asperiores nihil. Et quis laborum veritatis repellendus voluptas. Sit ducimus omnis qui voluptatem et enim porro laboriosam.','impedit','85775980',NULL,'1980-11-18 06:57:00','1988-12-30 05:07:01'),
('180','10','792','Est quidem qui dolorem voluptatem rerum magni sit cum. Qui porro nobis sit eum aut. Quo voluptatem adipisci qui unde enim. Aut fugiat et quam cumque atque.','porro','219716',NULL,'1970-03-31 12:22:31','1999-01-02 01:19:18'),
('181','1','795','Eos tenetur et illum voluptatibus ut id et. Facilis corrupti sint et qui velit. Velit ut voluptas vel reiciendis dolor ut.','animi','9',NULL,'1994-06-22 18:39:10','1979-04-27 17:47:11'),
('182','2','796','Quo sit ex voluptatem ab ducimus ut. Accusantium architecto debitis sapiente voluptatum enim. Deleniti ut maiores doloribus.','est','71115931',NULL,'1986-07-30 09:50:50','2005-12-28 12:48:35'),
('183','3','797','Et dolorum maxime natus adipisci et. Est vero et accusamus non rem vel ipsum. Dolor sed est blanditiis quasi. Sit qui fugit voluptatem neque adipisci.','beatae','99',NULL,'1993-07-10 10:32:36','2004-01-10 19:18:46'),
('184','4','798','Illum at ut atque velit mollitia nulla. Exercitationem est laboriosam dignissimos assumenda tempora. Consequatur soluta id dolore sunt distinctio dolores. In sapiente voluptas id libero ea perferendis sapiente.','ut','0',NULL,'2017-02-27 20:09:20','1971-09-05 17:07:07'),
('185','5','799','Architecto ut amet sequi perferendis. Asperiores praesentium molestiae sed perferendis tempora praesentium. Sed vero et placeat repellendus dolores sit sunt nisi.','aliquid','791',NULL,'2005-08-23 19:18:42','2016-02-22 10:34:45'),
('186','6','800','Non est quas eos reiciendis atque et. Neque tenetur accusantium aliquid quo.','quos','28',NULL,'1983-04-27 01:10:15','1999-05-22 19:37:52'),
('187','7','803','Molestiae dolor voluptas molestiae est iure ab delectus. Esse deserunt aut provident non deserunt labore sint. Dolore voluptates molestias et illum non voluptas officia.','error','9',NULL,'1970-08-10 10:45:03','1985-01-30 21:43:19'),
('188','8','805','Optio dolor aliquam hic et sit inventore. Voluptas vel autem numquam cumque. Fugiat et deleniti accusantium a cumque impedit. Earum natus laudantium repellat et.','molestias','6614258',NULL,'1978-12-08 05:52:51','1985-01-28 10:05:01'),
('189','9','806','Odit totam dolore unde dolorem repellat repudiandae. Eius adipisci expedita incidunt dolore odit esse. Assumenda aut sunt ut mollitia. Voluptatibus et ullam impedit consectetur perspiciatis vero. Assumenda necessitatibus corporis nemo qui sed.','et','0',NULL,'1998-06-30 10:54:10','1974-02-07 15:17:25'),
('190','10','807','Ut quo dolore perspiciatis natus velit. Sed doloribus consequatur et rerum a. Nulla magni consequatur voluptatem.','cum','27',NULL,'2014-09-05 11:27:50','1979-06-27 03:01:46'),
('191','1','808','Sed sunt est aliquid quisquam corrupti enim amet. Et consequatur aspernatur exercitationem omnis. Fugiat assumenda error error odio. Cumque dolorem dolorem voluptates quis perspiciatis voluptatem facilis.','quos','6819',NULL,'2005-06-16 00:45:23','2011-03-26 02:52:41'),
('192','2','811','Ex accusamus ullam eum non ut consequatur distinctio. Saepe a dolor assumenda saepe molestiae non. Esse qui aut deleniti debitis et.','non','187763039',NULL,'2001-05-02 10:39:11','2009-04-03 18:44:48'),
('193','3','815','Sint quae unde veritatis asperiores. Repellendus autem omnis incidunt quis a adipisci et. Voluptas natus aut quis deleniti ipsa.','eaque','70512887',NULL,'2003-12-24 02:09:38','1985-04-02 02:02:23'),
('194','4','816','Eos sint fugit veniam quas ratione ab. Debitis animi necessitatibus ut eveniet. Facere nemo est omnis itaque ad consequatur.','laborum','5461',NULL,'2019-06-11 03:11:06','1972-04-13 09:54:39'),
('195','5','818','Quasi ut perferendis ea similique omnis alias corporis harum. Dolores nam laudantium quo maiores eos qui. Eligendi ullam et dolor facilis.','distinctio','39036',NULL,'2003-11-05 13:43:44','1984-07-19 19:07:15'),
('196','6','819','Autem veritatis unde enim ea nisi assumenda. Ullam itaque animi pariatur non omnis facilis. Ut nihil voluptatibus perferendis mollitia perferendis. Maxime eos eius id totam. Nemo quaerat ut illum id qui rem praesentium.','quia','25',NULL,'1985-04-08 09:20:12','1989-03-09 14:45:13'),
('197','7','820','Voluptatem aliquid repellendus quod ipsum deleniti dolore. Consequuntur quia esse ipsam ipsum quis. Et odio nobis dolor repellendus. Aut provident aut quo voluptas earum totam.','perferendis','488549764',NULL,'2012-01-28 16:31:30','1972-12-24 22:26:23'),
('198','8','821','Sit commodi vel voluptatem eum hic enim. Iure quia amet totam sint reiciendis consequuntur. Quod in sit iusto architecto et voluptatem libero. Officiis sit minima doloremque voluptas.','aut','7664719',NULL,'2006-06-06 14:58:00','1979-02-04 18:41:00'),
('199','9','822','Vel quae aspernatur quia porro qui vel in architecto. Voluptates eligendi rerum tenetur et sed. Eligendi laboriosam impedit voluptatibus aut excepturi illo consequuntur ut. Est soluta culpa consequatur.','nobis','12659142',NULL,'1974-06-05 17:58:28','2005-12-08 18:02:32'),
('200','10','823','Et reprehenderit et quos doloribus eveniet. Quam voluptas totam amet. Sed at maiores enim voluptatem dolores qui aut. Beatae dolor nisi laudantium molestiae culpa.','nulla','73788838',NULL,'1996-08-29 08:58:08','1990-01-01 22:51:46'),
('201','1','828','Sit nihil molestiae expedita. Et molestias quia quam ut et voluptatem. Molestias vel suscipit similique.','deleniti','6970',NULL,'1994-11-14 23:42:01','1970-09-04 19:08:49'),
('202','2','829','Voluptas quia et deleniti id blanditiis nihil. Harum cum et delectus amet. Aliquid qui consequatur consequatur consequuntur minus. Voluptas ea ut in praesentium consequatur molestias. Voluptate illo officia nostrum enim quibusdam.','ab','160',NULL,'2004-03-27 22:39:50','2015-08-08 01:01:45'),
('203','3','831','Dolorem consequuntur aut fugiat alias doloremque. Nihil et consequatur hic quas accusamus. Fugiat et voluptates aliquam velit incidunt ad.','soluta','20',NULL,'1984-06-26 17:20:14','2015-03-10 09:37:58'),
('204','4','832','Voluptatum id magnam provident est nisi. Incidunt sit quo corporis sapiente. Nihil quas fugit est labore sunt temporibus illo officia.','commodi','1',NULL,'1993-10-07 03:55:10','1991-09-05 18:04:08'),
('205','5','833','Et quae vel voluptatem enim facere itaque molestiae fugit. Hic cumque provident exercitationem accusamus. Ducimus unde ut quia officia. Eum non iusto dolorum veritatis excepturi praesentium necessitatibus.','qui','63',NULL,'1971-08-30 17:12:59','2011-02-12 10:31:44'),
('206','6','836','Sit pariatur veritatis ipsa natus. Et voluptatibus impedit ut. Quae impedit sed esse consequatur sed.','voluptatem','3',NULL,'2015-05-11 10:51:40','1997-02-21 07:23:30'),
('207','7','842','Id architecto omnis nisi laboriosam. Fugiat vero facilis cumque et enim consequatur. Earum perferendis laboriosam ullam animi nihil non esse. A officiis magni omnis dignissimos modi.','molestiae','7',NULL,'2003-06-15 16:00:21','1994-11-16 22:10:11'),
('208','8','844','Quam est aut aut ipsam rem est inventore. Dolorem sint vitae omnis ea explicabo sint qui voluptas. Dolor rerum magni eum excepturi omnis repellendus est. Est consequuntur deserunt ratione quia quibusdam similique quia. Quasi deserunt officia nesciunt aut provident recusandae.','iste','82454',NULL,'2015-12-08 15:26:18','1976-09-24 03:01:17'),
('209','9','845','Ut ab rerum eos ea consequatur totam magnam. Odio necessitatibus libero ut reprehenderit assumenda. Dolor facilis qui quis animi est molestiae commodi. Consequatur corporis sint non saepe delectus sunt.','ut','325562774',NULL,'1991-04-12 10:26:15','1981-09-11 13:42:49'),
('210','10','846','Ut natus non nemo tenetur. Ullam perferendis odio iste. Qui a consequuntur vel enim. Expedita debitis quod voluptas sunt praesentium.','eaque','8278',NULL,'1986-11-28 12:40:07','1988-10-25 22:59:43'),
('211','1','848','Quasi qui perferendis voluptas facere voluptatem et sit. Sit quibusdam a eaque voluptas ducimus. Ex aliquam voluptates voluptas ut quae corporis facilis. Optio consequatur voluptates deserunt odit et laborum dolorem.','ea','4',NULL,'2003-08-14 16:08:35','2013-11-13 04:36:50'),
('212','2','849','Pariatur dicta eligendi voluptatem ut. Tempore dicta et in autem delectus. Vel est enim est eos.','et','1683784',NULL,'2002-08-21 16:39:09','2007-08-17 03:08:02'),
('213','3','850','Consequatur at distinctio cum. Suscipit libero voluptas velit harum. Incidunt saepe provident ipsum eveniet asperiores.','odio','0',NULL,'1988-04-28 00:06:03','2006-04-30 06:28:04'),
('214','4','851','Aut sint quo repellat praesentium qui dolores. Expedita soluta tempore et quisquam nisi. Aperiam quod sit et dolores architecto.','est','55637',NULL,'2006-12-06 17:04:15','1978-10-23 18:07:09'),
('215','5','857','Sed ut corrupti et aut in totam dicta corrupti. At labore adipisci perspiciatis nihil quia numquam placeat. Dolor quibusdam est ut optio et fuga vitae eum. Mollitia sapiente maiores sit placeat non nesciunt iusto.','placeat','44755515',NULL,'2014-04-18 06:11:05','1975-09-10 01:47:32'),
('216','6','859','Non aliquam asperiores perspiciatis et saepe non. Eos consequuntur quibusdam officia rerum.','et','0',NULL,'1990-09-10 15:10:40','1976-01-12 07:14:51'),
('217','7','860','Neque inventore voluptatem architecto recusandae cumque. Neque quam rem aut fuga dolor. Laborum minus est et incidunt qui ratione laboriosam. Explicabo autem omnis ducimus molestiae laboriosam itaque.','beatae','50918',NULL,'1999-08-25 13:06:35','1985-02-04 00:48:59'),
('218','8','861','Perspiciatis aut eaque qui praesentium laboriosam magni. Modi non eius beatae repellendus. Numquam beatae nihil maiores magnam voluptates laborum.','in','63557',NULL,'1976-12-23 20:41:42','2008-07-19 05:28:59'),
('219','9','862','Est omnis voluptas expedita temporibus quasi. Animi expedita vel quas soluta corporis quisquam quibusdam. Dolor reiciendis quasi perspiciatis officiis eligendi iste voluptas. Expedita provident officia eius ad dolor nostrum reprehenderit.','accusantium','303312952',NULL,'1977-07-20 10:07:00','2010-12-13 05:53:50'),
('220','10','863','Inventore vel qui eveniet similique perspiciatis nemo velit. Ut quo harum ab et. Libero est sequi possimus cum. Molestias sunt asperiores fuga repellendus.','rem','31',NULL,'1976-02-25 16:17:05','2010-05-27 02:46:16'),
('221','1','864','Dolorem est itaque qui dolor amet. Ut aliquam accusantium aut sit nihil. Eos nemo veniam dolor rerum. Qui ut eligendi tenetur praesentium enim.','laudantium','0',NULL,'1999-02-28 03:44:51','1981-05-13 00:17:39'),
('222','2','869','Reiciendis debitis omnis illo voluptatem. Sed earum quidem enim itaque error totam commodi. Praesentium eos excepturi non deserunt nihil. Ut ipsa rerum aut reprehenderit ullam.','iste','8',NULL,'1991-10-05 15:52:00','1971-10-08 18:57:03'),
('223','3','870','Excepturi asperiores eos porro quia quo aut voluptate. Et dicta laborum debitis sint. Enim aliquid quia ex nisi esse.','quia','0',NULL,'1977-08-23 02:37:13','2007-08-08 09:32:25'),
('224','4','871','Cum dolor itaque iste repudiandae et. Debitis voluptatem sed optio. Impedit saepe ut ducimus non. Ut et sit qui ea.','consequatur','72382765',NULL,'1982-01-23 01:32:00','2019-01-15 10:42:02'),
('225','5','872','Aliquid sed sit ea dolore minus. Quisquam ratione architecto est dolor.','eaque','29228',NULL,'2009-11-14 23:57:06','1983-11-19 03:38:37'),
('226','6','876','Natus error illum et esse suscipit. Ut in saepe architecto qui est sunt sed assumenda. Ea id nostrum cum et necessitatibus dolore fugit. Saepe enim iure et quia enim facere. Dicta itaque nesciunt laboriosam distinctio.','pariatur','7229',NULL,'2019-04-17 19:31:56','2018-02-27 15:13:07'),
('227','7','877','Ratione in consectetur molestiae qui et enim enim. Commodi at quaerat necessitatibus voluptatem quo. Voluptatem quos a et pariatur est dolorum. Quis exercitationem minus laborum quasi voluptate sed.','possimus','5321410',NULL,'1998-09-05 23:57:13','2018-05-21 10:42:31'),
('228','8','883','Aspernatur totam assumenda velit pariatur quia optio sequi. Consectetur dolores reprehenderit ea odio enim maiores dicta. Laboriosam consequuntur incidunt quo explicabo exercitationem.','rerum','5',NULL,'2002-12-03 22:18:26','2002-04-15 23:42:01'),
('229','9','885','Corrupti nihil tempora odit tempore. Est ea qui delectus omnis explicabo et.','quia','5330831',NULL,'1992-02-18 08:34:34','2002-08-07 23:55:26'),
('230','10','887','Corrupti voluptatem est quaerat commodi animi id sequi. Quaerat maiores est eos sequi officia aspernatur perferendis. Consequatur facilis velit necessitatibus. Sed ut consectetur expedita. Neque vel soluta ipsa nostrum.','et','5459',NULL,'1972-12-13 05:31:18','1971-12-25 20:44:41'),
('231','1','888','Temporibus sint ut magnam eum nesciunt similique et voluptas. Et mollitia culpa saepe assumenda dolores quisquam veniam. Quia et earum neque cupiditate expedita nobis molestias.','ipsum','96945229',NULL,'1995-05-19 19:52:48','1991-02-24 02:59:50'),
('232','2','889','Et delectus voluptatem quaerat recusandae veritatis. Quos alias est magni rerum libero iste quia. At iure rerum molestias. Eaque rerum et autem ut quod vitae ducimus.','nihil','55494',NULL,'1979-06-07 04:30:16','1991-04-09 23:45:03'),
('233','3','891','Laudantium ullam ex iusto reiciendis sit. Quo sunt culpa accusantium veniam culpa. Soluta qui velit et tempore excepturi dolor tempore.','error','110007',NULL,'2014-12-19 07:14:39','1997-01-01 19:43:00'),
('234','4','892','Dolores at et voluptatibus dolorem deleniti. Aut est odio natus cum veritatis deserunt. Mollitia saepe reiciendis saepe repudiandae nemo nostrum et. Autem laudantium autem reprehenderit consequatur occaecati error.','quo','6',NULL,'1974-02-01 15:29:49','1976-01-02 21:03:16'),
('235','5','893','Aut magnam eos dolores nostrum esse sapiente adipisci ea. Illo exercitationem quia repellendus voluptatem molestiae est perspiciatis. Labore explicabo sit amet est est et mollitia.','tempore','204',NULL,'1984-10-05 07:17:34','1971-06-15 08:04:56'),
('236','6','895','Quam similique occaecati quisquam et. Fuga qui praesentium officia mollitia reiciendis architecto tenetur. Veritatis quisquam maxime non non eius deleniti. Nihil ut cupiditate tempora. Veniam at ut impedit aperiam.','ad','839',NULL,'2015-12-01 08:53:01','2002-11-10 21:29:10'),
('237','7','901','Corrupti rerum aliquam ex delectus explicabo est. Qui qui libero iste quis sed iste. Voluptas ut quas facilis placeat aperiam. Blanditiis doloremque cumque cumque delectus commodi rerum.','et','103',NULL,'1998-10-17 13:19:30','2018-08-07 20:04:28'),
('238','8','902','Soluta et rerum natus. At sit et illum ea quo et omnis. Eveniet consectetur quis commodi quam. Debitis sit tempora sapiente.','totam','226',NULL,'1989-03-21 03:10:48','1978-09-13 21:11:47'),
('239','9','903','Autem perspiciatis eaque maiores nisi. Necessitatibus perferendis facere et similique eius beatae voluptas ut. Perspiciatis quod molestias voluptas voluptate.','sequi','591',NULL,'1981-03-27 09:49:43','2002-11-07 21:46:18'),
('240','10','905','Aspernatur dolor molestiae consequatur ab nam dolor. Sunt omnis ipsum iusto dolorem. Totam occaecati et et doloremque nostrum id enim. Voluptas pariatur ea hic pariatur.','illo','79284',NULL,'2013-04-03 06:36:40','2001-11-12 12:52:34'),
('241','1','906','Eos eius quia numquam veniam exercitationem adipisci. Natus voluptate non animi quisquam. Impedit voluptates amet et rerum vero quasi. Voluptatem recusandae et fuga similique qui et at totam.','odit','273870004',NULL,'1977-10-26 16:17:39','1999-09-28 09:13:34'),
('242','2','909','Sunt saepe ea deleniti eius vitae. Placeat reprehenderit nobis voluptatem voluptatem ex minus placeat impedit. Nemo tenetur consequatur tempora id quod voluptate et. Et beatae omnis occaecati error nobis.','accusantium','309',NULL,'1997-11-18 18:46:48','1997-09-13 13:10:38'),
('243','3','910','Debitis commodi quia natus aut aut soluta cum dignissimos. Ea perferendis optio explicabo. Tempora voluptas in iste odio nemo consequuntur.','quo','97',NULL,'1975-08-18 16:43:52','1989-01-23 17:23:56'),
('244','4','911','Voluptas reiciendis architecto eos harum dolor qui. Et itaque et possimus quo nam. Facilis dignissimos assumenda mollitia voluptatem.','sit','856808153',NULL,'1978-01-19 19:43:05','1997-07-08 13:35:30'),
('245','5','912','Quibusdam et et itaque quia. Et qui molestiae pariatur eveniet est nihil harum. Fugit qui asperiores sunt recusandae porro voluptatem vitae. Recusandae sint adipisci et eum porro nobis unde quibusdam. Sed sint consequatur aut at cum necessitatibus.','dicta','790403',NULL,'1997-11-11 07:26:55','1978-05-13 23:56:56'),
('246','6','913','Eaque modi corrupti amet nesciunt aperiam ipsam explicabo. Qui illo molestias excepturi earum. Soluta est reiciendis eius voluptates veritatis minus quod. Voluptatum tenetur odio in ut libero.','ut','9',NULL,'2000-07-16 05:29:48','1988-01-20 02:36:12'),
('247','7','914','Porro omnis ipsam nulla voluptas aut sequi quo at. Qui fugiat blanditiis harum impedit. Fugit voluptas veniam consequatur ut perferendis. Non earum aut aperiam temporibus rerum sit occaecati pariatur.','id','1',NULL,'2016-12-27 10:03:54','2006-05-24 02:23:37'),
('248','8','915','Dolores tempore suscipit nesciunt ut. Autem praesentium quis sit sunt nam. Esse consequatur aut voluptatem adipisci dicta.','dolor','95',NULL,'1990-02-28 02:08:35','2004-07-06 22:34:37'),
('249','9','917','Magnam voluptates unde doloribus fuga. Qui eos magnam iure voluptas quibusdam autem ipsam. Ut maxime nihil sed iure temporibus.','saepe','38',NULL,'2017-08-25 19:40:43','1982-08-12 14:28:33'),
('250','10','918','Nihil debitis numquam non quis unde. Reprehenderit voluptate a laborum voluptas nam vero deserunt. Illum veniam in iste quia. Aut esse sequi eveniet error.','tenetur','9',NULL,'1971-07-16 12:22:53','1993-08-16 06:48:48'),
('251','1','919','Aut quas cupiditate fugit. Dolorum maiores consectetur asperiores ullam et dolorem voluptate fuga. Eaque nihil cum quia inventore eum. Sint voluptatem blanditiis commodi eos.','sunt','119825',NULL,'1988-06-05 22:42:06','1975-10-23 21:30:16'),
('252','2','920','Possimus ut ut quia. Voluptatem nam doloremque sint. Aliquid sint qui rerum. Id eveniet soluta sint omnis neque repudiandae velit. Porro velit recusandae nesciunt nobis beatae.','voluptas','4240450',NULL,'2010-11-05 21:11:04','1984-07-08 08:54:39'),
('253','3','921','Voluptatem voluptatem aut itaque ut omnis. Sunt temporibus dolorem neque quisquam id sint adipisci. Commodi suscipit voluptatibus illo eligendi omnis laboriosam autem.','est','9262',NULL,'1993-09-23 14:41:04','2000-01-03 13:35:21'),
('254','4','923','Accusantium rerum qui quis. Nisi enim voluptatem tempora minima. Nihil libero in minus voluptatum possimus nisi quia.','quas','276',NULL,'2016-06-27 04:49:53','1970-11-21 15:54:38'),
('255','5','924','Non commodi perferendis consequatur. Optio odio earum harum quibusdam et suscipit. Eos est et sed ratione voluptatem harum unde neque.','quas','0',NULL,'1999-03-29 07:42:13','1970-05-06 16:49:27'),
('256','6','925','Soluta voluptatem consequatur quo alias sapiente suscipit. Id dolore eaque incidunt itaque aliquid quia. Qui tenetur et harum esse aperiam ut.','omnis','8385',NULL,'1980-07-13 05:22:25','1974-03-17 12:13:18'),
('257','7','926','Sit non ut consequuntur illum nam omnis deserunt. Quam debitis voluptatem vero labore non magnam ducimus. Quae velit quam sit incidunt voluptatem.','qui','105211',NULL,'1970-08-18 14:43:14','1980-06-17 21:30:07'),
('258','8','929','Voluptatem rerum eveniet dolores est a. Beatae delectus eius velit consequatur voluptatem tenetur. Explicabo possimus sed omnis dolores. Quia cumque quis quia corporis quidem temporibus eum quisquam.','rerum','287537673',NULL,'1971-10-11 05:12:50','1978-02-02 10:15:28'),
('259','9','930','Eum pariatur voluptatem nisi possimus. Illum quasi dolore nesciunt sit expedita. Eos sed fuga atque ad ipsam. Laboriosam ad laborum est omnis ut harum. Quibusdam porro reprehenderit explicabo optio.','facere','15354494',NULL,'1979-12-06 01:32:00','2013-08-22 21:23:11'),
('260','10','931','Vero nam doloremque unde et velit iste. Vel velit sit voluptas culpa nulla in. Facere qui at rem sint voluptatem aperiam suscipit. Similique corrupti inventore ut quidem temporibus nisi qui.','fugiat','2',NULL,'1982-02-28 00:16:58','1978-05-03 01:16:37'),
('261','1','932','Veritatis aliquam fugiat culpa cumque et rem et. Ipsum cumque delectus aut sapiente dolores laborum possimus. Animi labore repudiandae qui aut. Cumque aliquid non nam expedita.','enim','27142986',NULL,'1974-03-31 10:29:01','1979-04-25 01:02:27'),
('262','2','933','Provident explicabo id corrupti asperiores et est tempora. Ea dolores animi rerum impedit. Dolor et veniam voluptates provident eum. Omnis quos ut exercitationem quas.','architecto','831919909',NULL,'2001-04-27 07:51:41','1985-03-06 16:52:17'),
('263','3','936','Modi velit reprehenderit quidem ipsum voluptate non odio optio. Necessitatibus fugit ab eum sapiente sunt dolorem animi. Et et amet pariatur itaque nam in.','sit','866',NULL,'1982-05-24 03:01:06','1993-12-11 08:49:35'),
('264','4','940','Quasi id voluptas provident iusto totam vel aliquid. Qui animi voluptas ex quia possimus qui facere hic. Quia rerum velit facilis autem accusantium id ipsum. Omnis temporibus eum qui accusantium adipisci excepturi eum.','minus','74311',NULL,'2008-01-31 19:41:55','1986-01-03 12:07:43'),
('265','5','943','Voluptatem sit consequuntur quisquam laborum et. Doloremque pariatur minima pariatur placeat necessitatibus voluptas. Qui distinctio ex veniam consectetur.','sunt','51628',NULL,'1990-04-16 10:51:25','2011-04-11 01:22:33'),
('266','6','944','Et sed et et consequatur quia et reprehenderit. Blanditiis optio velit ipsa voluptate totam. Laudantium accusamus praesentium earum in. Ab consequatur consequuntur nisi expedita sit. Eos iste voluptate quia non et.','magni','1355',NULL,'2010-05-16 07:53:45','2019-01-29 18:46:17'),
('267','7','945','Ut omnis delectus et. Quo consectetur sint consequatur doloremque aperiam quis. Veniam sunt cupiditate est dolorum mollitia et molestiae.','odio','7767',NULL,'1975-12-15 23:59:18','1989-09-02 18:15:51'),
('268','8','947','Dolorum vel architecto dolor saepe. Aut ut non consectetur minima id. Dolor beatae in est deleniti assumenda quo consequatur incidunt. Quis omnis asperiores aut labore quasi quaerat.','minima','556159',NULL,'2001-12-04 04:22:11','2003-08-26 05:44:41'),
('269','9','948','Maiores neque dolor et est tempore consequatur. Corporis iste nobis a officia hic soluta. Et sit expedita neque itaque repellendus.','veritatis','20231',NULL,'2020-01-25 23:02:09','1998-02-21 05:30:22'),
('270','10','950','Autem in sunt deserunt aut odit. Dolorem quod nesciunt deserunt dolores quibusdam magnam unde. Accusamus doloremque sit doloribus eos odio itaque. Assumenda modi pariatur recusandae atque ullam in. Laboriosam itaque iure mollitia et aperiam.','distinctio','3049461',NULL,'1987-01-23 18:36:59','1976-02-05 09:40:17'),
('271','1','951','Atque voluptatem dolorem eos dolores quisquam enim. Dolores doloremque enim odio quia cum in numquam. Officiis corrupti ut in et.','aliquam','38730',NULL,'1995-03-31 10:50:03','1973-05-11 12:29:10'),
('272','2','953','Fugit dolor maxime molestiae officia. Neque veniam magni fuga est quibusdam. Autem assumenda totam deleniti est aut dolore at. Eos iusto dolorem accusantium tenetur quo velit voluptatem.','consequuntur','6016992',NULL,'1998-01-24 00:22:57','1980-02-13 19:31:59'),
('273','3','955','Est itaque laudantium et cupiditate. Consequatur quam praesentium commodi assumenda. Quia dolorum ea ducimus consequuntur dolorum et.','ipsa','9393',NULL,'1986-07-02 02:07:50','2015-12-02 10:37:57'),
('274','4','956','Dolor ipsa consequatur optio quis ad explicabo perspiciatis. Et deleniti rerum sequi libero cumque.','maxime','9694',NULL,'1996-07-03 16:09:51','1986-04-09 21:00:44'),
('275','5','957','Similique officia provident magnam dolorem ipsum rerum corporis nulla. Eum eveniet et eum est dicta. Dicta quae non consequatur aliquam fugiat. Laboriosam alias voluptatibus ipsam alias provident rerum.','iste','9',NULL,'2014-01-16 06:03:43','2000-08-04 07:15:45'),
('276','6','958','Quod provident ut aut et inventore culpa ut. Maxime rerum rerum in.','voluptatem','0',NULL,'2018-01-27 13:44:28','2001-02-16 21:37:15'),
('277','7','960','Et est rerum ut sint officiis natus. Expedita libero eius culpa aperiam provident numquam sit. Aliquam ut error quis dignissimos deleniti laboriosam similique ratione. Culpa quis ab et in non modi.','beatae','7441067',NULL,'1985-08-31 07:57:26','1987-03-20 23:21:16'),
('278','8','961','Officiis voluptas iusto quia magnam. Quis quia doloremque ad laboriosam atque nostrum. Odit suscipit dolores et exercitationem amet. Necessitatibus ducimus deleniti non beatae voluptas placeat.','architecto','623',NULL,'1975-04-04 06:29:52','1985-08-10 08:00:40'),
('279','9','964','Est omnis nulla sunt et nihil. Ut maxime repellat et. Cupiditate qui at vero et repellat et. Fugit et illum temporibus laudantium similique qui omnis hic. Sunt rerum impedit ad.','doloribus','467',NULL,'1988-06-19 03:28:30','1974-05-13 21:29:35'),
('280','10','965','Officia ratione at numquam asperiores animi. Magnam laborum sequi sint accusamus sed ut tempore. Quae est corporis dolorem sit expedita quod. Dolor facilis neque velit magnam deleniti inventore autem. Qui ab eveniet quod quidem ad at.','ut','192930',NULL,'2007-05-28 01:30:57','1970-01-11 03:50:35'),
('281','1','967','Voluptas dicta ad facere consequatur. Quia voluptatem mollitia et nihil aut non non. Sint eveniet qui est quis consectetur laudantium. Exercitationem voluptatem est ut soluta ullam est a nisi.','qui','2',NULL,'2002-10-01 11:47:25','2016-05-28 12:41:20'),
('282','2','968','Aut voluptatibus natus ullam quos rerum cumque. Aut numquam aut eveniet praesentium. Et excepturi cumque consequatur nihil et nisi. Dolorem aut velit quas modi illo delectus.','nisi','97398',NULL,'1974-12-08 16:49:49','1982-06-07 04:49:23'),
('283','3','970','Delectus iusto velit molestiae id. Est distinctio sint officia porro. Eligendi sit vitae voluptates placeat adipisci. Accusamus velit assumenda eveniet aut vel a.','ex','983729',NULL,'2009-09-07 21:12:57','2006-08-15 11:27:38'),
('284','4','971','Ut qui velit eos odio enim adipisci. Quas aut tempora sapiente ipsa maiores neque. Eligendi perspiciatis minima ex iure facilis facere pariatur.','eos','1012',NULL,'1997-04-21 10:22:32','2000-06-29 00:17:35'),
('285','5','975','Eum sit blanditiis veritatis aut quae debitis. Repellat autem ab reprehenderit amet aperiam minus est. Nostrum illo unde omnis nulla.','explicabo','1278',NULL,'1984-05-04 17:42:57','1983-03-31 05:28:18'),
('286','6','976','Nobis dolorem nobis sunt officia autem eum. Enim omnis rerum praesentium sunt voluptatem et. Blanditiis molestiae autem vitae repellendus pariatur. Eaque et vitae non voluptas qui ut dolorem.','eum','15522',NULL,'2006-08-07 12:44:42','1971-11-02 03:29:03'),
('287','7','977','Eveniet asperiores id sint a. Molestiae ab itaque magnam odio beatae aspernatur est. Amet maiores sit tempora et ullam delectus et. Dolor numquam architecto dolores libero ut iure. Et non ea eius qui quam.','et','339083',NULL,'2019-01-10 18:52:25','1973-03-13 03:15:57'),
('288','8','979','Omnis id officia quae qui consectetur ut aspernatur. Minima sed explicabo maiores iusto expedita repellat.','nihil','93987',NULL,'1996-07-01 22:52:19','1973-07-28 12:36:47'),
('289','9','980','Aspernatur voluptatem at eaque. Labore aut reprehenderit et quia hic qui et veritatis.','unde','73783',NULL,'2001-09-13 08:08:45','2000-04-12 13:19:23'),
('290','10','982','Voluptatem sapiente a iure aliquid facere qui aspernatur distinctio. Ut provident consequatur consequuntur optio laboriosam nisi vel ut. Nisi ut sunt non quod. Vero animi accusantium minus pariatur. Maxime pariatur natus et.','qui','40947',NULL,'1971-06-06 03:17:02','1979-03-19 09:15:24'),
('291','1','983','Est doloribus molestiae non rerum voluptatibus quaerat voluptas et. Totam ipsam necessitatibus impedit ut culpa dolorum. Ab similique provident non veritatis vitae ipsum provident. Aliquid natus accusantium repudiandae minus. Animi soluta facilis quo id non cupiditate repudiandae sed.','similique','4474',NULL,'1978-02-19 05:10:57','1973-01-09 20:12:32'),
('292','2','984','Velit ea asperiores itaque molestias itaque veritatis laboriosam rerum. Earum eaque in iste dignissimos qui blanditiis. Nihil et hic qui incidunt consequuntur qui consequatur.','qui','557108451',NULL,'1976-11-17 07:30:14','2015-03-06 17:57:33'),
('293','3','985','Accusantium non repellat qui. Culpa id quo repellat deserunt doloribus odio. Et exercitationem enim debitis et soluta aliquid.','repudiandae','33595315',NULL,'1973-12-28 13:45:39','2013-08-08 01:56:30'),
('294','4','987','Explicabo aut excepturi placeat ad. Quo repudiandae veniam qui. Fugiat et tenetur est sunt.','sit','67661',NULL,'1982-01-11 22:14:08','1989-08-02 09:12:35'),
('295','5','988','Voluptate exercitationem temporibus maxime saepe iure omnis rerum qui. Adipisci ipsa repellendus praesentium exercitationem neque. Cum iure in voluptatem autem repellendus enim placeat. Quidem delectus et adipisci neque repudiandae et. Accusantium quos minima quis omnis ex earum culpa nihil.','dolore','32',NULL,'2014-08-10 18:16:45','1989-10-15 10:15:39'),
('296','6','989','Neque quia dolorem est architecto est corrupti. Voluptas unde quia odit quia qui. Odio non voluptatem consequuntur earum id. Omnis tempora sit explicabo aut et atque.','et','0',NULL,'1996-09-16 23:11:55','1985-10-24 22:45:39'),
('297','7','990','Quos accusamus asperiores id. Delectus minus explicabo voluptatem dolorem facere velit qui et. Consectetur quae aut assumenda incidunt accusantium rerum. Qui nihil animi eius quae sit doloremque maxime sit.','autem','995',NULL,'2013-05-21 01:23:08','1991-01-18 21:20:17'),
('298','8','991','Omnis molestias rerum dolorem voluptatum et fuga consequatur. In sed inventore ipsa dicta et molestiae et. Aliquam non ab ea ut dolore accusantium et.','beatae','42297',NULL,'1979-10-18 11:12:40','2011-01-13 05:06:10'),
('299','9','992','Officia beatae minima ex et qui ratione. Quod ipsa id repellendus eum aliquam quis. Qui eaque consequuntur amet laboriosam nulla aut quo numquam. Molestias perspiciatis suscipit molestiae omnis.','quam','375',NULL,'1985-12-10 07:22:40','2013-09-25 03:35:19'),
('300','10','994','Aut mollitia porro pariatur. Dolore est voluptatibus illum sapiente fuga deleniti.','voluptatem','796',NULL,'1978-12-01 04:19:07','1984-04-18 03:40:29'),
('301','1','996','Cupiditate et enim nam et eos. Aut quia unde aut at ea in. Et reiciendis aspernatur a.','quia','1179',NULL,'1991-01-28 04:47:01','2008-08-10 04:15:20'),
('302','2','997','Tenetur sunt asperiores consequatur veniam quia aperiam repellendus. Quia quis veritatis et est omnis eos aperiam. Culpa iste distinctio eligendi quis ut commodi.','eos','1472807',NULL,'2012-09-01 16:41:40','1991-06-27 19:28:52'),
('303','3','501','Beatae quae ullam tenetur aut eligendi. Dolor voluptatem quis molestiae libero. Adipisci non id molestiae culpa occaecati est fugit omnis. Aut magnam assumenda sequi quisquam.','ab','89892557',NULL,'1999-08-11 03:48:08','2013-09-04 01:45:13'),
('304','4','502','Ipsum ut voluptatibus molestiae est dolores deserunt qui. Et sint error fuga et voluptas dignissimos.','harum','50456',NULL,'1996-11-02 05:10:53','1989-03-17 12:47:37'),
('305','5','503','Facilis magnam suscipit est quia neque minus. Reiciendis ipsa optio veritatis aspernatur. At quia praesentium rem libero voluptas quia fugit.','optio','158226244',NULL,'1997-06-17 15:07:25','1988-05-14 18:07:10'),
('306','6','504','Aliquam nesciunt omnis aut consectetur occaecati omnis. Nobis ut unde assumenda mollitia labore veniam.','omnis','387',NULL,'1970-03-25 09:29:16','1974-01-11 11:31:56'),
('307','7','505','Qui occaecati natus expedita numquam. Animi aut et maxime asperiores vero non. Saepe iure culpa eligendi soluta nihil saepe dicta. Quasi quisquam tempora reprehenderit explicabo.','libero','72465',NULL,'2017-03-31 13:23:05','2005-04-30 07:48:38'),
('308','8','506','A commodi aut quis officiis aut quod aspernatur. Omnis consectetur unde aspernatur sit et. Velit delectus vel aut hic qui rerum molestiae aut.','aut','607427643',NULL,'1981-05-25 06:49:56','1996-09-12 10:03:45'),
('309','9','508','Dolor consequuntur saepe nesciunt. Officiis est laborum commodi repellat perspiciatis dolores est. Nisi qui assumenda aut vitae commodi cupiditate doloribus. Ullam veritatis est totam corporis blanditiis sed.','aliquid','824582042',NULL,'2019-08-20 03:53:19','1975-10-26 14:56:48'),
('310','10','509','Voluptatem soluta eius culpa quia. Fugiat ab velit laborum assumenda numquam a autem blanditiis. Quia eveniet velit et ut vel voluptatum vel. Rerum consequatur ea facere est eius.','sit','968',NULL,'2005-03-08 21:46:54','2008-03-11 07:57:25'),
('311','1','510','Aut tempore ex ea enim nihil facere numquam. Culpa et minus et et. Ut est soluta consequuntur aut sint excepturi. Ut voluptas excepturi quia delectus nostrum. Rerum accusamus repellendus a corrupti quaerat.','vel','12951',NULL,'1981-11-24 12:51:05','2018-01-09 06:25:03'),
('312','2','512','Cum ratione mollitia quas est illum itaque. Modi cupiditate reiciendis ut voluptates cum veritatis. Perspiciatis enim nesciunt modi et impedit sint possimus.','deleniti','89',NULL,'2000-04-05 22:24:36','1989-06-19 00:17:25'),
('313','3','517','Fuga dolorum nihil et impedit commodi. Repellendus delectus numquam sapiente nam. Et sed veritatis voluptas accusamus quos quia sed. Voluptatibus iure quia nesciunt sit.','et','9125',NULL,'2006-05-20 07:59:27','1997-11-27 04:40:41'),
('314','4','518','Qui architecto officiis maxime. Excepturi est cum eveniet et repudiandae fugit similique et. Voluptas voluptas et distinctio adipisci exercitationem.','omnis','649111',NULL,'2017-12-16 19:10:24','1979-03-06 13:55:25'),
('315','5','519','Molestiae error ea quibusdam placeat. Numquam mollitia illum nihil et. Repudiandae ut ad quibusdam adipisci. Quo suscipit minus in rerum et non distinctio.','exercitationem','4131707',NULL,'2002-06-18 14:07:14','2018-07-12 09:47:32'),
('316','6','520','Voluptatem aliquam recusandae quos fugit est id voluptatibus. Id molestiae fuga facilis veritatis et quo enim. Omnis maiores nihil odio aut non laudantium.','voluptas','6713',NULL,'1992-12-31 18:29:05','1987-12-17 04:24:05'),
('317','7','521','Possimus et odio nisi minima voluptatem aliquam quaerat. Voluptates soluta blanditiis sequi aut facilis quaerat.','eius','55451972',NULL,'1981-11-30 02:14:16','2009-04-29 22:53:25'),
('318','8','523','Quia et animi doloribus ea. Impedit laborum nobis qui reprehenderit ut recusandae adipisci. Explicabo earum blanditiis dolorem dolor qui eum sed. Sed fugit deserunt culpa et et cumque.','pariatur','427',NULL,'1978-06-14 08:47:30','2014-10-05 08:15:06'),
('319','9','524','Corporis voluptatem ipsum qui. Ducimus alias aut consequatur quisquam. Et ea omnis at voluptas dignissimos. Accusamus ut debitis sit perspiciatis cum rerum quidem.','expedita','972067',NULL,'2001-08-14 05:34:37','2012-03-29 10:54:15'),
('320','10','525','Possimus fuga omnis eius quos inventore. Ad consequatur ut fugit minus expedita. Voluptatibus tenetur molestias distinctio sint necessitatibus nisi id.','quia','9415',NULL,'1987-03-25 07:35:29','2006-08-19 06:18:00'),
('321','1','526','Quis qui reiciendis saepe dignissimos. Ullam rerum illum et ut. Temporibus id et minima sunt rem. Molestiae quis qui harum aut quia consectetur accusamus. Libero velit eius molestiae itaque architecto ex.','sequi','359',NULL,'1985-12-31 10:49:16','1985-01-25 12:02:47'),
('322','2','529','Qui est iure aut doloribus et omnis. Non et amet molestiae et ut officia dolore dolorem. Et ut totam omnis. Qui atque id molestiae nemo atque magnam.','ipsam','1637325',NULL,'1991-08-01 00:30:28','2000-02-27 17:40:46'),
('323','3','530','Ducimus atque enim itaque. Esse ex eos et natus. Ut dolor et eaque aut modi eius distinctio. Aut quis facere in quia ex ullam voluptas.','odit','247510',NULL,'1986-08-25 08:40:03','2007-08-06 11:14:27'),
('324','4','531','Consequatur sint voluptas est fugiat. Quasi rerum vero quia placeat quod cupiditate consequatur. Qui esse numquam sunt aut nulla.','enim','235654307',NULL,'1995-07-20 01:21:17','2001-12-10 01:51:47'),
('325','5','535','Maiores dicta ullam modi et aut tempora est. Sit nihil omnis omnis quidem eaque reiciendis fugiat provident. Quia praesentium voluptatibus suscipit ratione. Nesciunt odit error at omnis et perferendis id unde. Corporis quasi architecto vel deleniti possimus quod voluptates.','provident','0',NULL,'2001-09-26 14:10:29','1982-09-08 17:19:22'),
('326','6','537','Est eum quidem molestias. Mollitia dolore voluptatem quod occaecati sequi quod. Facilis assumenda quia ipsa eveniet.','fuga','9509',NULL,'2005-02-08 21:29:38','1988-03-01 11:03:50'),
('327','7','538','Voluptatibus libero deleniti rerum nobis asperiores repellendus. Aspernatur ipsam autem quo eum. Est in dignissimos ut illum. Adipisci alias soluta est. Totam nam deserunt quis qui cupiditate et est.','sint','21',NULL,'1974-09-12 16:52:38','1977-02-22 06:45:44'),
('328','8','539','Qui beatae sed commodi quia ratione quia id. Et sit omnis ut suscipit nam excepturi adipisci voluptas. Consequatur sit eum alias iste rerum. Veritatis minus sit commodi cupiditate hic corrupti atque.','nisi','2633',NULL,'1972-07-22 13:53:40','1975-07-08 06:54:00'),
('329','9','540','Porro enim quasi consequatur architecto aperiam. Et et nostrum natus blanditiis. Est quo velit in consequatur ducimus velit et.','corrupti','428849892',NULL,'1973-09-19 01:46:52','2002-03-08 23:22:04'),
('330','10','541','Minima dolores incidunt doloribus doloribus maxime fugiat animi. Consequatur optio omnis rerum consectetur repellat hic ut.','doloribus','8367734',NULL,'1975-11-22 17:54:04','1984-03-20 12:18:34'),
('331','1','542','Enim neque aliquid exercitationem ut. Et consequatur qui vitae ipsam.','nemo','931723',NULL,'2007-01-17 23:54:53','1974-06-29 01:40:34'),
('332','2','543','Tempora quidem quae possimus nam corrupti dolore. Praesentium architecto doloribus voluptatibus excepturi magnam ipsam vel. Esse soluta doloremque et culpa aut magnam nostrum. Ad provident autem qui repudiandae sunt id aspernatur.','dolor','7',NULL,'1983-03-28 12:38:19','1979-01-02 01:10:03'),
('333','3','544','Qui recusandae sit neque vitae. Et illum in asperiores ea ut rerum recusandae. Excepturi iusto culpa culpa harum qui reprehenderit.','labore','657321511',NULL,'1970-03-01 18:04:02','1976-04-18 09:25:02'),
('334','4','545','Earum ratione deserunt in in aut unde. Similique error id modi totam.','omnis','6',NULL,'2020-03-01 18:39:08','2010-06-22 18:56:48'),
('335','5','546','Quam nostrum cum officia. Architecto delectus earum autem maxime placeat laboriosam praesentium. Id sapiente quas possimus iusto quos vel commodi.','dolores','8',NULL,'2005-01-10 06:31:53','2011-05-13 22:46:58'),
('336','6','547','Nisi voluptatem quod nostrum id eius et. Et quasi suscipit eum quis neque accusamus qui. Est debitis quis voluptatem magni quae.','nobis','9',NULL,'1971-05-30 07:53:48','1978-06-04 21:30:49'),
('337','7','548','Saepe tenetur ipsam neque iure a. Necessitatibus necessitatibus voluptate minus blanditiis. Rerum quia et velit ipsam.','libero','10179',NULL,'1987-09-13 07:14:50','2006-08-05 09:01:17'),
('338','8','552','Ut ut vel adipisci nulla a blanditiis dolorem in. Nesciunt dicta corporis consequatur minus dolores. Quia quis omnis velit facere.','quod','37',NULL,'2009-07-03 05:13:10','1998-01-11 01:01:38'),
('339','9','553','Velit et velit corrupti atque aut eveniet temporibus. Laborum earum dolorem saepe facere rem minus eaque. Eveniet sint omnis dolor illum amet.','voluptatem','40',NULL,'2015-09-19 18:16:02','1985-05-26 17:39:10'),
('340','10','556','Qui reprehenderit neque cupiditate veniam enim quo cum. Modi in placeat eaque ea nostrum nam ratione. Porro ullam voluptas ab quia. Quisquam et est eos sit cupiditate.','atque','57147',NULL,'1974-05-17 11:42:36','1998-04-06 05:44:24'),
('341','1','557','Aut nemo ipsam enim. Odit excepturi aliquid eos ut magni. Maxime aut expedita sed porro temporibus. Totam quisquam ullam quasi debitis.','et','23',NULL,'1991-07-01 19:11:29','2012-10-21 17:22:25'),
('342','2','561','Nostrum rerum et quasi molestiae. Omnis nobis repellat quis qui odio excepturi. Et dolorem rerum placeat eius quia. Et rerum ut minus est in nihil exercitationem.','corporis','42',NULL,'2000-07-24 11:24:13','1978-12-06 10:58:17'),
('343','3','562','Nostrum rem excepturi molestias praesentium et. Et molestiae qui esse tempora et. Ratione sit ut perspiciatis possimus vel aliquam quam. Aut rerum aut ratione reprehenderit est.','quam','0',NULL,'2012-08-30 13:22:43','1982-04-15 05:05:08'),
('344','4','564','Numquam vel aut aut explicabo repellat aspernatur. Consequatur sit soluta quaerat quia. Nisi at architecto autem nihil aut. Voluptas qui qui repudiandae dolor.','inventore','88528',NULL,'1996-12-31 13:35:51','1992-10-08 04:03:49'),
('345','5','565','Provident id aliquid magnam animi. Quasi dolor qui necessitatibus consequatur ut eligendi. Consequatur modi delectus ipsam cum esse.','quisquam','22455983',NULL,'1971-08-10 07:44:24','2003-03-08 18:40:05'),
('346','6','566','Sint id dolorum est. Asperiores rem atque excepturi eius ullam. Provident cumque expedita aut velit. Excepturi incidunt magnam ab non qui quia odio.','sed','79286',NULL,'2014-12-22 02:58:03','1994-12-01 22:03:55'),
('347','7','567','Recusandae aut quae saepe enim corrupti veritatis eos. Ut neque occaecati voluptate aut qui. Et ea porro quas est omnis et qui. Incidunt quam fuga ut unde iste.','ipsa','1198057',NULL,'1971-01-20 18:31:03','1992-06-25 16:48:52'),
('348','8','568','Voluptatibus sit soluta dolor iure. Eligendi fugit nihil doloribus error sint. Asperiores optio molestiae quos velit pariatur. Ut praesentium iure excepturi qui.','neque','5769957',NULL,'2013-09-12 15:05:06','1994-07-23 04:41:29'),
('349','9','569','Quod accusamus voluptatibus a accusantium. Et vero autem minima est ad rerum. Pariatur ipsa alias alias fugit enim eos.','reiciendis','746',NULL,'2018-09-06 06:49:27','1982-01-12 14:02:56'),
('350','10','571','Maiores iure iusto magnam libero impedit labore. Impedit praesentium soluta id laboriosam quia nostrum odit. Et doloribus recusandae qui illum amet incidunt. Quod aut voluptas nihil adipisci.','exercitationem','1336',NULL,'2008-06-17 04:16:49','2013-02-21 11:21:20'),
('351','1','572','Libero vitae dolores libero voluptatem. Ut sed temporibus enim. Rerum in corporis voluptates. Quasi asperiores consequatur vel maiores dolores repudiandae doloremque.','deleniti','458633',NULL,'1973-10-02 18:51:31','1984-03-09 19:18:06'),
('352','2','573','Ut fugit magni velit sit magnam distinctio quaerat. Temporibus aliquam occaecati eius. Minima autem occaecati dolores ab perferendis enim. Omnis soluta quaerat nesciunt ut omnis ipsa est ullam.','dolor','0',NULL,'2017-08-23 06:48:45','2017-04-30 17:17:13'),
('353','3','574','Ut ipsam repudiandae aspernatur est explicabo corrupti earum. Et commodi reiciendis harum. Sint voluptate sed similique nobis odio illum vel.','alias','25883801',NULL,'1997-03-20 09:58:06','2005-07-21 06:26:34'),
('354','4','577','Necessitatibus doloremque qui aut magni et soluta perspiciatis. Amet illum consectetur assumenda rerum. Dolor eaque beatae autem enim tenetur.','quos','894',NULL,'1999-08-07 11:55:54','1985-08-03 09:53:22'),
('355','5','579','Eum id veritatis ducimus rerum. Est adipisci eos voluptate. Dignissimos illo reprehenderit nam eos veritatis ipsam sit.','repellendus','98',NULL,'1979-12-03 03:46:26','2010-06-01 17:06:43'),
('356','6','583','Et numquam suscipit amet illo quibusdam voluptates. Aperiam reprehenderit molestiae qui veritatis. Labore sed itaque est sunt iure omnis.','reiciendis','42884',NULL,'2002-12-31 20:30:31','1970-03-13 21:46:42'),
('357','7','585','Quia ea excepturi perspiciatis numquam aliquid suscipit consequatur id. Magnam nulla occaecati recusandae veritatis ipsum consectetur. Voluptatem dolorum dolore quam soluta.','non','922053',NULL,'1980-04-24 23:48:41','1982-02-08 19:09:56'),
('358','8','586','Cum aspernatur ut est molestiae alias omnis asperiores. Nemo assumenda sint rem aut quidem. Perferendis natus laboriosam ut est et.','necessitatibus','877114',NULL,'2013-11-07 15:47:46','2003-11-19 14:26:49'),
('359','9','587','Ut eaque harum fuga qui expedita. Rerum modi fuga laboriosam sint quis omnis commodi magni.','laborum','38916895',NULL,'1988-08-05 11:53:16','2011-07-03 19:34:04'),
('360','10','590','Quia omnis in rerum tempora in qui quo. Nam expedita porro veritatis fuga. Ipsa nostrum nesciunt facere incidunt. Consequatur et quos et id omnis maxime.','possimus','0',NULL,'2004-05-10 10:26:52','2008-06-27 01:10:59'),
('361','1','594','Perferendis facilis in et ducimus maiores sed quos architecto. Vitae rem vero repudiandae at. Ipsa sint sed cupiditate qui repellendus inventore. Voluptates illum aspernatur adipisci nam praesentium ex.','incidunt','6720',NULL,'1989-07-21 06:50:21','2003-05-27 02:37:02'),
('362','2','595','Quam non vel est quis iure. Quasi alias consectetur accusantium qui eum. Doloremque veritatis dolores similique consequatur quis eum enim.','libero','463807670',NULL,'1997-08-16 07:24:56','1975-05-24 07:40:06'),
('363','3','597','Vitae veniam repellat consequuntur est repellat repellendus ex. Et ea necessitatibus et repudiandae atque est sint numquam. Autem et et nostrum corporis aliquam sit. Quia atque tempora rerum.','minima','19227',NULL,'1994-11-05 04:45:39','2007-08-31 17:09:12'),
('364','4','598','Dolor corrupti similique repudiandae sit atque et consequatur molestiae. Vero nam consequatur sed ut unde. Nemo sequi autem similique provident. Omnis eius iste reiciendis aperiam aut est at delectus. Velit repudiandae dicta corporis quidem recusandae fugit.','consequatur','78214',NULL,'1970-04-02 04:48:06','1989-12-19 10:23:32'),
('365','5','599','Sunt repudiandae at natus voluptas consequatur culpa. Et aliquid voluptatem voluptatem est eveniet omnis earum. Tenetur quo sequi nulla facilis. Nisi ut qui aut sit quo beatae.','rem','516',NULL,'2007-03-07 10:50:26','1999-06-04 06:54:52'),
('366','6','600','Necessitatibus reprehenderit dignissimos consequatur nobis. Corrupti dignissimos doloremque doloribus iste. Ut veritatis sint et esse ut dolorem id. Aut eveniet corrupti ut iusto voluptates provident et accusantium.','accusantium','631096348',NULL,'2018-08-28 09:47:57','1991-02-21 22:33:07'),
('367','7','601','Culpa ad reprehenderit eum qui sed quae odio. Et quasi molestiae ad facere officiis. Quisquam aut quis ipsum sequi. Voluptatum eveniet quisquam sit itaque consequatur qui dignissimos nemo.','culpa','1535697',NULL,'2001-03-04 03:04:50','1976-05-08 21:40:51'),
('368','8','602','Veritatis et qui animi non magni sapiente. Voluptates a cupiditate nobis ut. Consequatur nemo ipsum ad laudantium repellat qui.','animi','199',NULL,'2018-01-28 10:36:58','1973-09-01 15:09:53'),
('369','9','603','Omnis ab occaecati commodi aut dolorem mollitia debitis. Magnam eos occaecati reiciendis.','laboriosam','0',NULL,'2007-11-09 00:52:32','1997-10-04 14:48:33'),
('370','10','605','Perspiciatis est alias ut maiores est mollitia dolores. Dolores reiciendis quia velit aut blanditiis aspernatur dicta. Praesentium est voluptas voluptatem amet. Et minus rerum ut cumque aperiam minus facere.','ut','21',NULL,'1992-10-23 00:02:57','1974-07-30 11:19:13'),
('371','1','607','Libero odit deleniti est quasi eaque sapiente. Est possimus id omnis et.','architecto','916161',NULL,'2016-05-22 18:44:07','2018-10-20 06:38:00'),
('372','2','608','Ut rerum officiis est harum et. Aperiam ipsum eum molestiae nobis corrupti. Vel dolore dolor ipsam et odit non. Nisi quis eos fuga eum ut possimus ex.','et','92537',NULL,'1999-08-13 01:46:57','2013-04-23 04:43:27'),
('373','3','610','Tempora corrupti dolore et quia molestiae et est. Ipsam assumenda veniam laudantium suscipit delectus ut. Est porro sit et modi. Suscipit aut consequuntur praesentium tenetur.','amet','63300',NULL,'2012-04-30 09:26:58','2006-12-14 07:30:51'),
('374','4','611','Error quas explicabo consectetur ut id magnam. Assumenda quod et nam porro. Earum earum omnis quam iste id minus ipsa. Illum porro veritatis provident ratione.','voluptatem','4275',NULL,'1976-09-17 20:16:48','1994-05-13 11:29:45'),
('375','5','614','Odit soluta ipsa est ut non perferendis suscipit. Qui quo aut quas sint recusandae illum. Ut repudiandae dolores quos.','dolores','4',NULL,'2007-05-07 01:08:26','2018-02-25 17:59:27'),
('376','6','615','Aspernatur dolorum officiis laborum sit. Eveniet exercitationem qui veniam sunt error blanditiis incidunt. Tempore vel blanditiis quibusdam et. Sed autem minus voluptas ea hic voluptates cum. Laudantium tenetur voluptatem commodi ducimus voluptatum aliquid eos aliquid.','ut','64422',NULL,'2004-08-18 14:48:12','1971-04-11 17:36:52'),
('377','7','618','Impedit inventore ut repellendus harum quia nisi dolor. Illo at aut quia aliquid et molestiae. Dolore qui fuga ut id.','autem','49976',NULL,'2017-11-01 01:32:13','1972-11-21 04:13:28'),
('378','8','621','Magni doloremque ipsum assumenda repudiandae placeat perspiciatis quidem. Quis qui omnis consequuntur perferendis sapiente laudantium veniam. Molestias accusamus est veniam voluptatem. Qui aperiam officia voluptate amet qui sunt veritatis.','quisquam','3',NULL,'1996-08-23 20:52:02','2017-02-13 05:49:07'),
('379','9','623','Dicta qui ea ipsam a tempore. Modi quis et explicabo et quia dignissimos sapiente. Odio voluptas illo maxime corporis odio.','praesentium','589765',NULL,'2017-05-03 11:28:57','1998-10-23 14:18:42'),
('380','10','624','Similique earum sit exercitationem corrupti. Sunt et aspernatur fugit ex commodi. Sed recusandae ab at. Odio error molestias quod vitae aut molestias.','sit','0',NULL,'2018-10-26 15:42:56','2010-01-26 15:43:56'),
('381','1','625','Deserunt nemo rem provident laboriosam aut incidunt autem. Ea dolorem deleniti ab beatae voluptatibus autem occaecati quis. Sunt nihil quo optio id. Enim molestiae harum et ipsum tempore.','non','2631',NULL,'1988-05-21 02:00:02','1980-12-26 00:57:43'),
('382','2','626','Laborum nam quasi amet accusantium qui iste quidem. Sed beatae eligendi veritatis dolore in. Quis est aut nihil similique alias.','id','214734',NULL,'2007-05-01 06:50:11','1989-07-15 02:53:00'),
('383','3','627','Occaecati cum sunt magni doloribus. Tenetur sint vel sed temporibus hic.','quibusdam','783127580',NULL,'1982-05-03 08:48:14','1995-07-04 22:43:22'),
('384','4','628','Inventore vel laborum alias et ut fugit. Culpa dolores molestiae minus. Qui velit cumque molestias. Tempora aliquid voluptate ab voluptates dolor expedita dolor. Ut debitis dicta saepe fuga provident et.','est','7',NULL,'1990-09-12 10:16:08','1970-09-16 14:59:36'),
('385','5','629','Illo omnis et quia mollitia molestiae aut molestias. Velit sint eum sequi totam a. Quisquam quaerat repellat tempora et omnis dolores tempora quod.','est','389658',NULL,'1974-11-22 03:46:48','2007-10-03 19:05:32'),
('386','6','633','Sed sequi est voluptate dolores. Enim illo distinctio quasi possimus quo illum non impedit. Assumenda aut necessitatibus ut maxime quo qui aut. Tenetur modi libero provident est. Minima molestiae dolorum ut sapiente qui.','qui','4544',NULL,'1974-09-19 15:30:12','2019-08-04 03:53:37'),
('387','7','635','Quod delectus quod ea qui aut facilis omnis. Est facilis quis odit ratione. Doloremque saepe suscipit suscipit nemo. Sed rem dolore quas inventore cum incidunt a sit.','reiciendis','4',NULL,'1989-07-03 14:58:17','2005-02-19 04:14:20'),
('388','8','636','Rerum fugiat sed vitae laborum. Reprehenderit sunt provident quam aut debitis maiores quasi. Error sit a rerum facilis a quis. Quo labore accusamus ut voluptates consectetur quae ut.','eos','585481915',NULL,'1993-10-12 19:16:49','1971-01-24 05:19:29'),
('389','9','637','Possimus consectetur id molestiae omnis ipsam voluptas mollitia. Qui voluptates et ullam rerum dolore explicabo nesciunt.','voluptates','71327',NULL,'2017-05-07 06:47:33','2011-11-10 11:01:02'),
('390','10','644','Minima et recusandae qui voluptate. Debitis laborum quo ut voluptas aut voluptas. Ut voluptatum et quo soluta sunt quaerat rerum.','quis','0',NULL,'1993-03-19 08:01:49','1981-01-05 17:04:19'),
('391','1','646','Nesciunt libero omnis et necessitatibus et. Quasi sint esse ipsum ut. Veniam ut cum qui illo unde.','est','621231',NULL,'1970-09-29 01:30:21','1985-07-26 01:38:36'),
('392','2','647','Qui voluptatem harum dolor in architecto ea. Quo accusantium occaecati et libero assumenda. Vel magnam consequatur voluptatem aspernatur ipsa qui consequatur.','mollitia','40001863',NULL,'2009-04-22 00:58:58','1972-06-29 15:44:07'),
('393','3','648','Fuga expedita delectus provident vitae ut quidem. Nostrum dolore eum exercitationem. Debitis perspiciatis dolorem rerum saepe. Sed dolore consequuntur culpa nostrum eum corrupti.','ipsum','281',NULL,'1993-08-02 16:44:51','2017-08-20 00:33:08'),
('394','4','652','Iusto vel architecto eum animi. Dignissimos et officiis molestiae cumque. Et cupiditate nemo est non error. Quibusdam consequatur voluptas ex quidem necessitatibus aliquam sit.','ut','945979968',NULL,'2009-07-01 02:44:50','1998-08-27 01:06:46'),
('395','5','653','Aspernatur dolorum et odio perspiciatis nam sequi dolorum. Occaecati aspernatur sint facilis vero quod quas perferendis. Nobis dolorem est unde.','non','8164170',NULL,'1970-10-26 06:43:35','2020-01-19 20:50:17'),
('396','6','654','Voluptas ab sint quam fugiat iure. Odio qui sed molestiae ducimus molestiae officia quod ducimus. Non eveniet sit vero sit illum sunt qui. Expedita exercitationem nesciunt error aut voluptatem repudiandae.','quis','232741355',NULL,'1994-04-04 22:45:10','2017-09-17 03:05:30'),
('397','7','658','Consequatur culpa natus perspiciatis. Aut cupiditate libero et dignissimos aut est voluptatem dignissimos. Perspiciatis rerum sed voluptatem iste.','voluptatem','1',NULL,'1996-06-12 03:55:21','1976-04-09 06:40:52'),
('398','8','660','Accusantium aut odio quis in ut. Porro ut quia reprehenderit voluptatibus. Tempora enim corporis non quibusdam cum est quisquam.','culpa','1',NULL,'2017-07-31 07:19:01','2000-10-26 06:07:29'),
('399','9','661','In eveniet temporibus et et. Rerum itaque consequatur rerum beatae. Nisi velit commodi sint ut alias.','repellendus','33662',NULL,'2018-07-13 00:20:57','1995-01-26 03:24:51'),
('400','10','665','Reiciendis nisi dolorem ut ipsum. Sapiente blanditiis sit soluta ut earum.','et','124319650',NULL,'1992-11-11 14:13:22','2012-08-09 13:47:02'),
('401','1','668','Aperiam non eum ut pariatur cum saepe autem. Aliquam est nesciunt placeat aliquam et qui id. Reiciendis optio voluptatem numquam perferendis. Et soluta ut id porro qui consequatur molestiae.','magnam','0',NULL,'2010-09-19 20:54:25','1974-12-22 02:25:32'),
('402','2','669','Perferendis aut similique soluta voluptatem nemo necessitatibus voluptates. Minima velit facilis vitae voluptatem necessitatibus eum. Velit enim natus deleniti.','autem','0',NULL,'1971-12-28 03:21:20','2004-02-29 01:01:15'),
('403','3','670','Eos a qui sed ut nisi corporis sint. Optio earum ab eum vitae commodi voluptas. Magni quasi qui rerum omnis id.','ut','33636986',NULL,'1991-04-09 01:10:01','1993-02-07 00:24:10'),
('404','4','671','Qui porro maxime soluta fugiat voluptatibus quidem. Aliquam non ut officia nihil velit.','rem','938725345',NULL,'1987-10-02 07:34:31','2014-12-12 22:25:35'),
('405','5','673','Ut beatae alias officiis autem facere excepturi. Cumque temporibus asperiores qui omnis. Velit fuga sit quis reiciendis minima. A molestias quo sed. Quis aut ea quia voluptas sequi ut magnam.','est','7217',NULL,'1980-08-16 19:14:40','1981-01-02 08:49:03'),
('406','6','674','Repellendus accusantium ut harum aut at ex ratione. In nesciunt optio dolores et. Et consequatur inventore repudiandae voluptas enim ad voluptas.','nobis','1',NULL,'1974-09-30 18:53:57','1996-09-08 07:29:23'),
('407','7','675','Inventore qui eveniet eius. Natus eaque et sint sint suscipit eos et. Sed a reiciendis quo animi.','illum','659748580',NULL,'2015-10-23 06:04:32','1970-04-03 03:39:10'),
('408','8','676','Tenetur eum blanditiis quia in. Quo in accusantium sunt quo. Eveniet ea laudantium ea impedit eum in.','sapiente','15',NULL,'2010-02-15 10:45:17','2003-08-20 16:05:56'),
('409','9','677','Est perferendis reprehenderit nemo dolor quae debitis exercitationem. Atque dolor odio aliquid quos beatae eaque eligendi. Velit sint consequatur accusamus est reiciendis sed impedit.','quasi','243918595',NULL,'2013-09-22 04:52:27','1984-11-21 07:46:17'),
('410','10','678','Maiores delectus porro ipsa omnis qui blanditiis in. Sed sed dolor ut ut distinctio. Non officia harum beatae enim facilis. Aut cupiditate quo tenetur maiores qui at.','quos','95143',NULL,'1996-06-26 10:10:50','1988-03-10 12:54:06'),
('411','1','680','Eum corrupti quaerat nulla. Enim sed suscipit amet tempora dolores animi. Nam autem aut mollitia aut ipsam provident.','et','7498137',NULL,'2008-09-08 05:33:09','1990-11-04 02:18:16'),
('412','2','681','Autem fuga et voluptatum voluptates sint debitis quo adipisci. Sed et provident voluptatem voluptatum. Sit est laudantium similique maiores sunt. Consequatur provident non non illo optio ipsam id ut.','quisquam','86083',NULL,'1975-08-14 05:46:57','2011-05-28 10:36:31'),
('413','3','683','Sit et in id in ipsa sed eligendi temporibus. Sunt recusandae et non sunt impedit perferendis rerum.','sed','575',NULL,'1997-02-10 22:33:19','2002-06-24 20:46:07'),
('414','4','684','Velit saepe possimus est illo ipsum enim qui. Doloribus dolores ducimus a consequatur dolorem expedita nihil. Non optio deserunt labore non dicta minima omnis ut.','quo','7405',NULL,'1978-01-23 02:16:11','1997-03-12 15:17:00'),
('415','5','685','Sed unde porro veritatis temporibus aut cum quam. Ut quia sequi repellat. Rerum eius sunt ducimus culpa at odit. Voluptate enim nostrum aliquid nisi quia quo.','et','721434661',NULL,'1983-01-31 16:06:17','2011-10-20 16:24:10'),
('416','6','686','Similique placeat eaque vero voluptatem. Voluptas et sed aut. Quia omnis voluptatum consequuntur sit repudiandae in voluptate id. Voluptas tempore et eligendi et.','consequatur','628088118',NULL,'1997-07-12 10:40:46','2003-09-13 12:35:35'),
('417','7','690','Eaque voluptas esse doloremque sint labore. Et nulla est fuga doloremque labore. Cupiditate hic rerum rem cupiditate suscipit.','error','8544',NULL,'1988-02-13 12:19:57','1981-10-21 08:06:13'),
('418','8','691','Ex aut et magni sint. Ipsam earum praesentium aut blanditiis. Itaque velit ratione dolor vitae.','minus','5574',NULL,'1982-01-25 16:14:22','1985-07-29 22:27:41'),
('419','9','692','Aliquid autem in quia est. Modi labore ipsa ut est autem natus aliquam. Quam laboriosam delectus doloribus repellendus itaque enim veritatis. Reprehenderit reprehenderit a et perferendis qui officiis minus.','unde','6371',NULL,'2009-03-14 22:12:42','2008-05-05 14:07:04'),
('420','10','693','Saepe voluptatem vitae dolorem et ipsam dolores dolores. Magni reprehenderit nesciunt odit fugiat aut repellat et. Voluptas adipisci iure nisi odio eveniet sit illum.','minima','84',NULL,'2006-11-07 04:32:20','2015-04-02 00:03:23'),
('421','1','694','Dolores molestias dolores blanditiis praesentium doloremque molestias quia facere. Aut facere nemo et ratione officiis. Omnis ipsum quisquam saepe enim voluptas aut asperiores eum.','perspiciatis','47',NULL,'1998-09-19 14:08:59','1970-06-01 06:38:16'),
('422','2','697','Qui numquam tempora iusto illo. Sit ut eius cum voluptatem illo minima consequatur. Dolore aliquid nobis qui nostrum voluptate harum.','dolore','951920',NULL,'2009-10-08 15:02:16','1999-11-05 23:35:02'),
('423','3','700','Omnis in accusantium voluptatem earum quam. Vel aperiam odit eos voluptates. Delectus minus sapiente tempore eveniet sed vero.','provident','58834',NULL,'1984-07-05 00:20:14','1974-11-18 16:03:58'),
('424','4','701','Optio quis ad repellat doloremque ab ipsam inventore. Soluta aperiam qui dolorum tempora. Enim aut voluptates similique a et aliquid sint.','explicabo','0',NULL,'2016-12-28 23:40:35','2017-07-20 01:04:12'),
('425','5','702','Rerum repellat et quibusdam explicabo non consectetur. Aliquam voluptas perferendis error modi id. Et quaerat magni harum. Aliquid ut velit quis quae velit.','sed','2926',NULL,'2000-08-11 03:47:40','2017-10-21 06:02:48'),
('426','6','703','Et ut doloribus totam facere asperiores iusto modi. Veniam dolorem autem adipisci facilis aut aperiam est aut.','praesentium','0',NULL,'1982-10-09 20:49:22','1982-04-08 12:53:54'),
('427','7','704','Sequi consequatur nulla aut eligendi dolor natus. Veritatis illo tempora consequuntur recusandae dolore cumque aut. Nihil velit nam rem ut officiis iure praesentium.','et','673162',NULL,'1993-08-15 19:11:51','1985-06-04 22:04:43'),
('428','8','707','Perferendis et sit est. Ea iure sint placeat tempora eius reprehenderit dignissimos qui.','molestias','0',NULL,'1993-10-15 23:46:15','1976-03-31 20:56:02'),
('429','9','709','Sint corporis voluptatem animi quis nesciunt voluptatem officia. Saepe modi dignissimos vel. Distinctio alias illo assumenda illum tenetur. At velit cum vel quaerat mollitia ex.','tempore','53453',NULL,'2019-03-05 17:40:47','1993-07-20 20:32:10'),
('430','10','712','Omnis voluptatem quae sit. Voluptates cumque officia minima dolore dolorem. Nobis culpa eveniet harum aspernatur earum. Illum non vel odit et ipsam.','quis','480',NULL,'2019-01-06 14:31:27','2018-01-27 15:50:46'),
('431','1','713','Doloremque molestiae voluptate voluptatem ut. Magnam blanditiis sit voluptatum nihil a adipisci suscipit. Rem temporibus libero perspiciatis et autem. Officiis vel et perferendis.','blanditiis','789',NULL,'1986-09-08 21:34:38','1999-10-05 10:56:14'),
('432','2','718','Quidem qui sit et rem. Aspernatur rerum asperiores et quae quo. Sit voluptatibus sapiente aut doloremque voluptas. Et assumenda possimus eos libero nesciunt.','pariatur','4',NULL,'1993-12-22 11:38:45','1986-12-22 15:02:59'),
('433','3','719','Eos vero fuga consectetur veniam quis aspernatur omnis. Natus laborum voluptatum velit delectus quis similique qui nobis. Veritatis quibusdam quo perspiciatis rerum voluptatibus.','nulla','41302905',NULL,'1986-08-23 12:03:37','1974-10-25 12:39:21'),
('434','4','720','Ut consequatur impedit velit in aut nisi officia. Non necessitatibus tenetur nulla vel quasi fugit. Distinctio non libero quae qui.','eum','51567528',NULL,'1995-12-05 19:55:42','1996-08-17 23:44:31'),
('435','5','721','Odio corporis itaque delectus. At doloremque perspiciatis ad aliquid esse rerum. Aperiam cum eum iure aut.','dolores','808469',NULL,'1983-06-16 20:09:30','1971-06-08 03:13:34'),
('436','6','722','Tempore ut repellat consequatur reprehenderit commodi totam. Corrupti hic cum tempore fugiat occaecati. Voluptatem est molestias fuga quis.','officia','0',NULL,'1981-03-12 09:50:08','1990-01-13 08:00:18'),
('437','7','723','Eaque vitae facere a non. Ut fuga veniam error fuga aliquam. Mollitia nesciunt quis blanditiis ab.','dicta','31',NULL,'1996-07-09 00:31:47','2012-06-24 18:53:01'),
('438','8','725','Quidem occaecati nemo est. Modi rerum labore ex quasi est. Eveniet aut praesentium inventore molestiae quibusdam labore.','pariatur','421309',NULL,'1988-11-30 11:46:18','1999-03-16 12:33:32'),
('439','9','727','Iusto quia consequatur facilis. Explicabo optio autem iusto dolor ipsam. Ut vel eos expedita dolorum incidunt placeat. Dolorem ut exercitationem facilis fugiat suscipit aut.','odio','8349',NULL,'2008-09-20 05:50:08','1985-11-19 05:12:16'),
('440','10','729','Est rerum et quia deleniti tempora nemo. Similique nihil hic dolorum reprehenderit et magnam ex. Nam voluptatibus molestias beatae molestiae dolorem. Ipsa quidem unde qui.','occaecati','1476630',NULL,'1984-04-24 22:06:09','2015-05-15 03:04:43'),
('441','1','731','Ex ipsam qui et nostrum et saepe blanditiis repellendus. Quo consequatur et id consectetur fugiat mollitia. Fugit aliquid voluptas quis voluptatem ullam voluptates expedita. Est aperiam ipsam quisquam vel.','aut','83439198',NULL,'2014-08-01 19:06:33','1980-02-10 12:17:49'),
('442','2','732','Quas nisi eum modi quis veritatis aut ipsum. Sunt ut repellat beatae odio. Explicabo occaecati eaque facilis in incidunt ullam velit.','nobis','7241297',NULL,'2016-08-13 03:25:32','1982-05-24 14:52:58'),
('443','3','733','Quis quia et qui laboriosam sint. Delectus id quisquam omnis beatae tempora. At ratione et nihil et quia.','aliquid','3019181',NULL,'1992-06-22 20:32:26','2005-04-30 00:09:23'),
('444','4','737','Dignissimos accusamus vel culpa eveniet enim ut. Ut facere quasi quae. Sit minima soluta aliquid tenetur.','voluptatem','4',NULL,'1991-02-11 09:45:14','2018-12-22 21:31:47'),
('445','5','738','Ea beatae voluptatibus soluta quae veritatis sint. Sit qui magni neque magni.','minima','0',NULL,'1981-12-29 04:11:35','2002-08-03 12:25:42'),
('446','6','740','Quidem rem ratione consectetur qui vel facere soluta. Optio non aut perspiciatis hic voluptas. Placeat non illum et possimus.','aliquam','0',NULL,'1984-08-14 17:30:48','1979-02-14 11:18:14'),
('447','7','742','Occaecati repellendus molestiae sint quam enim iste. Nemo necessitatibus quia ullam cumque occaecati qui exercitationem porro. Illum ea minima laboriosam ut commodi. Architecto et velit quod officia explicabo.','incidunt','476237',NULL,'2016-01-01 02:08:48','1970-04-11 08:36:58'),
('448','8','745','Ipsam numquam et atque. Sed libero odit nulla inventore. Et et aut minima quas. Expedita consectetur saepe dolor quia sequi cupiditate sed.','similique','599494',NULL,'1992-05-03 16:52:42','1970-04-29 07:41:14'),
('449','9','746','Quia soluta enim quia occaecati velit pariatur eveniet. Qui et itaque libero corporis aut. Omnis blanditiis sunt sed dignissimos qui officia quaerat.','ut','1272',NULL,'2011-09-22 20:35:19','1976-10-10 14:38:57'),
('450','10','747','Saepe saepe explicabo qui quis asperiores sit inventore vitae. Ut impedit odit nisi est molestias reprehenderit voluptatum. Ab accusamus quis itaque voluptatem sit natus molestiae libero. Ratione non animi vero in.','mollitia','495859',NULL,'1971-11-17 09:19:12','1973-10-18 16:01:22'),
('451','1','749','Architecto consectetur sunt cupiditate qui quaerat doloribus. Laudantium ipsum rerum voluptas vero ratione voluptatem. Quam doloribus beatae id libero debitis et qui.','amet','0',NULL,'1975-09-17 07:30:40','1977-05-07 10:24:57'),
('452','2','750','Exercitationem dolores praesentium qui saepe aut esse cupiditate architecto. Voluptatem aut doloremque soluta aut non explicabo cum. Quis accusantium laborum voluptate. Sint dolore accusamus praesentium consequatur et. Voluptatibus rem earum ut veritatis maiores tenetur alias voluptatem.','fuga','88340',NULL,'1996-02-02 20:40:48','2019-12-31 08:55:33'),
('453','3','751','Assumenda exercitationem debitis atque distinctio. Provident dolorum exercitationem ex omnis. Qui nam et voluptas ipsa. Labore officia perspiciatis velit ut. Rerum sunt deleniti qui veritatis temporibus excepturi.','numquam','93',NULL,'1986-06-02 23:07:35','1998-09-11 02:18:58'),
('454','4','752','Velit aut et odit est debitis numquam. Officia dolorem aperiam porro commodi asperiores saepe. Aut molestias maiores et reiciendis doloremque reprehenderit. A velit aspernatur quam sunt saepe et reiciendis.','dolor','1',NULL,'1987-03-27 16:53:32','1987-01-08 19:18:37'),
('455','5','753','Qui modi et a vel rerum ab error est. Vero saepe dolorem est veritatis sed eligendi qui aut. Corrupti inventore sit doloribus ea.','doloremque','44487',NULL,'2009-07-27 15:05:27','1999-10-30 07:14:13'),
('456','6','757','Et et ea quasi nostrum impedit architecto magni. Officia voluptas fuga id voluptatem. Doloremque et perferendis tenetur est sunt. Aliquam similique cum et temporibus.','explicabo','0',NULL,'1972-02-22 14:20:46','2018-12-07 02:43:20'),
('457','7','758','Architecto nam corrupti sit beatae asperiores vero. Tenetur provident similique repellendus sit. Eum vel ad assumenda tempore. Debitis quis veritatis error qui id nobis repellendus ullam.','sed','8',NULL,'1997-04-23 22:19:08','1974-04-14 11:42:08'),
('458','8','759','Ut quos eveniet laudantium nisi. At qui est aut illo minus sit dolores. Perspiciatis exercitationem asperiores reprehenderit quae itaque facere.','voluptatum','17437',NULL,'1972-03-19 19:14:50','1992-11-16 22:47:58'),
('459','9','760','Possimus laudantium id ipsum consequatur delectus est ullam. Rerum corporis sed in voluptatum. A libero commodi cumque et et sint expedita qui. Iure soluta et error cumque quia debitis impedit repellat.','rem','0',NULL,'2003-06-04 23:39:29','2013-05-05 02:59:05'),
('460','10','761','Consequuntur nesciunt a incidunt dolore excepturi libero ut consequatur. Rem explicabo et voluptas tenetur at animi praesentium. Nemo harum harum enim dolores. Quos qui qui deserunt voluptatibus est possimus id.','est','6888971',NULL,'2007-06-01 13:38:23','2006-09-27 01:23:11'),
('461','1','762','Quibusdam sit natus aperiam error. Sed veritatis nihil quos hic. Facere eligendi nemo est voluptatem sit.','iste','48',NULL,'2018-01-28 16:52:42','2005-10-11 12:56:13'),
('462','2','763','Aut reprehenderit dolor laudantium iusto adipisci quaerat amet. Quidem harum qui laborum natus soluta nesciunt sint rerum. Et quibusdam excepturi dignissimos eius et sunt quo.','sunt','6672056',NULL,'2017-09-24 07:47:35','1998-12-11 22:19:54'),
('463','3','765','Error minima voluptatum dolor quis. Et quia praesentium eos autem est. Magni sunt eos qui commodi aspernatur accusamus qui sed.','aliquam','3977',NULL,'1971-07-18 18:17:06','2015-05-30 05:44:42'),
('464','4','767','In eos nostrum aliquid omnis vel odio. Accusantium sequi et atque voluptas. Eos distinctio consectetur corrupti.','dolorem','83315',NULL,'2020-03-27 02:30:48','2005-02-20 05:50:25'),
('465','5','768','Facilis est ad sequi fuga facere. Sunt iusto nesciunt quia eaque quibusdam. Fuga velit quo nostrum blanditiis. Quis et qui autem.','nostrum','49',NULL,'1980-08-10 13:59:12','1970-04-28 11:13:18'),
('466','6','769','Repellendus voluptatem sunt nisi sapiente. Totam maxime voluptates non amet. Ut ut dicta iusto quisquam consequatur.','soluta','899734',NULL,'1992-01-16 00:35:09','1989-02-06 14:52:53'),
('467','7','771','Enim dolores accusamus rerum dolorem quia aliquid in consequatur. Aut libero sed perspiciatis ullam nihil. Debitis eum sunt consequatur.','molestiae','2794',NULL,'2002-10-05 22:02:57','1979-12-23 15:31:21'),
('468','8','772','Aut ex nihil libero qui. Explicabo fugit sed exercitationem nobis. Dolores distinctio sed distinctio explicabo ut.','quaerat','4',NULL,'1981-01-11 20:12:02','1977-09-24 03:00:27'),
('469','9','773','Qui est sed adipisci corrupti vel quia. Corporis quam voluptatem molestias facilis quibusdam ut nesciunt. Ut non rem quo consequuntur exercitationem. Aut repudiandae nihil veritatis soluta officiis.','praesentium','0',NULL,'2019-02-17 10:13:26','1974-01-13 04:15:21'),
('470','10','776','Sint soluta sunt nam aut. Earum optio modi necessitatibus itaque quia qui. Harum consequatur laboriosam aliquam dolore consequuntur. Quam sit expedita consequatur quis.','voluptas','251639813',NULL,'2019-08-16 06:01:50','2004-01-29 05:59:58'),
('471','1','777','Numquam incidunt veritatis impedit est. Occaecati vitae aut sunt nisi. Expedita ipsa illo incidunt modi.','architecto','60',NULL,'2010-01-05 02:31:22','1985-01-16 20:20:20'),
('472','2','778','Soluta quia fugit excepturi totam sint quia. Vitae provident omnis perspiciatis.','assumenda','246316',NULL,'1995-01-20 07:19:31','1999-10-01 20:57:06'),
('473','3','781','Aut et enim qui id. Architecto et rem autem explicabo error est tempore. Numquam et maxime sequi.','eaque','83',NULL,'1975-10-12 23:26:40','2004-05-16 10:40:45'),
('474','4','782','Blanditiis laboriosam nihil nesciunt. Quod quod qui repellendus sit consequatur. Ullam aut cumque quas libero minima.','id','367013130',NULL,'2016-01-13 08:58:09','1972-10-31 13:27:44'),
('475','5','784','Nulla ad totam qui. Accusamus tempore adipisci corporis non et odio tempore quas. Quaerat voluptatem odit adipisci omnis molestiae asperiores. Quis excepturi ut et enim eos autem.','non','0',NULL,'1973-12-03 14:41:36','1978-01-15 11:48:09'),
('476','6','785','Cumque maiores aut a consequatur unde accusantium sed quo. Enim ut placeat nihil. Nesciunt explicabo ea et non sed nisi et. Quia aliquid est quisquam voluptas.','nam','794635362',NULL,'1974-01-02 11:11:10','1976-05-25 20:25:37'),
('477','7','786','Consequatur sequi fugiat debitis qui ex ratione similique. Quo enim magnam et incidunt enim ut. Atque tenetur facere sit magnam.','aliquid','949',NULL,'1971-05-08 03:34:09','1986-02-03 15:49:33'),
('478','8','787','Commodi saepe officia eos ut nihil. Ut adipisci sit esse omnis iure. Voluptates voluptas corrupti maiores voluptas minus commodi neque ad.','eos','95',NULL,'1973-12-25 21:01:10','2001-07-11 08:13:17'),
('479','9','788','Magnam saepe numquam magni et. Omnis nulla rerum voluptatem quo assumenda maxime deleniti rerum. Molestiae expedita et consectetur optio.','enim','0',NULL,'1991-11-08 15:18:33','1996-09-27 16:17:09'),
('480','10','790','Eum enim omnis rerum rerum. Reprehenderit praesentium autem occaecati tenetur. Error ea incidunt veritatis reprehenderit libero aut iste laboriosam.','ratione','8704',NULL,'1995-09-21 06:47:55','1983-02-24 11:32:28'),
('481','1','791','Aut optio quis qui praesentium. Nostrum ea sunt sint iure. Aut qui vitae dolorem perspiciatis sunt dolor unde. Ut tempore voluptas minus aperiam eos occaecati.','laborum','0',NULL,'1987-06-24 00:32:49','2004-09-24 08:53:48'),
('482','2','792','Non quas ex placeat consequatur consequatur repudiandae dolorem. Quis qui quod nesciunt laboriosam dignissimos nisi. Et recusandae tempore libero unde eos eum aperiam.','expedita','32288508',NULL,'1979-12-08 22:27:29','1984-12-04 06:03:37'),
('483','3','795','Quo quam minus cum et. Quis sit rerum sit eaque aspernatur et.','corporis','49664306',NULL,'2003-04-03 17:19:57','1975-01-14 07:19:17'),
('484','4','796','Laborum exercitationem reprehenderit cum et fugit. Cupiditate rerum non ut aut quis sunt aliquam. Qui eveniet quia veniam dolor.','ut','71046',NULL,'2010-12-09 00:48:16','2012-10-27 06:22:51'),
('485','5','797','Aut dolorem soluta eum quidem quis ut. Dolorem modi cupiditate enim quis nihil aut fuga. Omnis commodi fuga quos eos in qui tempora.','reiciendis','22517425',NULL,'2012-06-19 15:45:14','2019-08-26 11:35:47'),
('486','6','798','Dolore quaerat qui rerum autem. Aliquam eveniet cumque quisquam veritatis officiis. Suscipit culpa facere dolor dolor corrupti. Fuga sit perspiciatis et eum.','aliquid','70719',NULL,'1971-11-30 02:57:14','2011-08-01 23:54:33'),
('487','7','799','Ut est id aut soluta repellat sint. Et quos ad earum excepturi enim ut delectus. Quas ipsam iste incidunt maiores vel saepe alias.','perferendis','5990',NULL,'1972-06-11 04:27:58','1987-08-08 03:48:23'),
('488','8','800','Suscipit sed nesciunt quaerat dolor. Ut corporis omnis sed nemo et explicabo molestiae saepe. Alias aut unde dolore ut et. Pariatur culpa placeat sit animi quis sint voluptatibus.','cumque','72333',NULL,'1972-01-18 18:12:40','2011-02-17 15:25:07'),
('489','9','803','Id quae quas et ut. Nemo aut maiores rerum. Quaerat amet atque cupiditate vitae repellendus sapiente vero. Eveniet vel aut assumenda consequuntur. Sit ut sit architecto nesciunt voluptas exercitationem.','modi','96',NULL,'1974-04-13 04:00:45','2004-05-22 23:18:01'),
('490','10','805','Sed eum qui voluptatum ut rerum et. Fuga quo est non ut. Animi corrupti voluptatem neque iusto et molestiae.','atque','313',NULL,'2000-04-10 13:34:59','1995-11-28 02:39:31'),
('491','1','806','Alias sunt unde quo vel modi qui. Commodi dolor similique ut molestiae est. Deleniti sit et in repellendus.','quia','9459',NULL,'1983-08-22 17:09:50','2006-09-15 05:34:05'),
('492','2','807','Corporis nihil velit aperiam asperiores consequatur et earum doloribus. Autem aut est sunt optio et ea. Sapiente modi omnis dolorem molestiae. Distinctio expedita sapiente omnis rerum.','cupiditate','80104',NULL,'2018-10-27 23:59:03','1977-05-14 12:38:58'),
('493','3','808','Ut expedita aliquam ipsum quae. Dolorem deleniti earum velit est. Ut rerum itaque occaecati labore.','odio','927766',NULL,'1972-04-29 02:11:34','1989-01-29 10:45:19'),
('494','4','811','Minus ut quaerat sit. Sit et ut voluptatibus molestiae. Laboriosam et consectetur officia aut sit.','tempore','9923352',NULL,'1970-11-17 05:03:59','1983-06-04 16:11:03'),
('495','5','815','Fuga recusandae asperiores et earum et rerum. Optio voluptates facere quasi soluta vel quae debitis. Amet possimus inventore commodi aut impedit.','eum','541391',NULL,'1983-10-29 16:49:03','1973-07-22 09:24:23'),
('496','6','816','Laborum aliquid minus sunt quibusdam ea. Cum veritatis consequatur est. Amet ipsum explicabo incidunt.','voluptatibus','8751',NULL,'1994-07-04 20:32:54','1970-10-01 13:09:57'),
('497','7','818','Corporis mollitia quis eius rerum magnam. Consectetur occaecati soluta dolore natus officiis eum inventore nemo. Tempore quasi est hic ad ullam.','hic','3',NULL,'2018-09-15 14:30:15','2000-04-01 21:59:33'),
('498','8','819','Odit est quisquam laborum voluptatibus. Natus laudantium est accusantium deleniti. Consequatur eaque aut et voluptates. Ut quia aut facere nisi.','aut','2',NULL,'1997-11-26 04:18:01','1987-07-11 22:27:46'),
('499','9','820','Ut et sunt voluptatem nobis. Sit sit esse recusandae dolor neque accusamus aliquam. Neque et voluptatem omnis qui perspiciatis fugiat magni ducimus.','dolor','30576',NULL,'1997-01-31 00:21:55','2011-08-31 06:47:56'),
('500','10','821','Necessitatibus et molestiae est provident quia ut aut. Est et sapiente ad doloremque. Consequuntur excepturi a sit voluptatem. Tempora adipisci tempora et.','eveniet','3092',NULL,'1994-12-21 04:23:28','1975-06-02 14:52:57'); 


DROP TABLE IF EXISTS `media_types`;
CREATE TABLE `media_types` (
  `id` bigint(20) unsigned NOT NULL AUTO_INCREMENT,
  `name` varchar(255) COLLATE utf8_unicode_ci DEFAULT NULL,
  `created_at` datetime DEFAULT current_timestamp(),
  `updated_at` datetime DEFAULT current_timestamp() ON UPDATE current_timestamp(),
  PRIMARY KEY (`id`)
) ENGINE=InnoDB AUTO_INCREMENT=11 DEFAULT CHARSET=utf8 COLLATE=utf8_unicode_ci;

INSERT INTO `media_types` VALUES ('1','officiis','2008-05-26 15:10:04','2009-01-27 16:03:33'),
('2','et','2014-02-15 23:51:33','1989-09-14 18:47:10'),
('3','incidunt','1971-06-26 16:49:53','2001-02-01 23:26:45'),
('4','quam','1976-06-09 11:30:00','1999-05-16 11:56:12'),
('5','eum','1978-11-08 23:25:56','1980-07-25 13:49:15'),
('6','tenetur','1986-10-09 00:02:56','1986-05-08 09:53:56'),
('7','porro','2001-06-20 22:16:24','1994-02-01 04:52:51'),
('8','optio','1988-08-06 17:57:47','2013-08-29 06:30:36'),
('9','accusantium','1998-01-11 23:23:11','1971-10-31 06:42:18'),
('10','velit','2014-03-07 03:04:50','2008-02-02 06:07:47'); 


DROP TABLE IF EXISTS `messages`;
CREATE TABLE `messages` (
  `id` bigint(20) unsigned NOT NULL AUTO_INCREMENT,
  `from_user_id` bigint(20) unsigned NOT NULL,
  `to_user_id` bigint(20) unsigned NOT NULL,
  `body` text COLLATE utf8_unicode_ci DEFAULT NULL,
  `is_read` bit(1) DEFAULT b'0',
  `created_at` datetime DEFAULT current_timestamp(),
  PRIMARY KEY (`id`),
  KEY `from_user_id` (`from_user_id`),
  KEY `to_user_id` (`to_user_id`),
  CONSTRAINT `messages_ibfk_1` FOREIGN KEY (`from_user_id`) REFERENCES `users` (`id`),
  CONSTRAINT `messages_ibfk_2` FOREIGN KEY (`to_user_id`) REFERENCES `users` (`id`)
) ENGINE=InnoDB AUTO_INCREMENT=101 DEFAULT CHARSET=utf8 COLLATE=utf8_unicode_ci;

INSERT INTO `messages` VALUES ('1','501','501','Consequatur enim consequatur totam. Molestias harum quidem alias adipisci harum natus enim.','0','2011-06-23 01:10:10'),
('2','502','502','Non corporis optio molestiae ducimus. Temporibus velit deserunt omnis sunt consequuntur quae. Quia consequatur et quas veniam nemo quaerat. Dolorem in vero commodi sed eligendi.','1','1981-02-28 18:18:19'),
('3','503','503','Dolor exercitationem aspernatur et officia autem quae. Qui labore aut molestias laborum. Sit quae repudiandae consequuntur rerum qui doloribus.','0','2007-02-11 21:25:28'),
('4','504','504','Accusantium dicta dolores placeat rerum cum unde quae. Tempora corporis non sint accusantium sint deserunt et. Dignissimos corporis dolor excepturi error non nesciunt. Debitis sed non ab ab.','1','1979-08-22 09:44:03'),
('5','505','505','Eos omnis soluta laudantium error quam ipsum. Qui perferendis sint ab dicta ut hic voluptatem. Architecto et accusamus laudantium quos aliquam.','1','2017-03-21 19:28:05'),
('6','506','506','Pariatur doloremque pariatur explicabo fuga sint. Repellendus sed iure atque ab ut vero quo. Reprehenderit quis voluptatum blanditiis necessitatibus corporis et qui. Et voluptatibus repellat amet rerum.','0','2014-04-12 12:39:57'),
('7','508','508','Quo temporibus hic veritatis culpa neque commodi cumque. Consequatur rerum quis dolor ut vitae dolor. Blanditiis consequuntur asperiores eum eos reprehenderit.','0','1989-09-18 04:13:01'),
('8','509','509','Molestiae distinctio minus veritatis aut. Commodi et explicabo ut quos deleniti ea alias laudantium. Quae consequatur occaecati harum laboriosam maxime similique. Officia modi dignissimos exercitationem sed at voluptate quos.','0','1977-12-25 13:43:13'),
('9','510','510','Ea corrupti sunt consequatur aut qui consequatur. Et a nemo odio laudantium. Ad sequi sunt voluptatem quia repellendus non illo maiores. Harum sed sequi commodi perferendis fugit tempore dignissimos vitae.','1','1975-02-04 17:19:12'),
('10','512','512','Ad ducimus molestiae voluptatem praesentium minima. Dolor dolores eos velit nesciunt. Quisquam similique dolor in suscipit id.','0','2017-03-25 06:21:10'),
('11','517','517','Saepe a excepturi ut est. Aut distinctio quo dignissimos mollitia totam. Distinctio consequatur ullam repellendus qui accusantium dolores molestiae.','0','1986-01-08 07:54:08'),
('12','518','518','Ea ut iste vel. Voluptatem alias aut esse et illum. Omnis aut odio ea. Quia enim molestiae unde est quo voluptas incidunt.','0','2014-12-28 03:08:19'),
('13','519','519','Aliquam perferendis aut quo. Incidunt voluptas aut quasi temporibus. Mollitia debitis commodi eos et. Distinctio deserunt dolorum minima et culpa est fugit. Sint error ipsam sequi dolores voluptatibus.','1','1991-04-28 03:08:44'),
('14','520','520','Vel est voluptas blanditiis eaque nam. Accusamus non dolore aut hic. Suscipit dolore eum consequuntur inventore ullam dignissimos ut quo.','1','1979-11-27 17:05:46'),
('15','521','521','Qui aut sed saepe perspiciatis eos tempore eum. Dolor facere enim non eum. Voluptas animi adipisci libero cupiditate quasi excepturi et. Et et atque alias ducimus. Non dolores ea quis aut quos non eveniet.','0','2005-02-09 18:07:08'),
('16','523','523','Voluptas rerum qui voluptas quo. Dicta aut sit facere vitae. Velit dolores provident ut mollitia amet voluptas vel suscipit. Aut voluptas ut eos quo facilis non debitis aliquid.','0','2016-09-27 09:40:56'),
('17','524','524','Temporibus corrupti corrupti ducimus et optio dolores eius. Vel iste voluptates consequatur dicta et animi. Distinctio laborum deleniti reprehenderit.','1','1993-05-14 23:06:11'),
('18','525','525','Sunt ut nam voluptatum modi error repellendus. Consequatur nisi quidem dolores assumenda ullam. Labore voluptates aut aut doloribus sed dolor id vitae.','0','1985-10-10 18:43:03'),
('19','526','526','Expedita consequatur aut deleniti omnis rem. Et minus ut quas nisi culpa. Ut doloribus asperiores ex et. Animi voluptates eum cumque error quae beatae temporibus commodi.','1','2019-01-31 10:42:58'),
('20','529','529','Sed nesciunt rerum qui quae assumenda eligendi at molestiae. Doloremque voluptates deserunt velit laboriosam. Ut perspiciatis animi sit reprehenderit earum a. Aut laboriosam sapiente dolorem.','1','2013-09-03 17:54:30'),
('21','530','530','Quibusdam sint quod et consequuntur eius quibusdam. Non velit enim voluptatem laborum velit officia quidem. Voluptatum mollitia autem aut vero ullam.','0','1974-07-02 09:00:38'),
('22','531','531','Ullam rerum fugit officiis nihil aut molestiae fugiat. Quod quos est similique. Expedita commodi et quas et ex consequatur. Sequi voluptatem vel sed distinctio totam eaque.','1','2017-11-26 14:44:54'),
('23','535','535','Atque deserunt culpa recusandae omnis. Consequuntur placeat aut molestiae natus est quia. Quisquam corrupti tempore quidem et saepe ea.','0','2000-05-31 14:07:36'),
('24','537','537','Et esse placeat qui magni. Quo aut laudantium eaque deserunt. Et perferendis velit in eum molestiae ullam. Commodi assumenda aspernatur quis.','1','2006-02-06 09:39:07'),
('25','538','538','Quisquam quia cum quas deserunt consectetur. Accusantium ut autem non distinctio ipsa. Fugiat saepe dolore dolores commodi ab et.','0','1974-06-02 21:28:26'),
('26','539','539','Accusamus fugiat aut explicabo quisquam veniam ut. Unde voluptatem fugiat iure. Iusto et consectetur qui sint accusantium.','0','2009-11-27 11:06:08'),
('27','540','540','Qui ut ut numquam beatae minus voluptatem consectetur eos. Nihil autem ullam et.','0','2009-02-19 15:41:56'),
('28','541','541','Ab dolorem non autem eum ut. Dolore provident eaque commodi temporibus inventore. Ab dolorem repudiandae doloribus laboriosam vero ea veniam.','0','1978-10-24 15:37:15'),
('29','542','542','Qui molestiae repellat ullam. Inventore eum sint consequatur perferendis. Voluptatem atque est quo. Eum laboriosam impedit id. Ratione fugit aut esse.','0','1979-04-25 00:56:18'),
('30','543','543','Placeat neque facere illo vitae ut sit. Facere omnis earum aut veniam consectetur reprehenderit dolores. Voluptas nam illum delectus ea debitis saepe exercitationem.','0','1986-02-22 20:04:41'),
('31','544','544','Ut labore aut et dolorem eos. Mollitia perspiciatis quo illum minima. Reiciendis facere nemo debitis doloremque error nemo sed omnis. Aut est iste doloribus dolores quae.','0','2005-05-02 23:39:27'),
('32','545','545','Ducimus iure sequi saepe. Eveniet rerum eveniet quia repellendus eum iure. Occaecati impedit eveniet quia et et ullam ipsam et. Qui voluptates at consequuntur et minima itaque rem. Voluptate nemo aut nihil non quia hic.','1','1999-10-26 07:00:08'),
('33','546','546','Officia ipsa ad repudiandae et. Aliquam earum quaerat ut ut. Animi dolores est accusantium animi porro provident velit asperiores. Impedit est voluptatem dolores quibusdam.','1','1978-11-05 14:34:29'),
('34','547','547','Qui voluptatem adipisci consectetur dolor molestiae perspiciatis. Sint aliquam repudiandae perferendis debitis voluptas et nihil dolorem.','0','1989-04-07 04:18:59'),
('35','548','548','Veritatis incidunt deleniti nihil non. Possimus ipsum veritatis quia veniam at tempore laudantium doloribus. Similique quia iure voluptate ducimus. Tempora et aut voluptates ut. Distinctio dicta amet non earum sed saepe.','1','1997-12-01 13:52:07'),
('36','552','552','Eum odio accusamus cupiditate provident voluptatibus omnis. Reprehenderit et molestiae eum id magni sed accusantium rerum. Incidunt neque autem consequatur rerum. Voluptatum aut inventore quaerat eligendi facere ut minus. Repellendus eligendi similique cumque eum.','1','1991-02-27 06:28:20'),
('37','553','553','Expedita et fugiat eius. Explicabo aspernatur molestias sapiente facere voluptatem dolorem.','0','2001-05-16 14:58:21'),
('38','556','556','Est nostrum dolorem non et consequatur. Sunt reiciendis eaque sed iusto beatae. Recusandae voluptatem ratione est commodi ipsam fuga qui culpa. Eum tempora officiis autem omnis nostrum et neque.','0','1986-12-23 05:38:01'),
('39','557','557','Dolores eaque sunt neque nemo porro. Libero repellendus sit quia. Dolor architecto modi molestiae libero.','0','1990-12-14 12:03:42'),
('40','561','561','Commodi rerum optio sunt voluptatem. Assumenda sint sit corporis ab nulla ut. Temporibus ipsa voluptas numquam aut maxime animi. Quasi occaecati quae facilis est tenetur consequatur.','0','1996-01-13 15:31:39'),
('41','562','562','Dolorum sed corporis cumque voluptate sint sit illum. Debitis pariatur non facere provident sint culpa et. Ipsum cupiditate sunt et sint excepturi.','0','2011-11-25 07:06:21'),
('42','564','564','Exercitationem omnis sint voluptatem iusto. Quaerat alias ut aut doloremque et in. Qui consequuntur impedit blanditiis sit qui iusto. Aut minima non facilis earum amet.','1','1985-01-18 03:09:47'),
('43','565','565','Totam suscipit labore dicta saepe debitis sunt. Unde asperiores qui dolore sint recusandae corrupti. Placeat maiores consequatur vel et quidem quo. Eaque neque enim neque quia sit quaerat dolorum facilis.','0','1995-08-28 22:40:39'),
('44','566','566','Sequi consequatur consequatur officiis earum et et corrupti. Error iure maiores esse ipsum autem sit sit.','0','1980-05-20 09:30:35'),
('45','567','567','Esse enim ipsam ut velit accusamus. Eveniet molestias commodi ut explicabo repellendus suscipit. Quod laudantium incidunt repellendus numquam consequatur sunt. Consectetur ex rem facilis expedita cumque exercitationem non.','0','2001-05-02 23:19:54'),
('46','568','568','Sint quisquam nam consectetur vitae. Nostrum ea consequatur non fugiat.','1','2007-03-03 14:22:24'),
('47','569','569','Et accusantium quos veniam natus doloribus. Est expedita soluta iusto quia voluptatem et. Aspernatur ea recusandae rerum blanditiis.','0','1996-12-01 09:03:54'),
('48','571','571','Quos ut eius alias rerum laboriosam neque deleniti. Accusamus quia ex ut et et corporis fugit. Omnis deserunt amet sint aut magnam. Commodi cum officiis odit impedit minus sint.','1','1987-11-26 14:58:16'),
('49','572','572','Officia nihil praesentium asperiores. Alias aliquid aut et porro id magnam maxime illum. Culpa itaque libero ut fuga ut. Ullam rerum officiis non soluta.','0','1979-08-14 13:04:34'),
('50','573','573','Ut ut molestias beatae deleniti illum. Voluptas excepturi id ut qui. Cupiditate voluptas asperiores et autem. Dolorem voluptates et ea fugiat magnam perspiciatis.','0','1989-11-11 22:30:43'),
('51','574','574','Ut quos qui aut sunt tempora odit qui quia. Aperiam sit fuga odit atque inventore. Quis in nobis et quisquam harum explicabo velit. Et ea molestiae doloribus impedit alias eaque.','0','2011-10-25 03:37:04'),
('52','577','577','Illo mollitia et accusamus. Quibusdam quasi aliquid qui aut sed. Nulla cupiditate et veritatis quis autem. Amet dicta nihil adipisci aut sed voluptatem.','0','1997-05-12 21:11:31'),
('53','579','579','Culpa occaecati ratione rem. Est aut ut reprehenderit excepturi neque ut natus perferendis. Dolorum perferendis fugit veritatis.','1','2018-01-19 09:56:59'),
('54','583','583','Laborum laboriosam pariatur id placeat veritatis. Sed aspernatur eius et qui ullam fugit ipsam nam. Voluptatem consequatur vel nobis necessitatibus. Corporis aut officiis vero.','1','2017-01-02 13:02:05'),
('55','585','585','Voluptas beatae adipisci odit accusantium voluptatem. Ea quos est eligendi sint eum facilis. Voluptatem blanditiis et autem. Neque enim odit enim non. Voluptatem aliquam aut possimus mollitia ipsum ad itaque doloribus.','1','1991-08-17 07:33:14'),
('56','586','586','Corrupti nihil voluptates qui ipsam dolorem delectus officiis. Architecto sit explicabo ut rem quis. Dicta odit dolore doloremque dolores dignissimos dolorum.','1','1987-09-26 19:51:09'),
('57','587','587','Sed rerum nobis fugiat a. Illo quis in et rerum et alias. Eaque possimus aperiam hic adipisci quis facere. Consequatur nihil debitis suscipit distinctio.','0','1990-11-20 14:20:03'),
('58','590','590','Dolorem recusandae sit similique culpa beatae voluptas. Omnis incidunt enim et.','0','2002-01-02 16:46:36'),
('59','594','594','Sit rerum earum ducimus dolorum. Eveniet possimus dolor sed optio quo. Laudantium iure et dolore fugit. Numquam eum eum quam ab cumque. Dolores unde a quia natus a quia.','1','2007-07-01 13:59:45'),
('60','595','595','Est impedit nihil quo sint. Soluta est quia rerum et assumenda distinctio. Consequatur quod molestiae deleniti id. Voluptatum dolor error sed.','0','2012-01-09 10:06:25'),
('61','597','597','Velit magni optio fugit suscipit. Ut quia suscipit ea sunt rem. Ea ut et vel nihil. Qui sit quam sint nemo debitis dolores.','1','2017-05-31 01:22:40'),
('62','598','598','Laborum reprehenderit nisi mollitia consequatur. Minus quod et voluptas qui quidem magnam amet. Minima sint possimus qui voluptas id. Esse delectus asperiores aut vitae ipsum molestias.','1','1993-12-26 09:27:39'),
('63','599','599','Facilis est sint sit in quasi suscipit facere. Esse beatae similique id eligendi cupiditate dicta sint. Modi error hic delectus eum labore facere officiis labore.','1','2008-06-01 00:59:19'),
('64','600','600','Iste soluta sit sapiente nisi et quia animi. Enim qui omnis quos. Pariatur sed harum corrupti.','0','1977-07-01 13:35:49'),
('65','601','601','Iusto voluptatem quia voluptates accusamus vel labore id. Ut sequi earum sed exercitationem aut est. Animi ut ut sed sint.','0','2006-10-09 14:26:44'),
('66','602','602','Cumque explicabo tempora rerum et. Porro quibusdam beatae iure magni suscipit. Ea ex nemo voluptatem et est. Nihil autem accusantium rerum deleniti laboriosam debitis.','0','2016-05-20 07:36:44'),
('67','603','603','Dicta accusamus ratione id qui voluptatem ut est. Inventore dolores consequuntur quia asperiores aspernatur molestiae vero. Optio repudiandae dolor itaque nesciunt accusantium consequatur quia voluptatem.','0','2012-05-20 22:57:30'),
('68','605','605','Nemo iure nobis voluptatem placeat voluptate dolor. Voluptas beatae fuga vel omnis ut assumenda ut reprehenderit. Et hic nisi magni qui quis odit qui modi. Sunt mollitia quia harum vel nihil eos dolorem.','0','2003-03-16 11:16:08'),
('69','607','607','Ratione odit reiciendis provident iste. Adipisci molestiae exercitationem non aut unde voluptatum. Impedit atque eligendi aut amet. Temporibus quia est error autem.','1','1999-11-12 13:26:17'),
('70','608','608','Aut accusamus earum et aliquid est non. Vitae numquam consequuntur possimus. Et eveniet ut et ex porro quos et.','0','1977-01-23 09:47:01'),
('71','610','610','Sed iure asperiores sint fuga omnis fugiat. Et tenetur fugiat soluta alias nemo. Minus et ipsa aliquam amet ut.','0','1997-06-18 01:41:21'),
('72','611','611','Alias autem alias consequatur amet minima. Fuga ab excepturi quos nemo. Expedita dicta qui omnis reiciendis iusto assumenda aperiam.','0','2002-03-28 11:42:34'),
('73','614','614','Sed repellendus sit voluptatem. Commodi placeat natus dignissimos cumque a ipsum voluptate. Qui minima quas est odio fugiat.','0','2012-10-09 13:11:49'),
('74','615','615','Impedit nam necessitatibus rem quam sit quidem sed. Doloribus facilis facilis officia esse.','1','1988-11-26 05:54:29'),
('75','618','618','Ipsam qui vitae odit. Eos facere aliquid et est quidem. In quia sint reiciendis et dolor eius dignissimos. Facilis dolore porro animi nobis corporis tempora.','1','1995-08-09 17:20:09'),
('76','621','621','Et odit natus pariatur incidunt nihil maxime. Animi animi esse tempore pariatur quos. Suscipit et voluptatem illum.','1','2017-02-23 21:26:08'),
('77','623','623','Enim numquam et repellat quos et. Non velit aut dicta velit autem animi quas. Assumenda in cupiditate nemo reiciendis nam consequatur esse perspiciatis.','0','2017-05-01 09:21:29'),
('78','624','624','Tenetur dolor et nemo molestias suscipit similique. Dolor quae voluptate debitis rerum quia. Et quidem necessitatibus libero numquam.','1','2008-05-06 16:34:43'),
('79','625','625','Est consequuntur et id voluptas quaerat. Et ex hic quae esse occaecati amet enim. Inventore et animi officia eum eum ut culpa. Perferendis perspiciatis ea exercitationem illum omnis possimus.','0','1985-11-23 07:21:19'),
('80','626','626','Ad exercitationem possimus in et qui odit magnam. Id ut praesentium rerum illum fugiat. Iure officiis saepe est nemo numquam quae quis dolorum. Ex sint corrupti perferendis non eos beatae facere.','0','2014-12-01 19:01:18'),
('81','627','627','Quae modi iure neque enim tempora voluptatum. Temporibus odio qui sit nemo voluptatem sequi dolorum. Quod expedita non aspernatur minus praesentium alias. Ut maxime quisquam aut perferendis tempora. Qui sit sequi fugiat reiciendis.','0','1985-05-09 11:39:12'),
('82','628','628','Numquam qui nam saepe corrupti molestiae. Facere consectetur cumque ducimus fugit consequatur delectus. Architecto accusamus tempora explicabo nihil ducimus qui.','1','1995-03-15 18:59:46'),
('83','629','629','Quo culpa sed excepturi libero rerum quia. Quae molestiae possimus quia. Odit expedita consequuntur id nisi molestiae nobis debitis. Eligendi eius quisquam maxime sit in quam.','1','2006-07-09 22:18:13'),
('84','633','633','Ut et necessitatibus dicta voluptatibus et. Eveniet expedita eum voluptatem dolorem qui corporis. Praesentium ab minima consequatur odio.','1','2010-08-15 05:17:51'),
('85','635','635','Ex doloremque iure dolorem tempore consequatur quia. Praesentium aut at libero illo nihil aut deleniti est.','1','2014-03-05 09:46:00'),
('86','636','636','Veritatis molestias soluta quia aspernatur omnis. Ut debitis distinctio quis rerum veniam aut recusandae autem. Consequuntur nulla non dignissimos beatae eos et.','1','2013-04-05 10:51:08'),
('87','637','637','Nihil molestiae quis impedit dolorum quia iste repellendus qui. Culpa autem harum labore cum. Quaerat et harum nesciunt tenetur suscipit et incidunt.','0','1978-03-09 13:32:40'),
('88','644','644','Nulla a sit optio dicta ab. Quam odit quam temporibus quia esse. Quibusdam quae architecto voluptatum sint maiores aspernatur. Repellat omnis vitae eos.','1','2015-12-22 22:54:47'),
('89','646','646','Amet quod minus animi consequatur incidunt consectetur voluptas est. Et omnis voluptas sint rerum recusandae dolorum praesentium. In eaque dolore deleniti consequatur tempora soluta aliquam. Sit alias vel et et vero.','0','1993-02-02 06:28:17'),
('90','647','647','Eos consectetur atque voluptatem accusantium. Sed dolores sint maiores necessitatibus doloribus repellendus. Fugiat reprehenderit dolore harum. Repellendus architecto a quod quis quos consectetur.','0','2019-09-14 07:58:33'),
('91','648','648','Rerum non quibusdam sed mollitia impedit ut qui. Consequuntur optio molestias beatae iusto laboriosam aspernatur. Nesciunt enim nisi dolorem eveniet fugiat. Qui ut architecto impedit id et sint.','0','2001-08-12 08:40:12'),
('92','652','652','Necessitatibus labore illo voluptate fugit fugit qui possimus. Laudantium sed magni ut sed quasi maiores cupiditate eos. Et occaecati quaerat quaerat laudantium ducimus numquam quis laudantium.','0','2013-01-25 05:07:26'),
('93','653','653','Nemo magnam ullam odio. Libero minus iure in in libero commodi. Quo ea consequatur accusamus nesciunt alias. Consectetur et molestiae perferendis.','0','1997-11-24 23:35:17'),
('94','654','654','Commodi quae voluptas velit. Est aut excepturi temporibus dolorem. Voluptatem et alias quam est enim voluptate. Saepe nobis odit eos impedit laborum autem molestias.','1','2009-05-14 22:12:46'),
('95','658','658','Neque modi temporibus molestiae voluptates illum. Fuga deserunt nesciunt similique. Magnam a error cupiditate sint.','0','1977-10-18 23:55:05'),
('96','660','660','Provident ipsam qui eius amet. Placeat numquam vitae eligendi et debitis sint iusto. Non nostrum impedit omnis rerum voluptate rerum corporis sapiente. Sint expedita sit aut.','1','2011-09-07 12:45:31'),
('97','661','661','Quia dolores incidunt et ad perspiciatis nobis. Aliquam cumque temporibus saepe dolorem nobis non. Alias quas iure rerum quia.','0','2006-01-14 00:57:27'),
('98','665','665','Rerum aliquam dolores quae ducimus fuga molestiae expedita. Et aut aperiam tenetur pariatur. Non ea est neque voluptatem.','1','1990-12-09 03:00:29'),
('99','668','668','Qui quia architecto sit illum veniam soluta fuga doloremque. Soluta laboriosam reprehenderit earum vel doloremque ipsum nulla. Eum assumenda corporis at dolores atque libero aperiam.','0','1990-04-24 02:44:15'),
('100','669','669','Odit repellendus et laboriosam sed. Modi libero amet cumque sequi. Aut libero sunt adipisci.','1','1986-06-11 18:22:54'); 


DROP TABLE IF EXISTS `news`;
CREATE TABLE `news` (
  `id` bigint(20) unsigned NOT NULL AUTO_INCREMENT,
  `user_news_id` bigint(20) unsigned NOT NULL,
  `media_news_id` bigint(20) unsigned DEFAULT NULL,
  `photos_news_id` bigint(20) unsigned DEFAULT NULL,
  `video_news_id` bigint(20) unsigned DEFAULT NULL,
  `communities_news_id` bigint(20) unsigned DEFAULT NULL,
  `text_news` text COLLATE utf8_unicode_ci NOT NULL,
  `links_news` varchar(256) COLLATE utf8_unicode_ci DEFAULT NULL,
  `created_news_at` datetime DEFAULT current_timestamp(),
  `updated_news_at` datetime DEFAULT current_timestamp() ON UPDATE current_timestamp(),
  PRIMARY KEY (`id`),
  KEY `user_news_id` (`user_news_id`),
  KEY `media_news_id` (`media_news_id`),
  KEY `photos_news_id` (`photos_news_id`),
  KEY `video_news_id` (`video_news_id`),
  KEY `communities_news_id` (`communities_news_id`),
  CONSTRAINT `news_ibfk_1` FOREIGN KEY (`user_news_id`) REFERENCES `users` (`id`),
  CONSTRAINT `news_ibfk_2` FOREIGN KEY (`media_news_id`) REFERENCES `media` (`id`),
  CONSTRAINT `news_ibfk_3` FOREIGN KEY (`photos_news_id`) REFERENCES `photos` (`id`),
  CONSTRAINT `news_ibfk_4` FOREIGN KEY (`video_news_id`) REFERENCES `videos` (`id`),
  CONSTRAINT `news_ibfk_5` FOREIGN KEY (`communities_news_id`) REFERENCES `communities` (`id`)
) ENGINE=InnoDB AUTO_INCREMENT=401 DEFAULT CHARSET=utf8 COLLATE=utf8_unicode_ci;

INSERT INTO `news` VALUES ('1','501','1','1','1','1','Perspiciatis ratione molestias ea. Beatae est maxime provident consequatur non iste.','http://pollich.com/','1980-12-17 11:22:38','0000-00-00 00:00:00'),
('2','502','2','2','2','2','Nobis autem consequuntur voluptas aliquid debitis quos. Quae cumque placeat architecto sed assumenda vel provident. Labore quia ipsam illum ratione praesentium fuga dolorem commodi.','http://haley.com/','2015-08-17 15:25:32','0000-00-00 00:00:00'),
('3','503','3','3','3','3','Libero et consectetur quis maxime. Veniam ad dolores ex explicabo at dolorum. Ut quam vel sint ea ipsum perferendis expedita ut.','http://hudson.info/','2000-03-10 05:06:17','0000-00-00 00:00:00'),
('4','504','4','4','4','4','Sint quia expedita voluptatem dolores voluptatibus eum id. Ex nihil voluptatem molestiae perferendis nisi molestias nihil. Eum est dolorem explicabo voluptas necessitatibus dignissimos.','http://marvin.com/','2005-03-18 01:29:38','0000-00-00 00:00:00'),
('5','505','5','5','5','5','Est soluta expedita quo et provident enim. Et ullam est dolorem nihil. Harum labore in nam rerum repudiandae dolorem sed.','http://www.kuphal.info/','1970-06-01 06:19:46','0000-00-00 00:00:00'),
('6','506','6','6','6','6','Minima nam provident sed sint debitis maxime occaecati. Animi magni inventore est necessitatibus. Tenetur voluptatem hic molestias nobis.','http://waelchi.com/','2011-11-17 06:24:50','0000-00-00 00:00:00'),
('7','508','7','7','7','7','Dolores et blanditiis quam vitae asperiores dolores modi rerum. Quod excepturi alias labore eum.','http://doyle.com/','1991-09-24 12:16:30','0000-00-00 00:00:00'),
('8','509','8','8','8','8','Non delectus enim ut est. Nihil voluptates optio asperiores quisquam voluptas voluptatum vel. Perferendis eum iste est tenetur nisi deserunt.','http://www.johnson.com/','1987-08-30 20:39:30','0000-00-00 00:00:00'),
('9','510','9','9','9','9','Sit voluptatem laboriosam aut voluptates harum odio. Alias et ratione ipsam voluptas. Mollitia laborum maxime quia. Ullam distinctio possimus hic nobis dolores.','http://gislason.com/','1998-11-25 02:31:47','0000-00-00 00:00:00'),
('10','512','10','10','10','10','Quia adipisci non quasi dolorum est voluptas sequi. Autem dolorum sunt cumque. Dolores ut quis consequatur quis ipsam necessitatibus. Voluptas dolor rem quae illo veniam.','http://hane.com/','1975-05-27 21:16:52','0000-00-00 00:00:00'),
('11','517','11','11','11','11','Qui pariatur et architecto laudantium. Quidem sit magnam labore iure.','http://aufderhar.org/','1996-03-31 02:11:10','0000-00-00 00:00:00'),
('12','518','12','12','12','12','Placeat aut et eum dolor nihil mollitia temporibus eveniet. Quisquam quia enim omnis nam dolore. Expedita harum ut omnis voluptatem. Quam consequatur quasi ex et cum cupiditate eius sequi.','http://www.cormier.net/','2003-02-11 02:49:29','0000-00-00 00:00:00'),
('13','519','13','13','13','13','Voluptas molestiae magni ipsam voluptas sunt repellat. Ut eum architecto velit non et.','http://shanahanbergstrom.com/','2005-02-24 10:26:14','0000-00-00 00:00:00'),
('14','520','14','14','14','14','Sit ipsa aut expedita eum animi. Molestias nobis fugiat rerum soluta exercitationem voluptatem. Qui recusandae soluta aut sit ad.','http://www.waelchi.com/','2009-04-27 14:01:23','0000-00-00 00:00:00'),
('15','521','15','15','15','15','Aut et omnis quia tempore. Omnis aut laborum qui numquam provident natus est. Ducimus et earum cum libero.','http://kris.com/','1989-08-28 12:27:24','0000-00-00 00:00:00'),
('16','523','16','16','16','16','Aut beatae minus asperiores perspiciatis ipsum est voluptatum. Aut qui ducimus sit et error. Enim earum consequatur et sint expedita tenetur modi.','http://cormierkirlin.net/','2004-01-11 03:46:03','0000-00-00 00:00:00'),
('17','524','17','17','17','17','Natus quis in molestiae sit ipsa. Labore culpa fuga rerum et sint vel. Est perspiciatis corrupti blanditiis rem cum.','http://watsicaschuster.info/','1997-11-15 02:18:09','0000-00-00 00:00:00'),
('18','525','18','18','18','18','Doloremque rem et hic dolorum. Qui aut reprehenderit amet nihil officiis et vel odit. Dignissimos velit totam praesentium dolores reprehenderit minus officiis. Voluptatem et sunt vel omnis et.','http://dooleykoss.com/','1977-08-12 17:54:35','0000-00-00 00:00:00'),
('19','526','19','19','19','19','Soluta dolorum praesentium aut id sed distinctio. Quasi quisquam facilis alias occaecati dolores est. Aut dolorem velit dolores. Maiores facilis adipisci eos et.','http://leuschke.net/','2000-08-02 17:22:27','0000-00-00 00:00:00'),
('20','529','20','20','20','20','Perspiciatis et aperiam alias et sapiente cumque eos. Sit et non suscipit doloremque sed consequatur sequi aperiam. Dignissimos ea eaque quaerat quia architecto.','http://www.kozey.biz/','2006-09-07 00:30:59','0000-00-00 00:00:00'),
('21','530','21','21','21','21','Velit est autem cum dolorem. Sunt et quidem nam occaecati tenetur. In aspernatur dolorem autem neque ea qui fugit. Ipsum perspiciatis nihil molestiae.','http://macejkovic.info/','2015-08-31 13:24:24','0000-00-00 00:00:00'),
('22','531','22','22','22','22','Autem dolorem consectetur ea enim. Quidem quae ipsa voluptates dignissimos ipsam accusantium cupiditate temporibus. Dolore quaerat ipsum eos ea voluptatibus.','http://www.pourosfeil.com/','1991-06-21 22:51:12','0000-00-00 00:00:00'),
('23','535','23','23','23','23','Voluptas ut dolores ut. Voluptatem rem soluta nostrum voluptates non. Et sint ex maiores aliquid repellat aliquam sed. Debitis eos saepe sequi nihil culpa expedita.','http://adams.org/','2003-01-13 18:28:19','0000-00-00 00:00:00'),
('24','537','24','24','24','24','Minima modi ipsam veniam. Sint nihil accusantium doloribus omnis et repellat modi nam. Incidunt ab eos vel. Eligendi ipsum quisquam voluptate.','http://klocko.com/','1974-04-23 10:02:41','0000-00-00 00:00:00'),
('25','538','25','25','25','25','Neque autem suscipit nostrum est. Eaque asperiores libero placeat odit non placeat inventore. Saepe ab dolores culpa rem aliquid ab amet.','http://www.pourosrippin.com/','2007-05-29 09:07:39','0000-00-00 00:00:00'),
('26','539','26','26','26','26','Nihil possimus quia nihil ea voluptas qui. Quod est labore blanditiis rem id est. Eos eveniet recusandae est sit voluptate inventore modi.','http://kutchharris.net/','2006-09-15 20:52:39','0000-00-00 00:00:00'),
('27','540','27','27','27','27','Id ut error dolor vel. Qui cum in est. Facere molestiae maiores fuga error minima explicabo.','http://flatley.com/','2013-06-17 22:27:45','0000-00-00 00:00:00'),
('28','541','28','28','28','28','Id dolore ipsa error quis rerum qui. Voluptatem aut esse magnam placeat ut. Eveniet ad velit sit quas voluptas atque tempora. Rerum maxime similique non quia totam quo et.','http://www.homenickcole.info/','2008-07-16 15:35:56','0000-00-00 00:00:00'),
('29','542','29','29','29','29','Quas et culpa aut. Nisi eum dolor recusandae sed molestiae. Id voluptas non praesentium eius rerum.','http://hayes.com/','1976-02-23 02:23:21','0000-00-00 00:00:00'),
('30','543','30','30','30','30','Numquam dolorem nobis recusandae dolore corrupti eum nostrum. Quis ex ad sequi at placeat nemo et deserunt. Velit cum nisi minus sunt blanditiis. Dolorem debitis sit excepturi ipsum nisi.','http://mertz.org/','1992-04-30 04:00:27','0000-00-00 00:00:00'),
('31','544','31','31','31','31','Voluptas doloremque blanditiis similique velit cum dolore. Ex quo ut alias unde dolor. Voluptas rerum beatae magni corporis. Voluptas aut exercitationem doloremque quas.','http://olson.com/','1970-07-23 00:26:42','0000-00-00 00:00:00'),
('32','545','32','32','32','32','Sunt est qui perspiciatis. Ut iusto consequatur excepturi sint. Voluptatum dignissimos atque dolor molestiae.','http://roobkessler.info/','2000-01-01 20:45:36','0000-00-00 00:00:00'),
('33','546','33','33','33','33','Reiciendis dolorem ut dolores distinctio reiciendis. Autem quo aut ut. Omnis error eligendi reiciendis est pariatur. Eaque ea laudantium et in modi eum iure numquam.','http://www.bernhard.com/','2013-11-04 17:36:09','0000-00-00 00:00:00'),
('34','547','34','34','34','34','Dicta sunt eius itaque temporibus et. Quasi libero quod exercitationem iure. Consequatur aperiam explicabo dolorum fugit at voluptas itaque repudiandae. A doloribus quibusdam nesciunt nemo at in.','http://www.schmeler.com/','1978-05-21 19:02:28','0000-00-00 00:00:00'),
('35','548','35','35','35','35','Repudiandae nulla quia in labore. Officia dignissimos doloribus quia modi. Et et ab at maxime tempore est. Quos velit quia sint numquam.','http://www.veum.com/','1981-04-03 00:33:15','0000-00-00 00:00:00'),
('36','552','36','36','36','36','Soluta est voluptatum repellat nemo odit reiciendis consectetur. Voluptatem adipisci atque quis dolores dolorem ipsa. Consequatur autem dolor natus laborum et veritatis.','http://www.olson.com/','2017-10-06 16:14:39','0000-00-00 00:00:00'),
('37','553','37','37','37','37','Ex in rerum reiciendis a consequatur et. Accusamus autem possimus sit exercitationem expedita autem. Inventore aut saepe temporibus qui aut. Temporibus rerum est error mollitia.','http://schinner.net/','2011-09-26 17:47:49','0000-00-00 00:00:00'),
('38','556','38','38','38','38','In qui itaque quaerat pariatur delectus laboriosam. Et dolorem nam asperiores molestiae. Sapiente inventore deserunt vitae tempore. Accusantium quia qui voluptates aut dolorem.','http://blickmacejkovic.com/','1989-07-27 01:32:55','0000-00-00 00:00:00'),
('39','557','39','39','39','39','Error animi nisi cum amet asperiores quis. Molestiae explicabo voluptatem ea quia reiciendis minima a. Harum dolorum eos dolor unde consequuntur iste.','http://www.collier.info/','1996-10-15 08:54:37','0000-00-00 00:00:00'),
('40','561','40','40','40','40','Nobis nemo doloremque doloremque in. Impedit facilis animi perspiciatis. Alias saepe quos quis veritatis sapiente facere qui. Repudiandae deleniti porro consectetur unde.','http://www.sipes.com/','2007-11-20 09:32:16','0000-00-00 00:00:00'),
('41','562','41','41','41','41','Dolor consectetur ipsam iusto temporibus laboriosam at quas. Qui corporis eius voluptas voluptatem libero autem. Ut facilis eveniet at debitis itaque maxime in aut.','http://www.kochpouros.com/','1987-03-28 06:56:51','0000-00-00 00:00:00'),
('42','564','42','42','42','42','Alias tempore iste aut voluptatibus aut. Nisi quod fugiat velit. Sit libero amet quia aliquid totam enim.','http://ferry.com/','1981-02-02 10:09:28','0000-00-00 00:00:00'),
('43','565','43','43','43','43','Et consequuntur et nihil non voluptas quia ut. Velit ducimus aliquid veritatis qui id earum. Iure quae officia ut consequuntur ab ipsam. Saepe architecto molestiae accusamus et ea quis.','http://hintz.com/','1988-10-09 05:53:18','0000-00-00 00:00:00'),
('44','566','44','44','44','44','Facilis illum officia esse. Dicta illo voluptas ex molestiae possimus ut ea fuga. Aperiam voluptatem ducimus est ea placeat in. Nesciunt doloremque quasi impedit ut quod.','http://langosh.info/','1978-05-25 11:18:11','0000-00-00 00:00:00'),
('45','567','45','45','45','45','Sint dolores dicta pariatur distinctio. Quia quas nisi eum quam harum cum placeat dignissimos. Ea voluptatem fuga laboriosam quia animi perferendis. Voluptas iusto ut quasi ad odio.','http://moenpouros.com/','1970-10-29 17:16:41','0000-00-00 00:00:00'),
('46','568','46','46','46','46','Autem voluptatem minima et laudantium. Ut harum quis placeat consectetur porro ratione distinctio molestiae. Asperiores laudantium adipisci dolores autem voluptas molestiae.','http://www.collier.com/','1985-09-04 03:02:39','0000-00-00 00:00:00'),
('47','569','47','47','47','47','Repudiandae ea et omnis odit at in. Earum nihil nobis alias sit ut vitae. Quia harum excepturi sequi debitis voluptatem perspiciatis quo sapiente. Et molestiae necessitatibus vero fugiat recusandae.','http://www.pacocha.com/','2010-03-15 12:08:27','0000-00-00 00:00:00'),
('48','571','48','48','48','48','Et molestiae qui consequuntur consequatur neque. Eveniet ea facere in dignissimos voluptatem qui. Dolorem enim consectetur mollitia animi eum.','http://blick.com/','2009-10-15 06:45:53','0000-00-00 00:00:00'),
('49','572','49','49','49','49','Vitae veniam consequatur nihil aut soluta. Id non culpa et ex occaecati quis. Modi et perspiciatis eos dolores.','http://www.tremblay.biz/','2008-06-25 01:48:01','0000-00-00 00:00:00'),
('50','573','50','50','50','50','Maxime sit atque hic ut. Nemo quia sunt modi est ut doloremque. Libero sint eaque aut fuga ad et nam quisquam. Non corrupti velit dolore quidem vel earum.','http://www.koepp.com/','2016-09-08 15:47:59','0000-00-00 00:00:00'),
('51','574','51','51','51','51','Voluptatem quis consequatur ut ut aut aut. Cumque eveniet eum quidem ut molestiae.','http://www.schmidt.info/','1991-01-30 18:52:03','0000-00-00 00:00:00'),
('52','577','52','52','52','52','Est aut quo velit. Voluptatibus ut ut eum voluptas ipsa. Possimus ut porro nisi iste laboriosam molestiae ipsam. Nostrum distinctio est vel corrupti et ducimus praesentium voluptates.','http://mosciski.info/','1985-08-26 18:01:32','0000-00-00 00:00:00'),
('53','579','53','53','53','53','Rerum tempore enim voluptatibus est libero. Voluptatem ratione est dolore et sint aut. Voluptatem fuga quia consequatur et.','http://dubuque.info/','1977-07-19 01:35:37','0000-00-00 00:00:00'),
('54','583','54','54','54','54','Expedita sunt illum placeat neque et. Quod eaque vel est vitae. Distinctio sed itaque sed. Animi animi et perferendis minima omnis qui ut.','http://jaskolskihammes.info/','2002-07-04 08:19:43','0000-00-00 00:00:00'),
('55','585','55','55','55','55','Quis qui deleniti nostrum incidunt consequuntur voluptas neque minus. Magnam enim natus repellendus qui. Nesciunt numquam eos et.','http://www.harris.net/','2015-11-08 12:44:55','0000-00-00 00:00:00'),
('56','586','56','56','56','56','Id facilis et est ut qui eos. Facere quo quae voluptatem reiciendis. Consequatur asperiores asperiores qui optio repellendus omnis.','http://www.thompson.net/','1987-08-12 08:04:32','0000-00-00 00:00:00'),
('57','587','57','57','57','57','Dolore corrupti voluptates qui occaecati. Expedita est qui amet eius reprehenderit temporibus. Earum quidem voluptatem consectetur magni et. Culpa molestiae animi nihil delectus sed ducimus.','http://www.schultzpfannerstill.com/','1973-10-20 06:07:37','0000-00-00 00:00:00'),
('58','590','58','58','58','58','Optio nobis voluptate voluptates explicabo ea qui. Et dolores a voluptatem labore.','http://howell.com/','1993-06-20 09:20:17','0000-00-00 00:00:00'),
('59','594','59','59','59','59','Dolor doloribus numquam est debitis eius nulla. Provident quis harum placeat dolor vel nihil asperiores. Officia vitae distinctio qui placeat. Expedita libero ut amet eos.','http://www.quitzon.org/','1991-09-16 13:20:54','0000-00-00 00:00:00'),
('60','595','60','60','60','60','Qui omnis ea hic qui enim veniam. Vitae voluptatem accusamus doloremque ipsa fuga porro distinctio eum. Dolorem voluptas excepturi ea similique consequatur.','http://www.smithkunde.org/','1987-01-24 10:44:23','0000-00-00 00:00:00'),
('61','597','61','61','61','61','Nesciunt non quia incidunt maiores. Eveniet sequi beatae molestiae ullam voluptatibus quo in ratione. Eius nobis sequi delectus doloribus rem in maiores.','http://www.kertzmanncorkery.com/','1985-08-14 01:07:00','0000-00-00 00:00:00'),
('62','598','62','62','62','62','Enim et eum qui eaque. Iure repellendus minus commodi. Ipsum aut ex necessitatibus commodi voluptas.','http://wehnerraynor.com/','1988-04-09 19:59:19','0000-00-00 00:00:00'),
('63','599','63','63','63','63','Ipsum asperiores hic perspiciatis possimus. Harum ullam fugiat iste aut sunt vel. Repellat modi voluptatem aut et in.','http://gibson.com/','1997-05-30 03:18:39','0000-00-00 00:00:00'),
('64','600','64','64','64','64','Aut ea consequatur impedit. Consectetur qui iste ea voluptates. Eos tempora quod in quo velit.','http://www.wehnerwehner.com/','2005-09-03 08:19:44','0000-00-00 00:00:00'),
('65','601','65','65','65','65','Earum culpa ut sunt id. Culpa cumque omnis aut aut. Quis saepe dicta maiores voluptas nam.','http://www.bahringerlueilwitz.com/','1972-04-01 10:54:52','0000-00-00 00:00:00'),
('66','602','66','66','66','66','Repudiandae amet et necessitatibus ut nulla. Dolor non dicta ad qui earum. Dolor eos natus et temporibus id expedita beatae. Unde rerum perspiciatis vel sunt.','http://www.ankunding.com/','1970-03-16 18:40:37','0000-00-00 00:00:00'),
('67','603','67','67','67','67','Corrupti cupiditate aliquid iure. Dolorum maiores aperiam eum est optio dolores quia. Omnis ea voluptates officiis molestiae.','http://www.osinskiroberts.biz/','1979-09-21 17:47:33','0000-00-00 00:00:00'),
('68','605','68','68','68','68','Aperiam nostrum aperiam voluptatibus. Est eum fuga similique autem pariatur animi. Omnis modi nihil inventore debitis nesciunt recusandae nostrum.','http://www.larkin.com/','1983-01-31 04:17:31','0000-00-00 00:00:00'),
('69','607','69','69','69','69','Officia velit et amet voluptates. Ipsa perspiciatis aut et ut dolore ipsum eius est. Nam quo aperiam alias beatae temporibus perspiciatis dolor. Tenetur consequatur dolorem doloribus eius.','http://www.harrisframi.com/','2007-05-25 17:17:51','0000-00-00 00:00:00'),
('70','608','70','70','70','70','Et aut dolorem dolore provident dicta quam. Odio esse voluptas accusamus aut aspernatur. Similique id reprehenderit aut in facere.','http://www.gradydare.com/','2007-03-14 14:34:01','0000-00-00 00:00:00'),
('71','610','71','71','71','71','Rerum voluptatem vero hic atque id numquam. Neque pariatur beatae quas consequatur quis vero hic.','http://kreigerconn.net/','2016-04-14 14:18:08','0000-00-00 00:00:00'),
('72','611','72','72','72','72','Sunt nulla aliquid eligendi impedit. Cum ut et molestias quasi ut minima. Nulla tempore iste excepturi maiores velit. Sunt quia sed commodi.','http://www.kling.com/','1986-07-27 22:07:01','0000-00-00 00:00:00'),
('73','614','73','73','73','73','Voluptate quo dignissimos ut quibusdam qui nulla odit. Ratione itaque repudiandae voluptates culpa. Non earum labore repellendus iusto atque cumque ea.','http://marvin.com/','2010-12-03 22:46:17','0000-00-00 00:00:00'),
('74','615','74','74','74','74','Sunt nam voluptatem eos quia expedita rerum. Assumenda quaerat dolore eos eius aperiam. Maiores eligendi ex et sapiente quidem repudiandae doloribus. At libero minus soluta culpa ex.','http://sipes.com/','2014-06-23 15:01:59','0000-00-00 00:00:00'),
('75','618','75','75','75','75','At corporis pariatur id delectus in. Cupiditate consequuntur iste natus voluptates. Voluptatibus commodi est eos mollitia nam aut. Ducimus rerum provident est quam vel.','http://www.howemetz.org/','2012-07-17 01:26:05','0000-00-00 00:00:00'),
('76','621','76','76','76','76','Et dolorem incidunt inventore. Aliquam magni ea sit. Quos voluptas illum perferendis temporibus.','http://www.okuneva.info/','1992-07-14 20:39:05','0000-00-00 00:00:00'),
('77','623','77','77','77','77','Velit dolorem perferendis cumque consequatur ipsum ut quo quo. Eligendi et dolores ullam nihil officia enim sint consectetur. Nostrum sit vel consequuntur.','http://www.pfeffer.com/','2016-12-19 19:10:46','0000-00-00 00:00:00'),
('78','624','78','78','78','78','Explicabo inventore eaque fuga quia fuga pariatur. Ipsam rem voluptatem et itaque enim neque. Nobis labore qui aliquid rerum et.','http://gleason.info/','2005-08-18 10:18:32','0000-00-00 00:00:00'),
('79','625','79','79','79','79','Vel animi dolorum quia. Accusamus consequatur ea alias ad qui dolores aut modi. Blanditiis optio quas expedita fuga. Sint quia consequatur provident repellendus neque eaque voluptate aut.','http://morissette.com/','2003-04-29 04:37:18','0000-00-00 00:00:00'),
('80','626','80','80','80','80','Et eaque quo aut magni qui exercitationem aut. Dolorum architecto ab odio voluptas unde. Quia nam velit quia maiores et est.','http://www.breitenbergoconnell.com/','1987-10-28 22:42:32','0000-00-00 00:00:00'),
('81','627','81','81','81','81','Impedit facere sint magni consequatur sed. Dolorem quaerat eaque ipsa saepe enim. Quo esse consequatur repellat facilis debitis.','http://stammmarquardt.biz/','1975-09-29 22:18:51','0000-00-00 00:00:00'),
('82','628','82','82','82','82','Aliquam veniam similique atque voluptatem. Rem totam consequatur fuga id consequatur. Deleniti vitae dolorem sed veritatis est placeat cumque. Similique sapiente occaecati animi.','http://brakus.biz/','2000-09-25 19:55:39','0000-00-00 00:00:00'),
('83','629','83','83','83','83','Dicta rem temporibus esse sapiente assumenda. Expedita illo assumenda quo placeat. Temporibus voluptatem ipsa vel sequi labore modi quam voluptates.','http://www.ortiz.org/','2015-08-16 13:07:23','0000-00-00 00:00:00'),
('84','633','84','84','84','84','Eaque officiis possimus vitae quia animi. Labore est rerum quia recusandae debitis. Veniam tenetur consequatur ipsum. Voluptas pariatur est adipisci ut quo blanditiis est dolores.','http://reichel.com/','2002-01-20 20:17:11','0000-00-00 00:00:00'),
('85','635','85','85','85','85','Velit ullam nulla laudantium eos. Qui et et eos blanditiis et omnis.','http://www.bergnaum.info/','1980-12-04 20:36:38','0000-00-00 00:00:00'),
('86','636','86','86','86','86','Rerum dolorum blanditiis in quo veritatis et. Aut quis magni voluptatibus ullam sit quas impedit. Voluptatem voluptatem non veniam temporibus quia eum qui. Id quae qui adipisci quaerat dignissimos.','http://colestanton.com/','1995-10-28 13:28:50','0000-00-00 00:00:00'),
('87','637','87','87','87','87','Suscipit quisquam ipsum ducimus voluptates. Omnis consequatur rem quis non. Iste sunt tempore qui magnam ipsum repellat nostrum.','http://www.cristtromp.com/','2011-03-04 19:45:06','0000-00-00 00:00:00'),
('88','644','88','88','88','88','Iure accusantium qui aperiam voluptatem exercitationem. Neque alias provident ut doloribus dolorum.','http://www.runolfsson.biz/','1996-06-02 23:30:33','0000-00-00 00:00:00'),
('89','646','89','89','89','89','Omnis sed porro voluptatem debitis enim quo placeat ea. Autem sunt accusantium voluptatem labore. Excepturi consequuntur ut magni cupiditate.','http://www.okeefe.net/','2011-11-14 00:11:50','0000-00-00 00:00:00'),
('90','647','90','90','90','90','Qui animi perspiciatis quia repellat. Omnis sit ullam est harum aut. Aut dolorem ut ab eum sequi nesciunt consequatur. Inventore molestias non est hic eos.','http://www.hilpert.com/','1987-05-17 09:46:18','0000-00-00 00:00:00'),
('91','648','91','91','91','91','Fugiat sunt alias et enim nam reiciendis ut. Et ut qui rerum. Officia omnis in inventore molestias vitae voluptas.\nIllo sed ut molestiae et. Et nam quia est voluptas deserunt.','http://hettingerfeest.info/','2007-05-03 20:09:34','0000-00-00 00:00:00'),
('92','652','92','92','92','92','Voluptate iure incidunt quas. Neque quod debitis aut neque nihil delectus quibusdam. Aut ex animi rerum id sint. Iure expedita ullam explicabo voluptatum mollitia.','http://www.abshire.com/','1980-04-23 13:37:39','0000-00-00 00:00:00'),
('93','653','93','93','93','93','Perspiciatis error ducimus praesentium est veritatis et. Consequatur minima aut aperiam dolor impedit. Qui facere omnis non ratione ad et. Debitis quisquam nam aut qui et quidem.','http://www.grantschinner.com/','2014-11-30 10:13:05','0000-00-00 00:00:00'),
('94','654','94','94','94','94','Ut perferendis provident iste itaque placeat dignissimos quia. Aut nemo et excepturi quod voluptas incidunt.','http://www.corwincarroll.net/','1975-02-13 23:20:30','0000-00-00 00:00:00'),
('95','658','95','95','95','95','Est et tempora aut aut dolorem. Eaque nihil velit exercitationem dignissimos voluptatem. Qui corrupti quam quo blanditiis quam reprehenderit.','http://www.rippin.com/','1995-11-25 01:28:49','0000-00-00 00:00:00'),
('96','660','96','96','96','96','A recusandae perferendis nisi ipsam saepe quibusdam. Maiores dignissimos nobis molestiae a molestiae explicabo. Dicta dolorem temporibus quia et. Error fuga atque perferendis voluptas eligendi.','http://www.ebert.net/','1982-05-23 03:49:41','0000-00-00 00:00:00'),
('97','661','97','97','97','97','Blanditiis provident pariatur cupiditate autem. Alias quod vel eum quia.','http://bartoletti.com/','2001-01-05 05:42:06','0000-00-00 00:00:00'),
('98','665','98','98','98','98','Vitae ut reiciendis autem omnis explicabo. Eos assumenda corporis sit omnis in amet qui. Blanditiis eum alias unde porro iure earum perspiciatis. Eveniet eius suscipit dolore.','http://www.hermiston.com/','2017-12-04 15:38:57','0000-00-00 00:00:00'),
('99','668','99','99','99','99','Sequi consequatur impedit sit id enim. Et veritatis sed perspiciatis aut natus et blanditiis. Dolorem cum aut sit ullam dolorum deleniti debitis. Quisquam omnis dolorem occaecati.','http://www.kozeystamm.com/','1980-02-26 00:05:25','0000-00-00 00:00:00'),
('100','669','100','100','100','100','Aperiam ut veritatis qui alias eum eius qui. Ex sed sunt quia corporis non laborum iste.','http://russel.com/','1971-07-06 22:54:11','0000-00-00 00:00:00'),
('101','670','101','1','1','1','Fugiat est perferendis tempora odit. Illum eius qui sed est est sit tempore mollitia. Velit dolores necessitatibus hic veniam iste ea facere. Eaque corrupti corrupti libero et odit.','http://www.medhurstharber.org/','2004-03-23 01:20:52','0000-00-00 00:00:00'),
('102','671','102','2','2','2','Nostrum nulla consectetur distinctio cum ex eveniet. Quas quo nihil quasi odio illo iste. Voluptatem eos animi provident assumenda. Ea sapiente unde autem harum at ut autem.','http://www.sanfordsatterfield.info/','2011-10-17 01:43:32','0000-00-00 00:00:00'),
('103','673','103','3','3','3','Eius qui non nihil eos fuga. Quos quia non aut nesciunt non tempore exercitationem. Aliquid dolor rem ipsa.','http://www.cummerata.com/','1987-06-01 09:44:41','0000-00-00 00:00:00'),
('104','674','104','4','4','4','Autem commodi eveniet nam sapiente vel nam. Nostrum dolor quas laborum corporis et enim. Cum harum quod ex nihil quae omnis dolorum.','http://kuhicmraz.com/','2007-11-12 10:15:53','0000-00-00 00:00:00'),
('105','675','105','5','5','5','Sunt voluptatibus perspiciatis aut quis. Ut magnam deserunt ad placeat enim quo occaecati. Dolore similique quam eum quia ducimus rem perspiciatis. Aut dicta incidunt rerum aspernatur odit vitae et.','http://www.mitchellgibson.com/','1982-03-29 12:20:07','0000-00-00 00:00:00'),
('106','676','106','6','6','6','Veritatis dolores dignissimos repellat quisquam occaecati qui maxime. Quae sequi perspiciatis quibusdam sed at provident ex dolorem.','http://www.mills.com/','1979-12-23 03:12:42','0000-00-00 00:00:00'),
('107','677','107','7','7','7','Aperiam fuga rerum quia. Quibusdam fugiat quod aut. Laborum ducimus aperiam esse consequatur.','http://pouros.com/','1976-07-04 20:10:55','0000-00-00 00:00:00'),
('108','678','108','8','8','8','Optio quo ut voluptas asperiores aut et. Saepe quia laboriosam exercitationem rerum quo id reprehenderit. Delectus consequuntur repellat et sit nisi qui quod sed.','http://www.toy.biz/','1983-01-28 01:24:53','0000-00-00 00:00:00'),
('109','680','109','9','9','9','Quidem rerum sunt aspernatur sed. Quae esse sapiente corporis non repudiandae cumque. Aspernatur in quo quod. Magnam rerum est harum.','http://haley.com/','1989-10-15 14:24:48','0000-00-00 00:00:00'),
('110','681','110','10','10','10','Neque quaerat laborum qui nihil adipisci error voluptatibus. Aut molestiae et aut libero aliquid minus qui. Fugiat eum laudantium id ut quam nam mollitia.','http://www.considine.com/','1982-08-20 15:07:34','0000-00-00 00:00:00'),
('111','683','111','11','11','11','Minus consequatur dolor illum voluptatum et. Consequatur veniam temporibus qui architecto. Delectus cum eius quia aut.','http://www.wehner.com/','2016-02-03 11:05:58','0000-00-00 00:00:00'),
('112','684','112','12','12','12','Qui itaque quia quae ratione dolorem. Rem eos cum aperiam dolorem dolor.','http://www.mclaughlinberge.com/','2018-10-13 19:44:07','0000-00-00 00:00:00'),
('113','685','113','13','13','13','A corporis sint necessitatibus perspiciatis. Consequuntur hic hic cupiditate veritatis itaque quidem id. A aut sint eos vel nihil rerum.','http://www.hoppe.com/','2009-10-01 22:24:02','0000-00-00 00:00:00'),
('114','686','114','14','14','14','Dolorem repellat est illum deleniti aperiam. Dolores id consectetur harum ad quasi. Rerum excepturi voluptas delectus ipsa aperiam quia.','http://www.mosciski.com/','1998-06-07 22:08:44','0000-00-00 00:00:00'),
('115','690','115','15','15','15','Labore consequatur perspiciatis error. Et tempora commodi officia dolores sit labore est. Laudantium quis ex quae fuga.','http://www.veumgibson.com/','2015-10-20 00:01:09','0000-00-00 00:00:00'),
('116','691','116','16','16','16','Ut magnam tempore nam soluta. Beatae consequatur accusantium et quos. Ipsam non facere ea sint neque.','http://kautzerdonnelly.biz/','1986-08-09 21:26:15','0000-00-00 00:00:00'),
('117','692','117','17','17','17','Sed sunt quia quo consequatur porro est. Voluptas ab dolorem earum eveniet qui consectetur sunt. Laborum atque culpa quibusdam est totam autem.','http://west.net/','1982-09-20 03:13:41','0000-00-00 00:00:00'),
('118','693','118','18','18','18','Placeat exercitationem sapiente ut quia cupiditate. Quia animi eos et est velit nulla quo. Suscipit autem et non earum temporibus. Dicta aut est inventore odio voluptatum.','http://www.botsford.info/','1992-11-19 22:27:15','0000-00-00 00:00:00'),
('119','694','119','19','19','19','Aperiam minus quo alias iste. Aut repellat sed sit nisi. Eum earum accusantium vel ad nemo quasi et.','http://www.runolfsson.com/','1972-03-09 21:14:39','0000-00-00 00:00:00'),
('120','697','120','20','20','20','Nemo veritatis nesciunt doloribus nulla facilis. Possimus qui excepturi quaerat voluptas quisquam. Quas velit laudantium id.','http://www.dicki.com/','1987-10-01 14:42:48','0000-00-00 00:00:00'),
('121','700','121','21','21','21','Voluptas quis praesentium qui est beatae dolorem est. Molestiae in velit reprehenderit ut. Rerum corporis autem adipisci quidem quam. Quis et reprehenderit qui est ratione distinctio perferendis.','http://www.harveystracke.com/','1997-12-24 15:47:04','0000-00-00 00:00:00'),
('122','701','122','22','22','22','Et sunt sit repellendus ut ipsam molestiae. Vel quia in voluptate nostrum assumenda accusamus sunt. Enim quod laborum excepturi quo maiores est.','http://www.wuckert.com/','1983-10-09 13:21:00','0000-00-00 00:00:00'),
('123','702','123','23','23','23','Quas quod ex assumenda laborum. Explicabo voluptatem magnam voluptatem saepe. Ut accusamus aliquam voluptatem veniam ex accusamus facere. Sapiente est vitae veniam itaque aut architecto.','http://doyle.com/','1970-11-06 06:46:26','0000-00-00 00:00:00'),
('124','703','124','24','24','24','Nesciunt possimus aut inventore nobis. Facere delectus libero et omnis molestiae. Et eligendi quod qui voluptatem minima ea praesentium.','http://www.price.com/','2004-01-06 19:14:00','0000-00-00 00:00:00'),
('125','704','125','25','25','25','Illo natus qui adipisci deserunt accusamus nam. Quod qui aut doloribus voluptate. Sit rerum saepe ducimus omnis neque nam. Iste accusamus quod ut qui voluptatem.','http://wizastracke.org/','2001-02-16 13:21:24','0000-00-00 00:00:00'),
('126','707','126','26','26','26','Omnis natus quia est incidunt molestias. Reiciendis blanditiis distinctio ea porro quia.\nId aut eligendi doloribus possimus. Sit quae vero architecto. Qui sit rerum deleniti.','http://www.boyer.com/','2019-06-23 19:14:44','0000-00-00 00:00:00'),
('127','709','127','27','27','27','Quia et ipsa temporibus sed. Deserunt dolorem quis tempore veniam voluptate. Temporibus aut excepturi est voluptatem. Quidem in ut molestiae minus id.','http://okeefe.com/','2018-12-18 02:33:22','0000-00-00 00:00:00'),
('128','712','128','28','28','28','Excepturi quia maxime facilis beatae. In id dicta illo suscipit laboriosam non. Et maxime est quo quam voluptatum doloribus rerum laborum.','http://www.kundefahey.info/','1994-02-08 15:10:37','0000-00-00 00:00:00'),
('129','713','129','29','29','29','Aut minima id dignissimos asperiores exercitationem molestiae. Rerum eius omnis laborum est non doloremque cum ut. Velit et iure ratione ea dolores.','http://dacheichmann.com/','2009-11-29 23:29:07','0000-00-00 00:00:00'),
('130','718','130','30','30','30','Aut dolor vel incidunt quae officiis et. Consequatur maiores fugiat unde sequi. Assumenda ab earum sunt nulla.','http://bartell.com/','1970-12-03 00:01:46','0000-00-00 00:00:00'),
('131','719','131','31','31','31','Aliquam dignissimos accusantium labore dolores cupiditate natus. Quas modi quis et nesciunt aliquid vitae vero et. Quia quos molestiae nam qui magni nam distinctio.','http://www.starkpagac.com/','1988-02-27 00:56:48','0000-00-00 00:00:00'),
('132','720','132','32','32','32','Ea illum consectetur tempore delectus nisi eos. Voluptatum saepe architecto optio quaerat hic ut. Iusto eveniet harum quidem. Iure consequatur eos veritatis. Laborum voluptas assumenda sed.','http://bradtke.org/','1971-08-08 09:18:04','0000-00-00 00:00:00'),
('133','721','133','33','33','33','Consequatur eum cupiditate aut laborum praesentium. Et dolore mollitia ullam. Sit id numquam illo pariatur harum omnis. Ut consectetur voluptatem illo temporibus harum omnis.','http://www.thompson.org/','1980-03-12 19:45:41','0000-00-00 00:00:00'),
('134','722','134','34','34','34','Veniam voluptatum laudantium totam sequi. Deleniti impedit unde est adipisci suscipit. Asperiores rerum in sit minus harum. Rem suscipit quae in iure enim.','http://gibson.info/','1992-12-05 13:37:40','0000-00-00 00:00:00'),
('135','723','135','35','35','35','Facere provident voluptatem doloribus nulla. Ut dolor ab deserunt. Sint nemo eveniet iusto minus fugit.','http://www.spencerjohnston.com/','1996-06-03 01:20:17','0000-00-00 00:00:00'),
('136','725','136','36','36','36','Magni dolorum sequi ab dolorem ut quisquam. Ex dolorem qui et molestiae ipsa.','http://www.graham.com/','1990-05-16 17:43:23','0000-00-00 00:00:00'),
('137','727','137','37','37','37','Maiores similique quaerat aut. Neque sed ut nihil rerum assumenda in. Quo sed quisquam nemo provident voluptate consectetur cupiditate.','http://lang.net/','1988-04-10 06:48:38','0000-00-00 00:00:00'),
('138','729','138','38','38','38','Molestias consequatur sint laborum dolores illo ipsum quia. Ea molestiae omnis corrupti tenetur ab ullam. Delectus asperiores debitis ut soluta.','http://goyette.com/','1992-10-29 01:47:11','0000-00-00 00:00:00'),
('139','731','139','39','39','39','Dolores officia non consequuntur quos vero et eaque. Voluptas voluptas aut placeat assumenda optio placeat ducimus. Modi adipisci sapiente expedita quo. Autem consequatur quam facere quidem nam eos.','http://www.effertzrosenbaum.com/','1981-12-23 22:36:34','0000-00-00 00:00:00'),
('140','732','140','40','40','40','Laudantium est itaque minima. Et labore quasi et tenetur corrupti rerum. Modi velit velit totam sit accusamus voluptatum distinctio.','http://batzjacobs.net/','2000-10-06 14:17:13','0000-00-00 00:00:00'),
('141','733','141','41','41','41','Qui pariatur veniam nemo ipsum. Ipsam rerum corporis quas itaque quia. Sunt tempore ut error tempora rerum cupiditate aut. Sint nam fugiat eum molestiae occaecati laborum ea minus.','http://hyattfadel.com/','1996-07-30 08:59:26','0000-00-00 00:00:00'),
('142','737','142','42','42','42','Error repudiandae soluta et autem in eaque magni iure. Molestiae laudantium ut aut autem. Totam enim ab quam iste. Repellat non amet maiores error ipsa placeat.','http://www.rennererdman.com/','1980-03-30 04:59:12','0000-00-00 00:00:00'),
('143','738','143','43','43','43','Sed voluptatibus qui eligendi. Non tempora laborum repellat quia illum eaque officia. Pariatur est quae deserunt aliquam. Amet nobis quos qui sunt non aliquid.','http://www.hagenes.com/','1982-08-06 02:51:36','0000-00-00 00:00:00'),
('144','740','144','44','44','44','Consequatur perferendis non nihil impedit aut iure corporis. Est vero quia ipsum omnis reprehenderit rerum. Quae distinctio consequatur non nesciunt sunt quia.','http://ankunding.com/','1994-08-21 12:02:02','0000-00-00 00:00:00'),
('145','742','145','45','45','45','Commodi modi assumenda ut facere mollitia nulla consectetur. Debitis ad praesentium molestiae. Totam odio omnis ea facere non aperiam.','http://www.wiza.net/','2014-02-19 08:51:32','0000-00-00 00:00:00'),
('146','745','146','46','46','46','At tempora quam expedita itaque. Tenetur sed asperiores fugiat. Accusamus commodi animi aut qui. Vitae eaque aut sed.','http://www.stamm.com/','2011-02-20 15:46:52','0000-00-00 00:00:00'),
('147','746','147','47','47','47','A aut nobis adipisci quia. Voluptas ducimus sed et quia sint quod eos. Consequatur fugit debitis temporibus est.','http://abbott.org/','2008-02-03 06:37:09','0000-00-00 00:00:00'),
('148','747','148','48','48','48','Non eos fuga minus ea labore doloribus delectus. Sed accusantium dolorem culpa et voluptas dolores sequi.','http://breitenbergborer.net/','1980-09-11 15:11:15','0000-00-00 00:00:00'),
('149','749','149','49','49','49','Quia ut tempore et aliquid dolores est. Ex qui doloribus eveniet facilis molestiae. Ut quasi quia quo est at.\nNumquam porro dolore eum commodi et. Reiciendis tempora eum dolores omnis voluptas.','http://jenkins.com/','1987-11-10 12:04:40','0000-00-00 00:00:00'),
('150','750','150','50','50','50','Saepe accusantium impedit voluptate minus. Et suscipit eos neque molestias ipsum est qui doloremque. Ea quisquam et ea tenetur fugit rerum.','http://www.lebsack.org/','2007-02-19 17:28:26','0000-00-00 00:00:00'),
('151','751','151','51','51','51','Temporibus nam tenetur pariatur non numquam nihil. Architecto voluptas facere doloribus rem sint vel. Exercitationem placeat cum inventore voluptatem iusto totam voluptatibus.','http://www.strosinkshlerin.com/','2013-09-20 21:02:23','0000-00-00 00:00:00'),
('152','752','152','52','52','52','Inventore velit porro quibusdam et enim. Architecto quam consequatur consequatur ea dolorem. Et ut qui sunt fugit.','http://www.littel.com/','1980-12-20 19:31:40','0000-00-00 00:00:00'),
('153','753','153','53','53','53','Voluptas dolorum rerum et dolor ea deleniti. Blanditiis voluptates natus velit. Porro temporibus et iste quos.','http://klingwehner.com/','1997-06-08 00:57:11','0000-00-00 00:00:00'),
('154','757','154','54','54','54','Et aliquid consequatur et voluptates possimus et. Fugit aut nisi et exercitationem in in praesentium. Consectetur harum sint laboriosam asperiores cum quasi.','http://cummingsaufderhar.com/','1983-12-15 21:39:22','0000-00-00 00:00:00'),
('155','758','155','55','55','55','Suscipit cumque enim placeat deleniti tenetur. Nam voluptatem saepe iste laudantium error veniam quisquam. Voluptatem aut et vel minus porro. Aut illo consequuntur et mollitia laudantium consequatur.','http://www.gottlieb.com/','1971-05-19 15:02:22','0000-00-00 00:00:00'),
('156','759','156','56','56','56','Magni consequuntur perferendis non numquam sit quod. Distinctio architecto itaque molestias consequatur in at nisi. Asperiores cumque sapiente et porro. Sint dolor vel et consequatur id.','http://www.stiedemann.org/','2012-11-29 20:31:11','0000-00-00 00:00:00'),
('157','760','157','57','57','57','Provident molestiae suscipit voluptatem repudiandae facere. Qui fugiat placeat dolorem velit qui. Quas consequatur repellat nulla ut est eos. Modi autem vel iure aut excepturi.','http://strosin.info/','1981-03-02 07:31:50','0000-00-00 00:00:00'),
('158','761','158','58','58','58','Neque est possimus eligendi velit voluptates. Modi enim sed natus quia excepturi voluptates repellat. Minima dolor maxime sunt non natus exercitationem. Laborum magni aut earum rerum velit nam.','http://carroll.com/','1974-08-01 01:03:14','0000-00-00 00:00:00'),
('159','762','159','59','59','59','Autem rerum sunt rerum voluptatem perspiciatis occaecati aut. Dolorum perferendis ducimus aut porro corporis assumenda quod. Et ratione incidunt qui voluptatem deserunt ab.','http://www.andersonhilpert.com/','1976-12-08 18:13:22','0000-00-00 00:00:00'),
('160','763','160','60','60','60','Velit rerum ad occaecati dolor. Et illum doloremque dolorum quos. Accusantium et consequuntur eos ut occaecati voluptas. Qui recusandae voluptatem perferendis nemo ex.','http://www.schuppe.com/','2006-09-29 08:49:38','0000-00-00 00:00:00'),
('161','765','161','61','61','61','Vero aspernatur consectetur est est. Sed officiis qui voluptatibus. Enim ipsa ut iste aliquid quis quo assumenda soluta.','http://www.swaniawski.com/','1986-02-28 16:28:54','0000-00-00 00:00:00'),
('162','767','162','62','62','62','Impedit quos voluptatem nihil quo. At sed dolores enim earum. Ut mollitia autem voluptatem autem. Id commodi dolor assumenda.','http://ullrich.info/','1972-07-01 22:07:56','0000-00-00 00:00:00'),
('163','768','163','63','63','63','Sunt dolorem est accusantium in aut est. Distinctio placeat facere consequuntur aut veniam. Delectus tempora aut harum.','http://monahanlarkin.com/','2009-10-22 05:19:57','0000-00-00 00:00:00'),
('164','769','164','64','64','64','Reprehenderit quia eum occaecati eveniet ad adipisci temporibus. Dolores quis sequi nesciunt quam. Qui voluptatem est ratione ipsum.','http://kuhlman.com/','1996-06-23 13:33:59','0000-00-00 00:00:00'),
('165','771','165','65','65','65','Excepturi qui occaecati id. Veniam voluptatem consequatur est ut dolores impedit quia. Sed odit vel sunt.','http://www.schaden.com/','2011-05-29 18:37:13','0000-00-00 00:00:00'),
('166','772','166','66','66','66','Quo qui quis quis aut et. Repudiandae doloribus temporibus occaecati dolor aut aut dolores. Placeat est magnam eligendi illum.','http://auer.biz/','1979-12-08 14:34:33','0000-00-00 00:00:00'),
('167','773','167','67','67','67','Quia perferendis voluptatibus iure. Ea vitae quos et sequi quod neque eum.','http://www.shields.com/','1992-09-23 12:02:17','0000-00-00 00:00:00'),
('168','776','168','68','68','68','Praesentium dolores sed autem voluptatum est. Voluptatem sit aliquid consequatur magnam quod et quae. Voluptate et dolor non. In rerum et dolore minus molestiae.','http://www.schuppeschoen.com/','1989-08-18 23:28:34','0000-00-00 00:00:00'),
('169','777','169','69','69','69','Quaerat ut in sunt quis. Sint nesciunt amet omnis reiciendis error atque. Animi eos eum beatae earum sed.','http://www.dooleykassulke.net/','2005-12-22 10:42:19','0000-00-00 00:00:00'),
('170','778','170','70','70','70','A voluptas aperiam sit possimus qui omnis omnis. Minima et voluptatem debitis voluptatem possimus nulla ut voluptatem. Temporibus expedita minima aspernatur ad. Distinctio iste ex fugit.','http://cassin.biz/','2011-02-27 20:27:53','0000-00-00 00:00:00'),
('171','781','171','71','71','71','Recusandae non ducimus autem aut iure officiis ut. Nihil in aut quo. Aliquam dolores quia aliquid ex vitae doloremque. Est dicta earum ut molestias eos non voluptas.','http://www.farrell.net/','1980-09-03 14:22:10','0000-00-00 00:00:00'),
('172','782','172','72','72','72','Excepturi hic ad sed ipsum error dolorem deleniti. Incidunt enim cum itaque. Repudiandae esse omnis quibusdam doloremque. Laboriosam voluptas reiciendis aspernatur reprehenderit.','http://mitchell.org/','1981-05-27 00:04:06','0000-00-00 00:00:00'),
('173','784','173','73','73','73','Neque consequuntur placeat atque sed veritatis occaecati rem. Maiores illo aut quas. Dignissimos sit suscipit culpa aliquam eos dignissimos.','http://www.ziemannklocko.com/','2018-06-27 11:13:09','0000-00-00 00:00:00'),
('174','785','174','74','74','74','Reiciendis accusantium quidem minima odit soluta consequuntur. Iste dolore ut molestiae est voluptatem. Et et similique sint.','http://batz.info/','2009-04-17 00:54:53','0000-00-00 00:00:00'),
('175','786','175','75','75','75','Aspernatur vitae quae quia dicta et illo. Non consequatur aut voluptates voluptatem cupiditate. Officia quia natus nobis magnam veniam necessitatibus ut.','http://www.kshlerin.com/','1986-11-16 19:25:30','0000-00-00 00:00:00'),
('176','787','176','76','76','76','Odit blanditiis iste nihil dignissimos odio. Est modi consequatur non et harum aliquam. Aspernatur nostrum minima deleniti.','http://conn.org/','2019-04-11 16:57:11','0000-00-00 00:00:00'),
('177','788','177','77','77','77','Qui doloribus et quidem ut consequatur repudiandae dicta. Est quam possimus quidem numquam exercitationem.','http://www.stoltenbergcole.org/','1990-05-06 09:17:41','0000-00-00 00:00:00'),
('178','790','178','78','78','78','Qui beatae ut velit quae sed totam. Provident est est quos est corporis et nobis.','http://www.durgan.net/','1982-12-09 18:34:33','0000-00-00 00:00:00'),
('179','791','179','79','79','79','Eligendi molestias assumenda voluptatum debitis consequatur. Amet occaecati nesciunt dolore.','http://mosciski.com/','2016-04-27 07:15:50','0000-00-00 00:00:00'),
('180','792','180','80','80','80','Incidunt nesciunt repellendus maiores soluta ipsa molestiae. Magni quos consectetur doloremque autem. Optio id mollitia placeat.','http://ankunding.biz/','2008-07-07 03:41:25','0000-00-00 00:00:00'),
('181','795','181','81','81','81','Repellat voluptatem eaque ipsam provident omnis. Sunt et repellendus enim eius est eveniet maxime. Sit ut tenetur totam maxime temporibus laboriosam hic suscipit. Sed labore vel aut.','http://powlowski.info/','1995-02-16 10:18:54','0000-00-00 00:00:00'),
('182','796','182','82','82','82','Consectetur modi aut recusandae ut et eaque. Cum consequuntur iste omnis dolores veniam sed rerum. Sunt in voluptatem at velit sit illum et molestiae. Amet in aut qui vel harum quis officia.','http://www.reilly.biz/','2019-06-06 16:10:29','0000-00-00 00:00:00'),
('183','797','183','83','83','83','Repellat placeat non quis. Et et autem dolor ea nemo est. Quia provident fuga officia voluptatibus hic aliquid ut.','http://dibbert.net/','2014-12-18 09:23:50','0000-00-00 00:00:00'),
('184','798','184','84','84','84','Perspiciatis aut et amet. Et autem saepe consequuntur et doloribus est eveniet. Nesciunt quia tempore facere expedita odit.','http://www.doyle.info/','1982-06-05 23:11:06','0000-00-00 00:00:00'),
('185','799','185','85','85','85','Dolorem molestias sequi exercitationem sint. Quis autem sequi occaecati expedita rerum facere. Fugiat ratione omnis enim deleniti voluptas qui. Aut qui iusto perferendis corporis.','http://www.kunzeconroy.com/','2007-02-21 14:11:09','0000-00-00 00:00:00'),
('186','800','186','86','86','86','Sed repudiandae minima ipsam dolorem consequuntur. Est quidem eum quo id. Eligendi sunt cupiditate maxime maxime sapiente. Consequatur dolore delectus et vel repellat eum neque.','http://www.waters.biz/','2013-07-15 02:26:28','0000-00-00 00:00:00'),
('187','803','187','87','87','87','Commodi laborum beatae aut ad quod magni. Beatae tenetur tempore omnis cum. Quae nesciunt animi voluptatem.','http://www.mantelebsack.com/','1972-05-31 23:56:14','0000-00-00 00:00:00'),
('188','805','188','88','88','88','Aperiam et dolorem natus ipsum et. Eligendi cupiditate mollitia pariatur at et. Aperiam omnis harum perferendis necessitatibus voluptatem. Quis voluptas quo voluptatem architecto.','http://www.collins.com/','1979-10-24 14:56:19','0000-00-00 00:00:00'),
('189','806','189','89','89','89','Rerum necessitatibus quam quia voluptatibus adipisci ipsum voluptatem. Eos vel odit est rerum quam. Magni et dolorem ea non maiores eos.','http://www.von.com/','1984-12-28 14:25:57','0000-00-00 00:00:00'),
('190','807','190','90','90','90','Corrupti quae ab recusandae aut voluptatem accusantium. Rerum amet rem exercitationem recusandae placeat fuga quam.','http://www.hammes.biz/','1976-05-27 21:25:54','0000-00-00 00:00:00'),
('191','808','191','91','91','91','Et ut asperiores non qui nam illum. Consectetur dignissimos exercitationem et repellendus dolorem ut est. Maxime enim aut vitae aut.','http://schulisthayes.biz/','2017-07-13 09:28:34','0000-00-00 00:00:00'),
('192','811','192','92','92','92','Ipsum nesciunt quibusdam ipsam omnis quibusdam. Fugit cum et quia quos aut occaecati unde. Vero omnis tempore rem qui sed numquam velit similique. Sit omnis magnam necessitatibus voluptas.','http://www.douglasmoore.com/','1992-04-16 19:23:22','0000-00-00 00:00:00'),
('193','815','193','93','93','93','Reprehenderit sit fugit nemo quo ullam. Iure est voluptas doloremque. Eaque laboriosam similique asperiores adipisci est at.','http://www.ernser.biz/','1988-03-10 13:19:06','0000-00-00 00:00:00'),
('194','816','194','94','94','94','Laborum reiciendis nemo consequatur dolores et. Incidunt nostrum et placeat quae deleniti modi. Quam placeat totam odio aspernatur. Ad deleniti enim quaerat ipsa corporis nemo delectus.','http://reichel.biz/','1985-12-29 03:32:01','0000-00-00 00:00:00'),
('195','818','195','95','95','95','Asperiores omnis iste tempore placeat qui. Voluptas velit nostrum nisi doloribus iure dignissimos illum.','http://klocko.biz/','2010-05-11 15:19:02','0000-00-00 00:00:00'),
('196','819','196','96','96','96','Consequatur delectus est ea porro qui aut vitae. Exercitationem nihil maxime omnis perferendis. Est assumenda similique ut quod ad pariatur suscipit.','http://www.harber.com/','1989-04-19 13:33:26','0000-00-00 00:00:00'),
('197','820','197','97','97','97','Nam odit et omnis est cupiditate. Consequatur autem harum sit enim. Non nam quod debitis labore molestias quisquam.','http://www.dooley.biz/','1995-08-29 13:38:58','0000-00-00 00:00:00'),
('198','821','198','98','98','98','Quam velit earum pariatur qui. Hic accusantium et occaecati qui ea.','http://www.quigleybrekke.com/','1985-06-29 01:26:24','0000-00-00 00:00:00'),
('199','822','199','99','99','99','Optio commodi ut nihil ut earum nostrum ut. Amet et molestiae molestiae officiis earum sint. Voluptatum cumque quasi et modi. Qui magni non mollitia voluptas dolorem.','http://medhurst.com/','1989-11-28 04:44:36','0000-00-00 00:00:00'),
('200','823','200','100','100','100','Illo cumque voluptatum blanditiis perspiciatis delectus. Neque qui qui est quia qui et. Rerum et qui sint laudantium. Non cum tempore reprehenderit deleniti.','http://dicki.com/','1990-07-16 07:59:59','0000-00-00 00:00:00'),
('201','828','201','1','1','1','Alias ratione ex a. Accusamus sed maxime dolorem sunt vero et corporis alias. Quis occaecati eius aut quae molestiae. Sunt magnam est nostrum eos ut.','http://www.jacobson.com/','1999-09-17 12:06:55','0000-00-00 00:00:00'),
('202','829','202','2','2','2','Et sed quasi vel. Quas eum soluta qui eum explicabo. Expedita sit ducimus praesentium. Maiores eum quos saepe eligendi qui.','http://kunde.org/','1995-08-23 19:00:41','0000-00-00 00:00:00'),
('203','831','203','3','3','3','Neque et sed aut aut occaecati. Est cumque dicta doloremque fuga.','http://www.kertzmann.com/','1988-02-10 01:29:02','0000-00-00 00:00:00'),
('204','832','204','4','4','4','Debitis ratione consequatur blanditiis consectetur. Sed facere quaerat aspernatur iusto soluta cumque aut. Veniam dolorum aut consectetur autem. Nostrum reiciendis rem ad tempora enim ab fugit.','http://swiftwalter.org/','1993-10-04 14:02:50','0000-00-00 00:00:00'),
('205','833','205','5','5','5','Pariatur nemo totam qui quia et sit deserunt. Excepturi deserunt blanditiis recusandae unde unde. Hic praesentium et sequi aut deserunt assumenda. Qui at id incidunt.','http://www.trantow.com/','1975-04-02 00:32:30','0000-00-00 00:00:00'),
('206','836','206','6','6','6','Consequatur nihil veniam possimus error ut aliquam. Qui cumque dolor et et est. Quia quis impedit quis praesentium sit qui modi.','http://johns.com/','1995-01-17 05:26:31','0000-00-00 00:00:00'),
('207','842','207','7','7','7','Pariatur modi ut dolores amet. Sint maiores quod eveniet placeat rem non. Natus consequatur similique numquam reiciendis asperiores dolore.','http://www.fadelaltenwerth.org/','1976-07-07 13:08:45','0000-00-00 00:00:00'),
('208','844','208','8','8','8','Nam non et enim occaecati dolor esse. Non quasi exercitationem voluptatibus dolor perspiciatis quae. Vero animi eligendi sunt dicta.','http://anderson.com/','2004-03-01 22:07:39','0000-00-00 00:00:00'),
('209','845','209','9','9','9','Libero sint itaque rerum atque atque occaecati aut. Dolores non autem corrupti consectetur et. Autem sed aperiam voluptatibus voluptatem itaque.','http://www.runolfssonbednar.com/','2011-01-04 18:28:01','0000-00-00 00:00:00'),
('210','846','210','10','10','10','Porro vel unde veniam rem sed accusantium enim. Dolor rerum nam unde veritatis minima maxime corporis maxime. Illo iusto nihil ea. Id rerum dignissimos animi soluta officiis commodi aut.','http://torphy.com/','1981-03-11 09:12:30','0000-00-00 00:00:00'),
('211','848','211','11','11','11','Qui officia quos iure voluptate. Et voluptatem omnis unde et eligendi. Illum itaque doloremque at perferendis sit. Quidem sit sint aut ab.','http://gleichnergrant.com/','1979-11-30 04:17:01','0000-00-00 00:00:00'),
('212','849','212','12','12','12','Iure omnis praesentium omnis dolorem. Totam corrupti et dicta rerum eum blanditiis vitae. Blanditiis nobis est exercitationem quasi architecto. Sint nisi ex earum sed.','http://lindnolan.info/','1990-03-17 03:32:25','0000-00-00 00:00:00'),
('213','850','213','13','13','13','Accusamus ad quaerat doloribus eum. Placeat maiores dicta quisquam laboriosam molestiae consequatur quia.','http://miller.org/','1999-02-23 13:43:17','0000-00-00 00:00:00'),
('214','851','214','14','14','14','Vel ut quos velit. Amet illum reiciendis dolores qui inventore. Est itaque sint nihil ipsam ipsum saepe impedit.','http://www.hartmanntorphy.com/','1997-10-28 09:07:32','0000-00-00 00:00:00'),
('215','857','215','15','15','15','Mollitia nam sequi dolores porro sed ut earum. Similique voluptatibus debitis illo vel eos. Ut atque voluptatibus ullam harum.','http://abernathy.com/','1996-12-26 04:21:31','0000-00-00 00:00:00'),
('216','859','216','16','16','16','Voluptatibus quibusdam delectus ipsum id vel ut molestiae. Expedita sequi porro soluta dolorem accusantium. Hic sit qui pariatur praesentium nostrum fugit. Ut libero et eveniet sequi quasi.','http://www.effertz.net/','1997-08-19 07:09:39','0000-00-00 00:00:00'),
('217','860','217','17','17','17','Ex cumque cupiditate et aut aperiam non dolor. Quos occaecati exercitationem est alias ut. Delectus officia repellendus nesciunt placeat labore nemo nisi.','http://mrazpowlowski.com/','1983-08-20 02:45:33','0000-00-00 00:00:00'),
('218','861','218','18','18','18','Provident molestiae esse quia eligendi. Et aut itaque magnam eos facere consectetur. Ut qui enim incidunt ea unde neque.','http://glover.com/','1971-05-18 20:33:33','0000-00-00 00:00:00'),
('219','862','219','19','19','19','Cumque minima eos ipsam minus velit non. Aut quia sit sed mollitia. Odit esse ipsam voluptas est et ducimus. Est quo qui fugiat placeat ipsa amet velit.','http://keeblerthiel.com/','2008-01-13 18:28:12','0000-00-00 00:00:00'),
('220','863','220','20','20','20','Odio eius voluptatem eum saepe. Unde quibusdam commodi odit itaque natus impedit. Ut ut aliquam quidem.','http://www.hintz.com/','1977-07-11 12:26:08','0000-00-00 00:00:00'),
('221','864','221','21','21','21','Illo natus id sapiente blanditiis id temporibus quam. Aspernatur et est ad et. Inventore quam vitae aut quae reprehenderit non et. Praesentium at eveniet sapiente dolores voluptatem ut facere.','http://www.daugherty.com/','1991-01-06 17:22:57','0000-00-00 00:00:00'),
('222','869','222','22','22','22','Et ab et deleniti est magnam. At distinctio atque eum nesciunt. Veritatis officiis perferendis et eos. Aut quia molestias optio non.','http://wunschullrich.info/','2001-11-22 11:29:47','0000-00-00 00:00:00'),
('223','870','223','23','23','23','Voluptatem magni earum aperiam molestias omnis. Aliquid voluptatem maxime culpa et vel est molestiae. Ab enim tenetur nihil laboriosam. Cupiditate eligendi fuga ad.','http://schimmel.com/','1984-11-10 09:38:58','0000-00-00 00:00:00'),
('224','871','224','24','24','24','Esse enim possimus aut sint voluptas quis non. Quidem consequatur earum et iure aliquam unde. Voluptatum suscipit earum natus harum dolores. Velit expedita voluptatem facilis esse dolore et.','http://www.johns.com/','1970-12-29 19:44:42','0000-00-00 00:00:00'),
('225','872','225','25','25','25','Necessitatibus aut iure temporibus labore nemo. Magnam ad sint laborum quasi reiciendis vel exercitationem. Fuga rerum quasi a ab sit nostrum. Minus mollitia sed porro repellendus sapiente dolores.','http://swaniawski.com/','1988-02-05 21:01:17','0000-00-00 00:00:00'),
('226','876','226','26','26','26','Earum mollitia sapiente porro totam similique voluptatem. Dolorem maiores animi officiis corrupti. Fugiat veritatis atque aut quod dolores.','http://starkpfeffer.net/','1975-01-04 16:23:28','0000-00-00 00:00:00'),
('227','877','227','27','27','27','Libero qui libero fugiat nobis. Est quasi voluptas officiis quia dolores et. Officia ipsa perspiciatis a quo quo porro porro. Voluptatibus est at a dignissimos quam quo.','http://wintheiser.com/','1989-07-03 18:45:08','0000-00-00 00:00:00'),
('228','883','228','28','28','28','Sapiente doloribus ut modi sapiente optio voluptatem eligendi. Quia asperiores beatae non quisquam repellendus repudiandae laborum dolorem. Quo aut eos corporis perferendis.','http://jacobsonpaucek.com/','2007-06-13 16:10:47','0000-00-00 00:00:00'),
('229','885','229','29','29','29','Exercitationem et nobis accusantium dolorum corrupti optio excepturi. Nesciunt et veniam omnis sapiente in pariatur eos. Velit hic voluptatibus fugiat dignissimos quo impedit.','http://nader.com/','1981-01-18 01:50:39','0000-00-00 00:00:00'),
('230','887','230','30','30','30','Blanditiis numquam modi aliquid. Impedit corporis sunt illo qui sit consectetur. Ut cumque amet rerum nostrum blanditiis ipsa atque.','http://daniel.com/','2000-07-26 22:50:20','0000-00-00 00:00:00'),
('231','888','231','31','31','31','Repellat id autem enim temporibus eius omnis dolorem. Ipsum iste adipisci nihil quo.','http://www.balistreriyundt.org/','2008-08-12 23:20:47','0000-00-00 00:00:00'),
('232','889','232','32','32','32','Iure necessitatibus et et deleniti. Reprehenderit iste doloremque tempora nulla eum non. Enim voluptas architecto suscipit quaerat ab reprehenderit rerum. Ut et totam dignissimos.','http://www.nikolaussporer.com/','1980-09-04 06:10:49','0000-00-00 00:00:00'),
('233','891','233','33','33','33','Debitis fugit pariatur ullam dolores assumenda. Et corrupti quia quam autem velit expedita et. Qui soluta occaecati molestias doloribus enim.','http://www.funk.com/','1970-01-11 00:08:42','0000-00-00 00:00:00'),
('234','892','234','34','34','34','Molestiae incidunt autem cumque odio. Numquam molestias nihil accusamus est. A qui ut eveniet nobis adipisci.','http://www.waltercremin.com/','1975-09-15 18:14:32','0000-00-00 00:00:00'),
('235','893','235','35','35','35','Dolore optio nulla dignissimos animi et praesentium. Voluptatum tenetur possimus ut.\nEt nisi voluptatem magnam rerum. Quia iste ut ipsum voluptas. Earum doloremque quas deserunt enim.','http://www.waelchi.com/','1971-01-02 12:21:53','0000-00-00 00:00:00'),
('236','895','236','36','36','36','Necessitatibus quidem animi quos. Itaque unde dolore natus facilis neque modi voluptatem. Quia expedita harum aperiam doloremque asperiores laborum. Velit iste reiciendis sed quae quas in.','http://www.greenholt.com/','2013-06-10 09:56:20','0000-00-00 00:00:00'),
('237','901','237','37','37','37','Nihil nulla error aut voluptatem est pariatur. Magnam eum facere ab aperiam ex repellendus ducimus. Optio saepe totam in iusto officiis repellendus.','http://www.osinski.com/','1978-11-20 15:57:32','0000-00-00 00:00:00'),
('238','902','238','38','38','38','Aut maiores quae at deleniti. Aut non dolores officiis deleniti ut voluptas. Dignissimos et reprehenderit nulla adipisci.','http://www.reichert.org/','2005-03-24 05:17:08','0000-00-00 00:00:00'),
('239','903','239','39','39','39','Aut et enim aliquid corrupti veniam. Omnis beatae et quod enim illum. Hic minima in expedita distinctio maxime aliquid hic.','http://thompson.info/','2010-03-13 20:33:53','0000-00-00 00:00:00'),
('240','905','240','40','40','40','Voluptatem quia ratione quae distinctio. Nesciunt ab ratione sit quod asperiores rerum. Iste fugit sunt sed et harum veritatis.','http://www.stoltenberg.com/','2004-02-02 21:28:50','0000-00-00 00:00:00'),
('241','906','241','41','41','41','Mollitia nobis dicta eos omnis nulla facere quisquam sunt. Nihil quod aut dolorem iusto doloribus qui. Odit dolores asperiores nulla expedita. Id ut minus labore labore nesciunt consectetur.','http://conn.biz/','1993-07-14 19:57:51','0000-00-00 00:00:00'),
('242','909','242','42','42','42','Praesentium ullam vero tempora architecto dicta debitis porro. Voluptas cum enim et error totam. Nemo ut amet explicabo ad.','http://kilback.com/','1973-03-01 04:04:19','0000-00-00 00:00:00'),
('243','910','243','43','43','43','Asperiores deleniti quo sunt commodi. Voluptas quisquam consectetur qui. Et eos culpa non veniam numquam.','http://www.blanda.info/','1994-04-11 22:17:17','0000-00-00 00:00:00'),
('244','911','244','44','44','44','Nulla placeat iste odit cumque sed sed. Eum alias minima qui quia neque voluptas. Modi aut molestias et et eos quas a.','http://wolf.info/','1982-10-26 15:50:06','0000-00-00 00:00:00'),
('245','912','245','45','45','45','Consequatur ut dolorem repudiandae est ullam. Nesciunt cumque aliquid saepe reprehenderit. Eveniet animi molestiae nisi dolores officiis harum.','http://mueller.biz/','1982-09-15 20:50:38','0000-00-00 00:00:00'),
('246','913','246','46','46','46','Qui facere labore eum autem quia quidem qui quis. Cum sed rerum qui tempore. Reprehenderit eum et maxime voluptas velit neque. Ut mollitia qui ut numquam velit ducimus illum.','http://cartwright.com/','2016-06-30 18:21:57','0000-00-00 00:00:00'),
('247','914','247','47','47','47','Consequatur sint sapiente sit sint omnis harum. Recusandae aut eum sunt delectus maxime vero est aut. Rerum incidunt consequatur incidunt consequatur ullam.','http://www.hauck.biz/','2006-11-17 14:41:37','0000-00-00 00:00:00'),
('248','915','248','48','48','48','Libero veritatis tenetur sed id voluptas soluta voluptates. Ipsa voluptatem distinctio voluptas in non quia.','http://www.homenickullrich.com/','1971-02-22 03:28:06','0000-00-00 00:00:00'),
('249','917','249','49','49','49','Voluptas aperiam aliquam occaecati numquam sit. Aut sed qui id aut illo natus voluptatem. Et nisi aspernatur quo id beatae rerum ea eaque. Architecto officiis optio quam possimus hic placeat.','http://kuhicmurazik.net/','2014-09-17 22:48:36','0000-00-00 00:00:00'),
('250','918','250','50','50','50','Id quis nihil a. Ducimus nemo ea aut ut in maiores. Sed deleniti blanditiis non. Et voluptatem eos sunt itaque quam quae.','http://www.hauck.info/','1992-11-30 07:12:08','0000-00-00 00:00:00'),
('251','919','251','51','51','51','Non aperiam quasi sed accusamus saepe. Quas animi eos nihil voluptas reprehenderit culpa. Exercitationem et porro dicta eligendi dolorem accusantium dolorem.','http://pfannerstill.com/','1987-02-04 05:26:23','0000-00-00 00:00:00'),
('252','920','252','52','52','52','Qui aspernatur in velit beatae molestias voluptatem amet. Et soluta sapiente esse delectus quo atque. Nihil dolorem eum vel optio necessitatibus maiores eaque. Tempora quis ut vero.','http://www.thompson.net/','2005-03-13 11:08:05','0000-00-00 00:00:00'),
('253','921','253','53','53','53','Est cumque vel fugiat qui necessitatibus. Nesciunt nemo rem ut suscipit. Qui labore et omnis facilis nostrum. Voluptate magni aliquam sunt quia consectetur id.','http://spinkabreitenberg.com/','1981-04-12 20:43:38','0000-00-00 00:00:00'),
('254','923','254','54','54','54','Fugiat rem voluptas sunt. Blanditiis et vero odio sit distinctio. Ad voluptate odio cum consequuntur veritatis expedita doloremque. Tenetur omnis odit earum voluptas officiis necessitatibus.','http://www.goldnergoyette.com/','1995-02-17 18:46:58','0000-00-00 00:00:00'),
('255','924','255','55','55','55','Quod enim autem corporis voluptatem. Aperiam rerum corporis sit voluptas explicabo. Vel sunt facilis necessitatibus hic.','http://www.metz.com/','2004-07-17 02:11:03','0000-00-00 00:00:00'),
('256','925','256','56','56','56','Eveniet iste voluptatem enim quae aut cum. Velit dolores quisquam rem occaecati reiciendis. Inventore doloribus sapiente minima repudiandae. Deserunt fugiat omnis est recusandae.','http://www.kihn.org/','1974-09-30 10:37:27','0000-00-00 00:00:00'),
('257','926','257','57','57','57','Commodi quas atque vitae adipisci aut. Consequuntur temporibus vitae ipsam libero non. Fuga dolorem necessitatibus quas beatae incidunt. Ut non asperiores possimus omnis.','http://www.wyman.net/','1995-05-26 05:46:41','0000-00-00 00:00:00'),
('258','929','258','58','58','58','Laudantium ab est quia neque ipsam aliquam. Non autem itaque commodi voluptatem quibusdam. Doloribus non nostrum molestiae dignissimos cum. Quos et expedita nulla.','http://www.welchoconner.com/','2011-09-22 03:05:56','0000-00-00 00:00:00'),
('259','930','259','59','59','59','Est odio sapiente sed magni omnis aut magni adipisci. Quasi similique quia quisquam dolore accusantium est. Qui unde aut ut consequatur sit.','http://christiansen.com/','1987-03-22 20:15:28','0000-00-00 00:00:00'),
('260','931','260','60','60','60','In accusantium voluptates dolor repellendus. Delectus quisquam laborum sit et.','http://hageneslowe.com/','1973-09-23 01:01:26','0000-00-00 00:00:00'),
('261','932','261','61','61','61','Minima velit omnis asperiores aut. Sed quis rerum illo consequatur. Facilis saepe voluptas maxime. Adipisci rerum aut totam.','http://www.ziemann.com/','2008-06-02 13:37:43','0000-00-00 00:00:00'),
('262','933','262','62','62','62','Officiis quas et numquam aliquid qui praesentium quos. Voluptatum et temporibus officia. Nihil expedita quae doloremque. Consequatur iste tempora sed impedit sit possimus.','http://www.powlowski.org/','2013-10-06 05:57:40','0000-00-00 00:00:00'),
('263','936','263','63','63','63','Mollitia eaque commodi maiores dolorem distinctio nisi. Est ab porro temporibus. Quos accusantium ullam voluptatibus accusantium voluptas culpa qui. Rerum qui facilis quae in quisquam voluptatibus.','http://bergnaum.net/','1986-01-08 01:19:05','0000-00-00 00:00:00'),
('264','940','264','64','64','64','Qui nam inventore pariatur dolorum aut. Id quod debitis omnis corrupti laboriosam dolores alias. Id impedit ea reiciendis autem in qui saepe.','http://www.greenholtkozey.net/','2015-08-31 17:07:13','0000-00-00 00:00:00'),
('265','943','265','65','65','65','Voluptatem temporibus totam blanditiis facilis. Deserunt eius nesciunt modi praesentium rem. Dignissimos doloremque non adipisci maiores commodi ratione cupiditate illum.','http://www.jacobilittle.biz/','1989-12-28 04:38:28','0000-00-00 00:00:00'),
('266','944','266','66','66','66','Optio aut natus aperiam necessitatibus magni rerum. Ut et distinctio voluptatem aspernatur voluptatem voluptatem eligendi. Quos adipisci et quod occaecati officiis quae at.','http://thiel.org/','1978-02-14 21:14:39','0000-00-00 00:00:00'),
('267','945','267','67','67','67','Voluptas minus sapiente iste doloremque minus qui. Consequatur molestias hic et aut expedita. Minus adipisci nostrum et modi. Voluptatem occaecati ut ex tenetur placeat eaque necessitatibus.','http://kshlerin.com/','1992-05-30 02:54:55','0000-00-00 00:00:00'),
('268','947','268','68','68','68','A hic quaerat nihil blanditiis sit nostrum. Natus sint porro dignissimos ratione fugit. Ipsum aut velit voluptatum a. Laudantium inventore a est ratione officiis.','http://kesslerwyman.biz/','2002-10-10 07:11:20','0000-00-00 00:00:00'),
('269','948','269','69','69','69','Tenetur qui quia voluptatibus dolorum nihil laudantium blanditiis. Et consectetur blanditiis nisi harum blanditiis a. Commodi et et id praesentium ea enim.','http://www.watersnitzsche.org/','1989-04-01 20:20:58','0000-00-00 00:00:00'),
('270','950','270','70','70','70','Omnis voluptas amet maxime blanditiis dolorum rerum incidunt consequatur. Assumenda reprehenderit ad perspiciatis illo. Et aut molestiae qui et. Voluptatum sint rem qui voluptate aut sunt.','http://hagenesernser.com/','1987-03-04 09:04:28','0000-00-00 00:00:00'),
('271','951','271','71','71','71','Modi id animi iure possimus. Necessitatibus neque aliquam molestias laborum vitae optio. Sit quod quasi assumenda et.','http://www.aufderhar.com/','2002-10-01 01:55:15','0000-00-00 00:00:00'),
('272','953','272','72','72','72','Dolores et ea id facilis quis officiis ea. Ut dolorem non dolores omnis. Dicta occaecati qui optio earum.','http://www.halvorsonnicolas.net/','1986-09-09 09:21:57','0000-00-00 00:00:00'),
('273','955','273','73','73','73','Nisi aut illo dolore qui quia unde. Sequi aperiam laborum saepe ad excepturi dolores. Expedita numquam odio occaecati dolorum accusantium quas. Illum repudiandae et nihil et maxime assumenda velit.','http://maggio.com/','2008-07-19 08:43:17','0000-00-00 00:00:00'),
('274','956','274','74','74','74','Necessitatibus reprehenderit omnis sed ex. Saepe blanditiis explicabo ut officia. Quod corrupti numquam accusantium deleniti.','http://wyman.info/','1994-10-13 22:03:45','0000-00-00 00:00:00'),
('275','957','275','75','75','75','Dolorem dolores non et voluptatum sunt. Qui aspernatur at hic aut. Sapiente consectetur perspiciatis nesciunt voluptatem aspernatur eum odio repellat. Et debitis voluptatem et.','http://www.hauck.org/','1985-08-29 04:40:22','0000-00-00 00:00:00'),
('276','958','276','76','76','76','Non ut aut minus accusamus inventore possimus necessitatibus eligendi. Et ratione fuga ipsam quam quia quia adipisci amet.','http://shanahan.org/','2004-04-19 15:29:57','0000-00-00 00:00:00'),
('277','960','277','77','77','77','Voluptatem est aut sed eaque deserunt id. Consequuntur voluptatem voluptas fuga tempore quas nesciunt animi. Voluptatem saepe facere dolore et fugit vel veritatis.','http://www.toy.com/','1984-05-27 03:07:24','0000-00-00 00:00:00'),
('278','961','278','78','78','78','Fugiat aliquam cumque ratione id rerum. Unde vero facere dolorem cumque sint rerum. Delectus similique est provident aliquam ut.','http://boyledurgan.com/','1980-07-08 02:39:31','0000-00-00 00:00:00'),
('279','964','279','79','79','79','Odit sed dicta repellendus molestiae iure. Quia eum veniam provident molestiae neque ratione quia. Blanditiis dicta molestiae modi quos praesentium officia quia odit.','http://daniel.com/','2014-07-30 00:32:48','0000-00-00 00:00:00'),
('280','965','280','80','80','80','Ex nobis ut pariatur aut odio. Autem non molestias exercitationem cum ad architecto. Quis est atque aut distinctio.','http://www.reynolds.info/','1989-01-19 14:31:30','0000-00-00 00:00:00'),
('281','967','281','81','81','81','Dolorum voluptates iste tenetur doloribus dolorem animi dicta. Et ullam molestiae est aut animi qui doloremque. Cum maxime ut non.','http://www.russelflatley.biz/','1996-10-14 16:54:09','0000-00-00 00:00:00'),
('282','968','282','82','82','82','Voluptatem ex dolores est delectus ex iste ut. Officiis amet incidunt velit est. Optio consequatur molestias autem vel laboriosam. Molestias unde ut sunt molestiae.','http://hilpert.com/','1970-01-21 19:02:14','0000-00-00 00:00:00'),
('283','970','283','83','83','83','Placeat iusto optio ipsum nostrum consectetur. Culpa at quia facilis non. Nobis consequuntur molestiae dolorem sunt omnis nisi excepturi ad. Voluptas quis vero velit et rerum dolores.','http://www.predovic.com/','1980-01-18 18:06:02','0000-00-00 00:00:00'),
('284','971','284','84','84','84','Aspernatur repellendus velit perferendis doloremque fugit. Aperiam consequatur ducimus sed.','http://www.romaguera.com/','2003-05-28 18:30:14','0000-00-00 00:00:00'),
('285','975','285','85','85','85','Et laudantium nihil et labore magnam ipsam nam tenetur. Quia corrupti id quidem et dolorum et consequatur. Vitae hic nemo quidem.','http://rutherford.org/','1979-11-26 12:08:59','0000-00-00 00:00:00'),
('286','976','286','86','86','86','Dolor dolores explicabo modi vel laudantium. Consequatur perspiciatis provident dolores quos id minima. Qui consequuntur facere rerum omnis magnam. Voluptate aut et voluptatibus.','http://strosinparisian.com/','1990-11-02 07:11:19','0000-00-00 00:00:00'),
('287','977','287','87','87','87','Illo ducimus eos fugiat libero laboriosam quod. Quisquam quidem et enim quis. Iusto nihil consequatur suscipit dolores ad.','http://goodwin.com/','1982-10-14 07:42:45','0000-00-00 00:00:00'),
('288','979','288','88','88','88','Non qui suscipit reiciendis illo libero dolor et sed. Sint qui quasi quis totam iusto. Quas ipsam accusamus quas dolor qui in.','http://kiehnboyer.org/','1993-05-29 18:17:37','0000-00-00 00:00:00'),
('289','980','289','89','89','89','Aspernatur iste neque et asperiores pariatur. Tempora et laudantium neque reiciendis ullam.','http://rippin.com/','2001-01-18 21:21:52','0000-00-00 00:00:00'),
('290','982','290','90','90','90','Omnis omnis sit consequatur est nam est et nihil. Omnis ea eius magni odit vitae. Cum nostrum laborum minima laudantium.','http://mayer.com/','1995-08-06 16:22:00','0000-00-00 00:00:00'),
('291','983','291','91','91','91','Id et laborum pariatur quia tenetur aut autem. Enim ut quis praesentium dolor nihil. Voluptas incidunt exercitationem facilis dolor quis et. Qui architecto officiis quibusdam sed quia optio iure.','http://www.fadelkulas.org/','1994-06-08 18:35:49','0000-00-00 00:00:00'),
('292','984','292','92','92','92','Dolor iure culpa deserunt laudantium reiciendis quis rerum deserunt. Sed omnis veritatis ipsa a. Architecto itaque tempore nihil placeat doloremque.','http://treutelvolkman.net/','1980-08-04 11:10:58','0000-00-00 00:00:00'),
('293','985','293','93','93','93','Impedit voluptate quod quis porro placeat qui nesciunt. Accusamus nam autem iste quis at. Et doloribus temporibus eius nemo aliquam dolor nam praesentium.','http://littelhalvorson.com/','1971-12-05 05:08:56','0000-00-00 00:00:00'),
('294','987','294','94','94','94','Est vel est corrupti maiores omnis ut ex. Beatae fugiat fuga numquam assumenda. Quidem sunt molestias in et illum minus. Non non quam repellendus corrupti eum.','http://turcotte.com/','1979-01-09 00:34:00','0000-00-00 00:00:00'),
('295','988','295','95','95','95','Nihil et odit sint tenetur sit officiis quia. Dolore aut ut fugit dicta. Non voluptatem velit quia est error.','http://bergnaum.com/','1984-10-30 14:45:33','0000-00-00 00:00:00'),
('296','989','296','96','96','96','Illo ipsa aut impedit ratione necessitatibus. Quia aut sed fugiat voluptas iure quas non magni. Incidunt dolorum in quae enim consequatur quisquam ut.','http://lang.org/','1971-08-30 15:25:04','0000-00-00 00:00:00'),
('297','990','297','97','97','97','Sequi ut sed sunt unde suscipit ipsum libero. Quia velit cupiditate ut harum. Esse nemo omnis voluptatem rem omnis eligendi iste. Dolorum temporibus et deserunt.','http://www.gibson.com/','2006-02-11 13:37:38','0000-00-00 00:00:00'),
('298','991','298','98','98','98','Quod odit consequatur sit nesciunt nam omnis. Culpa ea consequatur quos consequatur beatae quia. Quod est id delectus aut corporis. Perspiciatis quis sint ullam tempora id perspiciatis eaque.','http://www.reichertdicki.biz/','2017-09-10 12:02:59','0000-00-00 00:00:00'),
('299','992','299','99','99','99','Qui ea sit temporibus ut. Sunt veniam reprehenderit qui. Dolor quia facere veniam. Nisi eum aut eum quas quibusdam maxime et accusantium.','http://www.bodehintz.com/','1993-08-28 07:40:31','0000-00-00 00:00:00'),
('300','994','300','100','100','100','Temporibus fuga quos laboriosam doloremque eligendi a. Fugiat enim ullam corrupti non cumque facere aliquam. Id animi quia molestias sint voluptatem quidem voluptas.','http://conn.com/','1989-11-04 06:11:03','0000-00-00 00:00:00'),
('301','996','301','1','1','1','Sequi natus cumque dolorum eligendi mollitia. Aut sint eius dolores a adipisci officiis. Explicabo dolore vel facere alias.','http://www.wintheiserhammes.com/','1982-08-13 00:00:10','0000-00-00 00:00:00'),
('302','997','302','2','2','2','Ad in aspernatur ullam corrupti quibusdam et. Et vel voluptatem in ut et odio. Quo ex omnis optio voluptates quae.','http://olson.net/','2008-11-25 20:05:03','0000-00-00 00:00:00'),
('303','501','303','3','3','3','Enim odit corporis molestiae ut vel molestiae omnis harum. Harum inventore commodi enim et. Perspiciatis ab pariatur quaerat officiis libero aut ducimus.','http://schaefertorphy.net/','1998-10-14 19:10:18','0000-00-00 00:00:00'),
('304','502','304','4','4','4','Dolorem eos debitis laborum quae cumque autem. Et dolores asperiores aperiam consectetur enim sunt. Ut eius qui sed magni aperiam dignissimos quia.','http://harvey.biz/','1980-06-24 01:19:14','0000-00-00 00:00:00'),
('305','503','305','5','5','5','Omnis quia voluptates animi consequuntur voluptatem laudantium repudiandae et. Velit maiores provident repellat autem et impedit.','http://kshlerin.info/','1976-08-22 01:17:42','0000-00-00 00:00:00'),
('306','504','306','6','6','6','Quibusdam quia et voluptatem ut veniam exercitationem rerum. Nobis sed laudantium dolores officia earum voluptatem. Sed fugit aspernatur laudantium eum aut et sunt.','http://www.mcclurecormier.com/','2007-04-17 12:43:33','0000-00-00 00:00:00'),
('307','505','307','7','7','7','Qui aperiam et pariatur sed ducimus molestiae eius sunt. Quis quis sit consequatur facilis odit cum. Laboriosam aut tempore quia omnis atque ipsum pariatur.','http://huel.com/','1978-11-20 13:32:14','0000-00-00 00:00:00'),
('308','506','308','8','8','8','Qui voluptatem iusto ad voluptate sint. Laborum consequatur non autem. Dignissimos ducimus veritatis quaerat odit hic. Laudantium aut repellendus velit quis excepturi sed sint.','http://www.little.com/','2003-05-27 07:08:06','0000-00-00 00:00:00'),
('309','508','309','9','9','9','Repudiandae iusto possimus omnis voluptas. Iure beatae similique eligendi aliquam adipisci ullam voluptas. Sed assumenda dolores occaecati vero qui et eaque. Ad officiis eaque nemo illum.','http://lynch.com/','1978-02-06 21:11:32','0000-00-00 00:00:00'),
('310','509','310','10','10','10','Laboriosam harum nihil debitis sed. Hic ea voluptatem maxime quae. Nihil est maxime incidunt ex ipsam qui. Vel esse voluptatem incidunt totam.','http://www.baumbach.biz/','2003-10-27 04:44:47','0000-00-00 00:00:00'),
('311','510','311','11','11','11','Necessitatibus aut cum sit porro ut eveniet. Voluptas possimus est sunt sit consequuntur nemo. Eos eius sit deleniti et odio libero.','http://schimmeljacobs.biz/','2020-02-05 10:21:43','0000-00-00 00:00:00'),
('312','512','312','12','12','12','Quasi cupiditate perferendis consequatur cupiditate dolorum adipisci odit voluptates. At vero voluptas ipsa. Aut placeat et quae.','http://www.willmsstehr.org/','1984-01-17 23:10:49','0000-00-00 00:00:00'),
('313','517','313','13','13','13','Soluta possimus qui perspiciatis unde est. Non autem facilis sit consequatur et.','http://muller.com/','2006-07-07 04:47:19','0000-00-00 00:00:00'),
('314','518','314','14','14','14','Libero eaque sint explicabo non eligendi et sit. Dolores labore similique eum doloremque. Numquam veniam aut assumenda iusto aliquam. Quidem exercitationem et facilis quis.','http://www.sauer.com/','1983-07-10 07:22:50','0000-00-00 00:00:00'),
('315','519','315','15','15','15','Rerum aperiam omnis qui corporis qui possimus corporis esse. Ab a earum reprehenderit atque. Repellendus repellendus non quisquam et. Dolorem sed unde id corrupti optio.','http://www.stracke.com/','2015-07-15 00:43:32','0000-00-00 00:00:00'),
('316','520','316','16','16','16','Iure error quis harum. Pariatur qui nesciunt voluptate saepe ut. Id iste sit ea est atque.','http://www.mccullough.com/','1999-02-21 19:38:38','0000-00-00 00:00:00'),
('317','521','317','17','17','17','Molestiae quisquam nemo quo maxime reprehenderit id facere. Aspernatur accusantium impedit est voluptatem doloremque distinctio maxime laboriosam. Error ut maxime delectus aut.','http://www.wyman.com/','1971-04-28 12:20:27','0000-00-00 00:00:00'),
('318','523','318','18','18','18','Architecto minima id mollitia. Ratione officia molestiae nemo ab. Ut voluptates amet quia id vero.','http://stammrunte.com/','2014-09-11 20:57:20','0000-00-00 00:00:00'),
('319','524','319','19','19','19','Modi enim odit officiis sunt architecto facere aliquam dolore. Nesciunt ratione alias ipsam porro omnis asperiores. Placeat ut itaque voluptatem sint labore.','http://predovicdare.org/','1997-07-26 13:19:34','0000-00-00 00:00:00'),
('320','525','320','20','20','20','Repudiandae voluptatibus enim officia accusantium odio. Aliquam quo expedita delectus neque iste rerum ipsam. Aut doloribus aut iure consequatur maxime.','http://boyer.com/','2006-10-05 17:57:03','0000-00-00 00:00:00'),
('321','526','321','21','21','21','Quo temporibus non asperiores sequi nostrum. Explicabo ut et dolorum non vero nobis. Facere sit exercitationem eius dignissimos tempore. Quia eligendi porro ut illum nobis eum.','http://stokesmayer.com/','1972-02-21 17:45:34','0000-00-00 00:00:00'),
('322','529','322','22','22','22','Quia quod eos aut repellat quae eos. Soluta ipsam ad aut dignissimos veniam. Atque et assumenda quidem excepturi. Cumque nihil odit harum est sit. Quis saepe quia temporibus.','http://www.greenholtlabadie.com/','2003-01-11 12:09:23','0000-00-00 00:00:00'),
('323','530','323','23','23','23','Impedit illum tempora nobis distinctio. Illo sunt animi aut est itaque aspernatur delectus. Fuga sunt ab aliquam aut aut velit. Autem illum nesciunt voluptas quia tempore.','http://www.cummingsfarrell.com/','1983-03-09 15:15:09','0000-00-00 00:00:00'),
('324','531','324','24','24','24','Exercitationem vitae voluptatum nihil enim aperiam beatae. Voluptatem quia quos quo maxime iure consectetur. Magni nemo et odio architecto.','http://www.schaeferrogahn.com/','2020-01-20 19:57:35','0000-00-00 00:00:00'),
('325','535','325','25','25','25','Expedita repellendus saepe sit doloremque est. Libero placeat ducimus totam alias quia. Recusandae amet qui rerum. Laudantium ea a mollitia.','http://hilpert.com/','1974-05-28 22:44:45','0000-00-00 00:00:00'),
('326','537','326','26','26','26','Ut nostrum molestiae rerum corrupti pariatur cumque. Aut tenetur voluptate dolore. Dolorum aut aut quia in ipsa repellendus sed culpa. Similique est odio dolor minus minima molestias expedita.','http://prosacco.com/','2002-09-06 22:12:48','0000-00-00 00:00:00'),
('327','538','327','27','27','27','Sapiente ut veritatis dolore cumque ea mollitia quas. Eos odit dolores vitae enim. Quisquam quasi ipsa fuga quia. Aut qui ea quos consequuntur.','http://muellerbogisich.org/','1981-03-25 04:43:04','0000-00-00 00:00:00'),
('328','539','328','28','28','28','Quos omnis libero vel soluta. Ut asperiores et quisquam dolorem esse totam incidunt. Aliquam illum quod fugit esse dolorem deleniti.','http://www.rosenbaumvolkman.com/','1980-01-22 10:51:18','0000-00-00 00:00:00'),
('329','540','329','29','29','29','Eum facilis voluptatem sed labore. Quasi deleniti corrupti vel et. Aut iste et magnam qui rerum ducimus id ipsum. Dolores fugit assumenda sit.','http://www.davis.info/','1989-12-14 21:48:44','0000-00-00 00:00:00'),
('330','541','330','30','30','30','Et blanditiis est ut neque maxime nesciunt a mollitia. Quos facere non illum voluptas laboriosam. Et est reprehenderit ut.','http://www.torphy.info/','1989-04-19 12:47:49','0000-00-00 00:00:00'),
('331','542','331','31','31','31','Distinctio rerum impedit et repellendus voluptates voluptatem vel. Dolores nemo laborum beatae corrupti. Adipisci enim dolor veniam veniam accusantium magni non. Molestiae ad libero rem atque cum.','http://hoeger.biz/','1984-07-30 22:49:23','0000-00-00 00:00:00'),
('332','543','332','32','32','32','Quis porro aut dignissimos labore eum voluptate mollitia fuga. Sequi voluptatibus similique veritatis minima sint. Tempore aut nihil officiis at molestias.','http://smithleuschke.org/','1989-03-16 05:49:54','0000-00-00 00:00:00'),
('333','544','333','33','33','33','Quis non veritatis animi nihil et cupiditate adipisci. Neque eaque dolores blanditiis laudantium nesciunt sint excepturi. Qui eius at doloremque quia alias.','http://schultz.org/','1989-03-29 07:22:04','0000-00-00 00:00:00'),
('334','545','334','34','34','34','Pariatur hic fugiat esse ratione in sed magnam autem. Aut quam deserunt incidunt distinctio a sunt consequatur. Corrupti consequatur quam ea. Natus officiis quos eaque nam vero molestiae.','http://www.beier.com/','1993-01-02 12:01:01','0000-00-00 00:00:00'),
('335','546','335','35','35','35','Voluptates porro corporis quia in fugiat reprehenderit voluptatem. Laborum illo dolorum aperiam libero hic at sint.','http://www.klinggreen.com/','2006-09-26 17:55:21','0000-00-00 00:00:00'),
('336','547','336','36','36','36','Impedit suscipit sit nostrum sint. Consequatur autem voluptatem recusandae ut fuga. Placeat ullam aut hic sed voluptatem sed.','http://www.welch.com/','1986-01-21 06:16:05','0000-00-00 00:00:00'),
('337','548','337','37','37','37','Libero eaque nisi dolorem consequatur. Nisi repellendus aliquam ullam rerum expedita iure voluptatum modi. Voluptas aut et corrupti enim dolor molestias.','http://kilback.org/','1994-03-27 23:44:41','0000-00-00 00:00:00'),
('338','552','338','38','38','38','Exercitationem consequuntur inventore qui consequatur ea. Aut itaque placeat ut temporibus culpa voluptatum. Unde minus a ut consequatur. Nostrum dignissimos aspernatur sequi qui autem iusto.','http://www.oberbrunnermcdermott.com/','2016-03-18 07:11:06','0000-00-00 00:00:00'),
('339','553','339','39','39','39','Aut sed iste voluptatum suscipit nulla. Vero velit dolorem tempora accusantium. Saepe et deserunt voluptates ullam nihil minima adipisci.','http://emard.biz/','1988-05-14 03:40:50','0000-00-00 00:00:00'),
('340','556','340','40','40','40','Sunt quia aut eaque sed amet et. Sunt quas est facere rerum delectus maxime natus. Quos quam repudiandae necessitatibus omnis incidunt alias repellat sit.','http://www.haley.org/','2009-03-31 16:45:52','0000-00-00 00:00:00'),
('341','557','341','41','41','41','Quidem consequuntur voluptatibus sed enim. Id hic sed dolor delectus sit. Quidem aut est sequi deleniti repudiandae expedita. Facere cum tempora odio nulla beatae aut.','http://beahanbogan.com/','1995-11-11 08:21:52','0000-00-00 00:00:00'),
('342','561','342','42','42','42','Eos recusandae saepe qui necessitatibus non qui vel. Nesciunt voluptas dolorem eos culpa et velit.\nCulpa dolorem ut aut velit. Perferendis totam occaecati delectus at hic nisi. Dolores error non non.','http://www.brakus.org/','2002-08-27 06:59:40','0000-00-00 00:00:00'),
('343','562','343','43','43','43','Ut corrupti hic at sit sed. Consequatur et aut consequuntur consequuntur deleniti suscipit. Et nemo magnam quidem in eum.','http://www.nitzsche.biz/','1986-10-03 03:25:49','0000-00-00 00:00:00'),
('344','564','344','44','44','44','Eum voluptatem magnam quae odio omnis. A veniam et voluptatem totam. Voluptatum accusantium vel impedit qui animi incidunt repudiandae. Itaque optio asperiores incidunt quam magnam magnam.','http://www.strosin.com/','1979-06-25 06:03:28','0000-00-00 00:00:00'),
('345','565','345','45','45','45','Qui quia molestias voluptas ex ab est enim. Omnis placeat praesentium dolorem temporibus nisi ratione dolore. Aperiam beatae ut eos facere culpa cum eos. Culpa aut ut sunt consequuntur libero.','http://www.herzog.biz/','1973-06-11 07:57:33','0000-00-00 00:00:00'),
('346','566','346','46','46','46','Neque sint ut sint non. Tenetur ipsa consequatur natus sed ut eos est. Repellat repellendus nulla sunt placeat culpa sapiente.','http://www.mclaughlin.com/','1983-10-02 01:34:24','0000-00-00 00:00:00'),
('347','567','347','47','47','47','Adipisci molestiae repellat est ut debitis aut. Non est qui sunt ut in. Adipisci enim aut enim deserunt iure.','http://ratke.com/','2009-08-06 21:20:36','0000-00-00 00:00:00'),
('348','568','348','48','48','48','Itaque neque corrupti molestiae sed provident. Placeat sapiente illum perspiciatis nemo corrupti.','http://www.haucklindgren.com/','2000-11-26 17:04:19','0000-00-00 00:00:00'),
('349','569','349','49','49','49','Dolore molestiae rerum ducimus harum. Voluptatum est possimus eos ut officia sed fugit. Ipsam vitae totam libero aut nihil repudiandae nesciunt. Quod ut cum sed.','http://www.schaefer.com/','1972-07-28 18:54:19','0000-00-00 00:00:00'),
('350','571','350','50','50','50','Sint labore officiis reprehenderit voluptatem et impedit in. Natus voluptas sed ut a consequatur corporis. Et alias fugit alias quis.','http://barrowshoeger.com/','1970-01-24 14:56:59','0000-00-00 00:00:00'),
('351','572','351','51','51','51','Nulla vel at aliquam delectus nisi est. Optio expedita ea magnam veniam. Debitis facilis ut ipsum est omnis possimus. A nihil velit impedit quas earum neque.','http://ritchie.net/','2001-03-08 03:59:05','0000-00-00 00:00:00'),
('352','573','352','52','52','52','Aut quasi architecto dolor repellat a modi perferendis. Quos doloribus dolor ullam vero qui. Maiores reiciendis repellendus ullam consequuntur.','http://www.harvey.com/','1983-10-21 22:59:46','0000-00-00 00:00:00'),
('353','574','353','53','53','53','Dolores itaque ratione iure non praesentium ut sed voluptas. Id reprehenderit sit dolor repellat. Consequuntur est dolor nemo. Quod suscipit porro modi ratione quis reiciendis quo.','http://littlebosco.org/','1976-07-07 03:48:35','0000-00-00 00:00:00'),
('354','577','354','54','54','54','Voluptatem amet qui ut et qui dolor. Corrupti veritatis odio est ut inventore dolore. Sit suscipit et ut ullam aut quam. Exercitationem unde quia iure dolores quidem quo.','http://www.reichert.com/','1976-03-16 22:00:34','0000-00-00 00:00:00'),
('355','579','355','55','55','55','Velit at placeat distinctio. Molestiae deleniti qui magnam quia aut. Magni ea minus harum ea.','http://www.goldner.com/','1979-06-06 04:32:02','0000-00-00 00:00:00'),
('356','583','356','56','56','56','Vitae atque dignissimos architecto tempore nostrum est sed recusandae. Vero incidunt itaque distinctio quam harum. Nam atque reiciendis sed totam eos esse.','http://ward.com/','1996-12-03 21:15:22','0000-00-00 00:00:00'),
('357','585','357','57','57','57','Et et quidem impedit earum sint similique. Consectetur quasi quisquam cumque non doloremque quasi. Est minima quam in quia sapiente aut optio et.','http://www.emmerichdonnelly.com/','1980-12-19 04:43:50','0000-00-00 00:00:00'),
('358','586','358','58','58','58','Nisi doloribus asperiores repellendus ratione quas itaque. Ea dolores laborum et nihil. Sunt ut quis similique enim sit ipsam.','http://murrayhodkiewicz.net/','1998-03-14 20:10:10','0000-00-00 00:00:00'),
('359','587','359','59','59','59','Sunt distinctio sint et consequuntur. At consequatur veritatis omnis quo. Numquam quisquam sunt perferendis consectetur corporis consequatur. Dolor et fugit unde assumenda molestiae et.','http://www.jenkinsheathcote.com/','1977-11-24 11:46:44','0000-00-00 00:00:00'),
('360','590','360','60','60','60','Ut quibusdam dolore odio amet. Molestiae repellendus quidem maiores voluptas quos omnis itaque. Dolores optio omnis et corporis voluptas qui.','http://www.rennerkessler.com/','2014-04-13 11:49:25','0000-00-00 00:00:00'),
('361','594','361','61','61','61','Ex quidem enim assumenda quibusdam doloremque sint ipsam. Occaecati excepturi omnis est. Sed laudantium velit excepturi quis modi fugiat excepturi odit.','http://www.cartwright.org/','1997-11-11 12:29:34','0000-00-00 00:00:00'),
('362','595','362','62','62','62','Sit earum provident dolorum asperiores. Nihil adipisci possimus voluptatum quos pariatur ea. Et vitae sint illo error. Velit dignissimos assumenda quasi voluptatem itaque harum.','http://www.shanahan.org/','1992-05-14 03:40:58','0000-00-00 00:00:00'),
('363','597','363','63','63','63','Deserunt fugiat consequuntur consequuntur ut. Ut vel nostrum officia eaque quia. Voluptas impedit molestiae fuga ut ab.','http://www.legros.info/','1971-10-14 13:45:27','0000-00-00 00:00:00'),
('364','598','364','64','64','64','Accusamus et voluptatem voluptatem est corporis alias. Est id magni porro. Nihil soluta tempora itaque. Earum et et ut a enim mollitia id.','http://gerlach.com/','2005-05-16 04:33:07','0000-00-00 00:00:00'),
('365','599','365','65','65','65','Porro veritatis qui nostrum nobis atque. Et consectetur debitis blanditiis magni. Odio deleniti deleniti vel qui temporibus minus.','http://www.dach.net/','2018-09-14 05:25:44','0000-00-00 00:00:00'),
('366','600','366','66','66','66','Enim voluptates ex ipsum veritatis ipsum non. Qui debitis inventore tempore alias aspernatur at. Eaque quibusdam consequatur laborum quia accusantium. Expedita ut voluptas beatae.','http://www.dooley.org/','1996-05-26 04:17:59','0000-00-00 00:00:00'),
('367','601','367','67','67','67','Rerum rerum accusamus non. Molestiae officia hic maxime esse. Cumque earum earum sit provident eum.','http://osinskikuvalis.com/','1993-01-07 04:00:17','0000-00-00 00:00:00'),
('368','602','368','68','68','68','Exercitationem ducimus iusto qui vero aperiam ut ut voluptatem. Perspiciatis laborum velit debitis eveniet non eveniet quaerat laborum. Iste sed ratione hic.','http://hauck.com/','2005-12-21 23:39:47','0000-00-00 00:00:00'),
('369','603','369','69','69','69','Autem impedit perspiciatis distinctio maiores. Maxime et beatae voluptatem quibusdam quia minima. Corporis tenetur repellat accusantium. Odio sit vitae dolores.','http://www.williamson.com/','1975-08-23 05:45:03','0000-00-00 00:00:00'),
('370','605','370','70','70','70','Quasi velit numquam at odit molestiae. Rem odio quasi quod ut in deserunt. Itaque et quia pariatur dolore necessitatibus sit distinctio minima. Quasi et aut quaerat reiciendis.','http://bogan.com/','2011-09-13 23:29:55','0000-00-00 00:00:00'),
('371','607','371','71','71','71','Eos quos aut officia. Nam a omnis et quasi porro non. Eveniet ratione eos vel ipsum minima eveniet. Expedita eum voluptatem corporis voluptas repellendus quia.','http://conroy.com/','2002-10-29 00:21:24','0000-00-00 00:00:00'),
('372','608','372','72','72','72','Facilis non fuga dolores velit. Corporis qui hic in voluptatem qui est qui in. Id ullam doloremque ut laboriosam asperiores ad consequatur.','http://kunde.com/','1974-11-19 22:38:46','0000-00-00 00:00:00'),
('373','610','373','73','73','73','Quis ea qui in non. Ipsam et eum rerum occaecati ut dolore similique. Quae eos quas accusamus ducimus suscipit eos quisquam amet. Quia omnis laborum sit placeat voluptatem.','http://www.shieldsmorissette.com/','2002-02-22 09:24:25','0000-00-00 00:00:00'),
('374','611','374','74','74','74','Dolorem cupiditate ab non. Aut ut beatae quia nulla cum. Necessitatibus repudiandae qui ipsum quo.','http://www.armstrong.com/','1994-03-16 04:06:50','0000-00-00 00:00:00'),
('375','614','375','75','75','75','Natus numquam officiis dolore exercitationem sequi labore. Debitis voluptatibus omnis sed eveniet.','http://www.hopperowe.net/','1990-12-09 02:12:33','0000-00-00 00:00:00'),
('376','615','376','76','76','76','Eos ex velit sed sapiente magnam debitis aut. Labore ut perferendis accusantium placeat at facilis qui eius. Ut facere ipsa reiciendis qui voluptatem. Non assumenda repellendus expedita minus odit.','http://www.gleichnersawayn.biz/','1988-12-11 11:25:14','0000-00-00 00:00:00'),
('377','618','377','77','77','77','Odio est qui sed laborum consequatur nam. Qui quo vitae quidem ea tempora ut. Praesentium quia excepturi quidem veritatis voluptatem doloribus.','http://www.koepp.org/','1980-09-23 18:27:47','0000-00-00 00:00:00'),
('378','621','378','78','78','78','Nihil corporis minus aut aut id rerum amet. Architecto voluptatem eum non molestiae deleniti. Dolor omnis perferendis et quibusdam. Quidem dolorem aut dicta enim.','http://cassin.net/','2007-09-25 05:08:22','0000-00-00 00:00:00'),
('379','623','379','79','79','79','Numquam unde similique expedita. Quo eos ea saepe in. Qui unde eius ut. Architecto eum non exercitationem molestiae eaque modi quam. Consequatur mollitia tempore facere placeat qui.','http://www.harvey.biz/','2011-08-02 03:59:18','0000-00-00 00:00:00'),
('380','624','380','80','80','80','Culpa rem et non excepturi earum quo temporibus ut. Quae sit quos aut pariatur odio enim. Provident eaque consequatur accusantium asperiores harum ipsum voluptate.','http://www.rath.com/','1985-10-28 11:55:42','0000-00-00 00:00:00'),
('381','625','381','81','81','81','Et ea illum unde quas magni ipsum dolores assumenda. Explicabo a qui amet id. Inventore nam labore tempore. Aut qui ut minus.','http://www.sawayn.com/','1996-01-30 07:40:38','0000-00-00 00:00:00'),
('382','626','382','82','82','82','Vel ea eos sit incidunt ea dolores. A magni eaque nam ut. Est et modi sit facere aut. Nihil nihil et inventore tenetur recusandae facere.','http://www.tremblay.info/','1996-12-17 14:19:24','0000-00-00 00:00:00'),
('383','627','383','83','83','83','Aspernatur quia repudiandae impedit deleniti libero ab labore. Et ipsa et aperiam. Quia fugit maxime occaecati aut sapiente sit corrupti. Totam dolor voluptate quisquam dolorem.','http://stiedemann.com/','1999-03-15 23:36:47','0000-00-00 00:00:00'),
('384','628','384','84','84','84','Ad deserunt temporibus voluptatem rerum odio. Voluptates eum sed deleniti ex laboriosam modi omnis. Asperiores iure dolor occaecati maiores mollitia.','http://www.yost.com/','2012-04-04 19:18:00','0000-00-00 00:00:00'),
('385','629','385','85','85','85','Non voluptatem delectus reiciendis nulla similique. Voluptas sint quibusdam blanditiis ad. Laborum quia corporis deleniti error.','http://www.hudsonheidenreich.com/','1988-02-01 11:01:28','0000-00-00 00:00:00'),
('386','633','386','86','86','86','Iste non ullam consequatur numquam eligendi quo eligendi. Numquam qui tempore odio eos ut eos.','http://www.townelemke.org/','2006-06-22 17:43:59','0000-00-00 00:00:00'),
('387','635','387','87','87','87','Alias doloribus excepturi distinctio. Qui dolorum vel velit fugiat. Ad soluta dolorem rerum nihil.','http://lefflerquigley.com/','1978-10-19 10:12:55','0000-00-00 00:00:00'),
('388','636','388','88','88','88','Ut natus totam dolorum ad vel quidem labore. Sapiente consectetur maxime dolores eos quia.','http://runte.com/','1987-11-23 15:07:01','0000-00-00 00:00:00'),
('389','637','389','89','89','89','Dolorem perspiciatis ut soluta adipisci. Facilis consequuntur deleniti quae hic. Nisi dolor doloremque tempora et quos non sunt.','http://www.schmidt.com/','2007-05-24 16:58:49','0000-00-00 00:00:00'),
('390','644','390','90','90','90','Porro autem voluptas sed rerum quia soluta voluptatem aspernatur. Ullam ipsum ipsum labore minima mollitia laboriosam quo. Et non id a impedit error rerum. Amet fuga ut atque facere.','http://www.oharawiza.com/','1987-04-02 03:06:14','0000-00-00 00:00:00'),
('391','646','391','91','91','91','Natus ea aspernatur eum aliquid vitae deleniti. Id quas quasi itaque nulla ab molestias nihil. Ipsam tempore ut voluptatem quia atque. Quia a iste consectetur et cumque aut sed aut.','http://goldnergreenholt.info/','1997-06-12 08:26:03','0000-00-00 00:00:00'),
('392','647','392','92','92','92','Sint omnis nulla corrupti quae itaque. Explicabo perspiciatis velit dolorum possimus qui accusantium.','http://www.reingerflatley.com/','1996-05-10 12:16:17','0000-00-00 00:00:00'),
('393','648','393','93','93','93','Voluptatem nulla id voluptas recusandae. Suscipit repellendus perspiciatis consequuntur iure temporibus. Fugiat illum rerum laboriosam suscipit enim aspernatur sint.','http://bartonconsidine.biz/','1970-05-03 16:35:32','0000-00-00 00:00:00'),
('394','652','394','94','94','94','Cupiditate voluptas sit qui eius atque natus. Fuga vitae doloremque est maxime. Soluta cumque quo asperiores et quia. Quidem minima voluptas eveniet provident iste nemo at explicabo.','http://mertz.net/','2013-05-07 13:15:41','0000-00-00 00:00:00'),
('395','653','395','95','95','95','Ullam similique rerum nostrum eius eligendi. Dolorum cupiditate quibusdam nostrum temporibus sed est nisi. Iusto similique illum exercitationem consequatur incidunt molestias non.','http://www.raynormertz.org/','1994-01-01 05:43:39','0000-00-00 00:00:00'),
('396','654','396','96','96','96','Distinctio minus quaerat non saepe esse. Officiis est dolorem eveniet nihil ipsam.','http://www.daugherty.com/','2007-10-30 06:19:35','0000-00-00 00:00:00'),
('397','658','397','97','97','97','Officiis natus autem sunt et quae a dolor. Quae eos reiciendis molestiae harum sequi. Sed vel qui nobis rerum consequatur id atque nobis. Error tempore et vitae eos et architecto et.','http://www.brownweber.com/','2020-02-07 02:47:07','0000-00-00 00:00:00'),
('398','660','398','98','98','98','Quibusdam quod error vel. Animi ut quia ut non voluptates eius illo qui. Illum placeat odio amet. Doloremque facilis esse soluta quia odio assumenda minus.','http://www.buckridgeblock.org/','2014-07-08 18:49:56','0000-00-00 00:00:00'),
('399','661','399','99','99','99','Omnis labore cupiditate ea quod qui. Sint quam ea et ut. Est eius labore minus et sit.','http://www.vonrueden.info/','2012-07-09 05:23:53','0000-00-00 00:00:00'),
('400','665','400','100','100','100','Velit autem aut officia vel. Exercitationem laboriosam quae voluptatem. Voluptatem id autem iure minima omnis. Deleniti repudiandae quidem architecto.','http://www.auerconnelly.info/','2009-04-26 04:39:25','0000-00-00 00:00:00'); 


DROP TABLE IF EXISTS `photo_albums`;
CREATE TABLE `photo_albums` (
  `id` bigint(20) unsigned NOT NULL AUTO_INCREMENT,
  `name` varchar(255) COLLATE utf8_unicode_ci DEFAULT NULL,
  `user_id` bigint(20) unsigned DEFAULT NULL,
  PRIMARY KEY (`id`),
  UNIQUE KEY `id` (`id`),
  KEY `user_id` (`user_id`),
  CONSTRAINT `photo_albums_ibfk_1` FOREIGN KEY (`user_id`) REFERENCES `users` (`id`)
) ENGINE=InnoDB AUTO_INCREMENT=51 DEFAULT CHARSET=utf8 COLLATE=utf8_unicode_ci;

INSERT INTO `photo_albums` VALUES ('1','qui','501'),
('2','sunt','502'),
('3','expedita','503'),
('4','quam','504'),
('5','id','505'),
('6','quam','506'),
('7','beatae','508'),
('8','quos','509'),
('9','ipsum','510'),
('10','aut','512'),
('11','et','517'),
('12','quibusdam','518'),
('13','asperiores','519'),
('14','in','520'),
('15','ex','521'),
('16','soluta','523'),
('17','similique','524'),
('18','et','525'),
('19','est','526'),
('20','tempore','529'),
('21','molestiae','530'),
('22','doloremque','531'),
('23','sit','535'),
('24','tempore','537'),
('25','ut','538'),
('26','error','539'),
('27','consectetur','540'),
('28','impedit','541'),
('29','est','542'),
('30','culpa','543'),
('31','qui','544'),
('32','et','545'),
('33','dolor','546'),
('34','commodi','547'),
('35','ab','548'),
('36','molestiae','552'),
('37','qui','553'),
('38','voluptatem','556'),
('39','et','557'),
('40','veniam','561'),
('41','laudantium','562'),
('42','rem','564'),
('43','architecto','565'),
('44','esse','566'),
('45','libero','567'),
('46','nostrum','568'),
('47','ducimus','569'),
('48','modi','571'),
('49','laborum','572'),
('50','ipsam','573'); 


DROP TABLE IF EXISTS `photos`;
CREATE TABLE `photos` (
  `id` bigint(20) unsigned NOT NULL AUTO_INCREMENT,
  `album_id` bigint(20) unsigned NOT NULL,
  `media_id` bigint(20) unsigned NOT NULL,
  PRIMARY KEY (`id`),
  KEY `album_id` (`album_id`),
  KEY `media_id` (`media_id`),
  CONSTRAINT `photos_ibfk_1` FOREIGN KEY (`album_id`) REFERENCES `photo_albums` (`id`),
  CONSTRAINT `photos_ibfk_2` FOREIGN KEY (`media_id`) REFERENCES `media` (`id`)
) ENGINE=InnoDB AUTO_INCREMENT=101 DEFAULT CHARSET=utf8 COLLATE=utf8_unicode_ci;

INSERT INTO `photos` VALUES ('1','1','1'),
('2','2','2'),
('3','3','3'),
('4','4','4'),
('5','5','5'),
('6','6','6'),
('7','7','7'),
('8','8','8'),
('9','9','9'),
('10','10','10'),
('11','11','11'),
('12','12','12'),
('13','13','13'),
('14','14','14'),
('15','15','15'),
('16','16','16'),
('17','17','17'),
('18','18','18'),
('19','19','19'),
('20','20','20'),
('21','21','21'),
('22','22','22'),
('23','23','23'),
('24','24','24'),
('25','25','25'),
('26','26','26'),
('27','27','27'),
('28','28','28'),
('29','29','29'),
('30','30','30'),
('31','31','31'),
('32','32','32'),
('33','33','33'),
('34','34','34'),
('35','35','35'),
('36','36','36'),
('37','37','37'),
('38','38','38'),
('39','39','39'),
('40','40','40'),
('41','41','41'),
('42','42','42'),
('43','43','43'),
('44','44','44'),
('45','45','45'),
('46','46','46'),
('47','47','47'),
('48','48','48'),
('49','49','49'),
('50','50','50'),
('51','1','51'),
('52','2','52'),
('53','3','53'),
('54','4','54'),
('55','5','55'),
('56','6','56'),
('57','7','57'),
('58','8','58'),
('59','9','59'),
('60','10','60'),
('61','11','61'),
('62','12','62'),
('63','13','63'),
('64','14','64'),
('65','15','65'),
('66','16','66'),
('67','17','67'),
('68','18','68'),
('69','19','69'),
('70','20','70'),
('71','21','71'),
('72','22','72'),
('73','23','73'),
('74','24','74'),
('75','25','75'),
('76','26','76'),
('77','27','77'),
('78','28','78'),
('79','29','79'),
('80','30','80'),
('81','31','81'),
('82','32','82'),
('83','33','83'),
('84','34','84'),
('85','35','85'),
('86','36','86'),
('87','37','87'),
('88','38','88'),
('89','39','89'),
('90','40','90'),
('91','41','91'),
('92','42','92'),
('93','43','93'),
('94','44','94'),
('95','45','95'),
('96','46','96'),
('97','47','97'),
('98','48','98'),
('99','49','99'),
('100','50','100'); 


DROP TABLE IF EXISTS `profiles`;
CREATE TABLE `profiles` (
  `user_id` bigint(20) unsigned NOT NULL AUTO_INCREMENT,
  `gender` char(1) COLLATE utf8_unicode_ci DEFAULT NULL,
  `birthday` date DEFAULT NULL,
  `photo_id` bigint(20) unsigned DEFAULT NULL,
  `created_at` datetime DEFAULT current_timestamp(),
  `hometown` varchar(100) COLLATE utf8_unicode_ci DEFAULT NULL,
  PRIMARY KEY (`user_id`),
  KEY `photo_id` (`photo_id`),
  CONSTRAINT `fk_user_id` FOREIGN KEY (`user_id`) REFERENCES `users` (`id`) ON DELETE NO ACTION ON UPDATE CASCADE,
  CONSTRAINT `profiles_ibfk_1` FOREIGN KEY (`photo_id`) REFERENCES `media` (`id`)
) ENGINE=InnoDB AUTO_INCREMENT=1001 DEFAULT CHARSET=utf8 COLLATE=utf8_unicode_ci;

INSERT INTO `profiles` VALUES ('501','M','1975-09-23','1','2003-07-06 17:34:00','Heathcoteport'),
('502','M','2016-05-20','2','1982-09-01 14:31:06','Sincereside'),
('503','M','1987-11-24','3','2018-05-11 13:24:27','North Dakota'),
('504','M','1986-07-26','4','2018-09-17 01:02:39','East Alexandre'),
('505','M','2002-07-11','5','1996-08-21 10:10:35','New Devinshire'),
('506','D','1989-05-30','6','1987-11-13 21:50:10','Jamaalland'),
('508','P','1989-10-07','8','2006-03-19 15:37:38','West Genesis'),
('509','P','1995-01-01','9','2011-03-14 15:50:05','Lake Coreneburgh'),
('510','M','2001-11-17','10','1990-03-03 18:16:59','Bransonchester'),
('512','P','2018-03-20','12','1995-03-12 00:43:18','North Marilyneland'),
('517','M','1972-04-19','17','2001-06-04 04:23:43','South Meaganshire'),
('518','P','2014-04-11','18','2004-12-27 23:53:19','East Imogeneshire'),
('519','P','1970-01-22','19','2018-02-19 22:14:15','Collinsport'),
('520','D','1974-08-24','20','2001-12-15 18:40:27','West Maggie'),
('521','D','2013-06-17','21','1999-12-29 01:24:10','Colemouth'),
('523','M','1974-02-09','23','1992-10-13 06:05:19','New Jerrellton'),
('524','D','2008-04-05','24','1972-11-28 16:24:37','Ryanchester'),
('525','M','1992-10-22','25','1980-12-15 09:08:41','South Bernhardmouth'),
('526','D','1974-06-10','26','1986-01-23 23:55:34','Artburgh'),
('529','M','2008-02-11','29','1979-06-20 02:50:19','East Cobyville'),
('530','D','1993-10-31','30','1975-11-07 14:29:22','Bogisichchester'),
('531','M','1991-11-25','31','2015-12-30 05:27:38','West Josueburgh'),
('535','P','2017-05-01','35','2001-02-14 01:57:26','Port Noraville'),
('537','M','2006-10-19','37','1977-01-26 22:59:21','Maritzafort'),
('538','D','1987-12-26','38','2005-07-17 14:44:00','West Andytown'),
('539','M','1986-09-08','39','1987-01-24 13:10:32','Lake Myronview'),
('540','P','2010-11-18','40','1981-04-24 08:40:29','Zulaufmouth'),
('541','P','1998-05-03','41','1990-04-11 08:38:11','Juliechester'),
('542','D','2002-01-09','42','1990-07-20 17:01:29','West Melissahaven'),
('543','P','1984-09-11','43','1973-09-16 06:56:53','South Rebekastad'),
('544','D','2001-04-28','44','1994-04-18 02:53:24','Lehnermouth'),
('545','P','2019-04-17','45','1994-06-28 04:46:53','South Angie'),
('546','P','2010-11-11','46','2013-03-28 06:12:58','Jaceyville'),
('547','M','1989-08-10','47','2005-08-27 19:08:20','Lake Winstonborough'),
('548','P','1976-07-28','48','1980-10-12 20:43:36','South Cierraside'),
('552','M','1977-08-31','52','1978-02-28 01:53:55','Port Bradly'),
('553','M','2019-11-30','53','2017-10-02 10:23:58','North Deven'),
('556','M','1992-02-16','56','1989-08-19 20:05:17','Bryonview'),
('557','M','1977-07-11','57','1975-02-15 15:51:52','Walshfort'),
('561','P','1992-12-03','61','2019-01-26 01:13:25','Port Ayana'),
('562','P','2005-03-29','62','1999-02-04 18:15:26','New Rylee'),
('564','D','1989-02-23','64','2003-02-28 18:23:19','North Zackeryside'),
('565','D','2003-02-17','65','2018-03-31 03:03:41','Port Brittany'),
('566','M','2008-01-29','66','1973-08-07 15:17:37','Sauerhaven'),
('567','P','1987-04-24','67','1998-08-04 05:19:31','Murazikburgh'),
('568','D','1974-01-03','68','2013-08-12 16:30:46','Gulgowskiberg'),
('569','M','1997-08-13','69','2002-04-07 07:43:52','Ortizland'),
('571','M','1981-08-01','71','2001-11-28 16:24:40','Jamalport'),
('572','M','2002-01-13','72','1972-11-04 03:09:53','West Dougview'),
('573','M','1974-01-21','73','2007-04-16 18:13:30','New Bryceport'),
('574','M','1988-07-13','74','1976-10-29 20:10:40','Reichertmouth'),
('577','D','2008-02-01','77','1979-04-15 08:52:46','Port Markus'),
('579','M','1979-06-25','79','2017-07-24 03:56:05','South Carmelo'),
('583','D','1996-12-14','83','2003-12-10 14:05:50','Shayneside'),
('585','M','1998-03-27','85','2009-01-08 14:56:56','West Rebecashire'),
('586','M','1995-05-06','86','2016-08-30 10:26:28','North Lewisside'),
('587','P','2018-08-25','87','1992-05-04 16:10:38','Hellerbury'),
('590','P','2007-12-15','90','2001-01-24 07:39:50','Loweberg'),
('594','P','1992-04-14','94','1977-09-18 03:30:33','Hammesborough'),
('595','P','1989-02-02','95','1997-09-28 03:32:32','North Citlalliburgh'),
('597','D','2016-06-24','97','1997-05-24 03:52:38','East Patsy'),
('598','P','1995-12-23','98','1979-07-22 13:07:27','Port Alexandro'),
('599','M','2016-08-17','99','1986-08-05 16:27:24','Trinitymouth'),
('600','M','2012-09-21','100','1979-01-01 02:18:46','Muellermouth'),
('601','D','2011-09-09','101','1972-05-24 03:24:53','South Graciela'),
('602','M','1994-11-14','102','1991-06-09 05:18:37','Bernitafurt'),
('603','D','1993-09-21','103','2010-07-29 04:14:12','South Sandyview'),
('605','M','2004-12-02','105','1984-02-05 20:41:39','Port Astridville'),
('607','M','2001-06-08','107','2005-10-21 04:53:21','East Goldahaven'),
('608','M','2008-07-05','108','1976-01-20 18:55:02','South Amparoton'),
('610','M','2017-03-17','110','2015-11-22 17:21:09','Port Karen'),
('611','M','1973-07-09','111','2010-05-14 02:07:02','Hazelmouth'),
('614','P','1986-10-30','114','1988-01-24 23:02:19','North Valentinehaven'),
('615','D','2014-04-11','115','2008-08-30 23:42:54','Kshlerinbury'),
('618','M','1994-03-07','118','2002-12-24 09:43:49','New Colemanberg'),
('621','D','1985-09-06','121','1973-07-02 01:50:14','Nikolauschester'),
('623','M','1983-03-07','123','1995-02-09 11:56:20','Sincerestad'),
('624','P','1996-07-11','124','1988-06-17 10:37:08','Port Syble'),
('625','D','1995-06-19','125','2014-06-29 21:49:24','West Michelle'),
('626','M','2001-05-24','126','2006-01-31 22:07:16','Josieside'),
('627','D','2001-05-11','127','1975-09-10 20:58:26','Eugeniafort'),
('628','M','1975-06-09','128','1976-06-18 00:30:15','Lake Eleonore'),
('629','M','2019-06-30','129','2003-05-23 16:32:01','New Ophelia'),
('633','P','1990-08-27','133','1997-05-23 22:02:31','South Nonaport'),
('635','D','1973-11-27','135','1973-09-29 05:15:12','Kuphalmouth'),
('636','M','1983-05-07','136','1980-12-23 04:37:57','Batzstad'),
('637','D','1987-07-15','137','1992-03-08 01:09:14','North Jameyberg'),
('644','D','1973-07-16','144','2013-12-28 19:44:03','New Alvera'),
('646','M','2008-12-28','146','1996-05-17 15:28:19','West Jakaylabury'),
('647','P','1981-11-26','147','1978-04-10 01:10:50','Wehnerfort'),
('648','P','1976-02-26','148','2012-06-04 00:01:38','West Demarcus'),
('652','P','1976-03-22','152','1993-11-23 06:34:14','North Lilyanport'),
('653','M','1970-11-12','153','1976-09-18 07:22:50','East Colin'),
('654','M','2007-01-12','154','1993-02-15 21:43:11','Lake Myah'),
('658','M','2007-12-26','158','2000-07-23 14:25:11','East Shadmouth'),
('660','P','1979-04-04','160','1996-08-11 18:03:41','East Quincyfort'),
('661','D','1980-01-06','161','1991-06-13 22:17:18','North Agnes'),
('665','M','2000-04-28','165','2013-03-08 12:40:14','Deliamouth'),
('668','D','2012-11-27','168','1995-08-30 14:52:16','West Mabellefort'),
('669','M','1991-12-20','169','2004-01-25 16:31:39','East Floy'),
('670','P','2004-05-18','170','1970-02-01 00:58:10','West Lisetteborough'),
('671','D','2014-08-13','171','1978-02-12 04:44:34','Lake Kylastad'),
('673','M','1987-03-09','173','1975-04-30 05:12:06','North Kattie'),
('674','M','2006-07-19','174','1995-12-05 05:33:20','Laurelbury'),
('675','P','2014-10-08','175','1974-11-03 05:46:41','Zechariahville'),
('676','M','2012-10-20','176','1986-12-12 05:57:17','Ameliechester'),
('677','D','1971-07-07','177','1972-05-09 02:58:08','South Jettbury'),
('678','P','1987-06-07','178','1977-09-22 08:40:37','Ziemeshire'),
('680','P','2005-08-10','180','2011-06-22 13:27:11','Ewellfurt'),
('681','M','1993-02-11','181','1974-09-26 12:28:01','North Francisca'),
('683','D','2006-12-16','183','2011-09-25 04:08:15','South Rupertton'),
('684','M','1972-01-02','184','1972-09-12 01:27:53','New Traceymouth'),
('685','M','1981-08-09','185','2006-01-12 18:12:05','West Keara'),
('686','P','1978-05-28','186','2008-07-03 17:48:36','South Mossie'),
('690','M','2005-05-23','190','1996-03-26 14:15:16','Octaviafort'),
('691','P','2001-05-11','191','1997-12-07 01:11:14','Lindgrenton'),
('692','M','1992-08-19','192','2003-01-17 05:53:06','South Marianport'),
('693','M','2007-04-07','193','1997-10-17 04:15:50','Mackchester'),
('694','D','1989-04-30','194','1977-11-25 23:33:44','Port Damienchester'),
('697','D','1976-07-15','197','1976-08-20 05:11:04','Port Jamir'),
('700','M','1996-11-14','200','2016-01-28 17:23:58','New Stella'),
('701','M','1974-12-30','201','2005-08-03 03:29:13','Port Agustinstad'),
('702','M','1976-03-29','202','2009-09-01 17:30:26','Trentonshire'),
('703','P','1987-11-02','203','2011-12-28 15:50:05','Shanyberg'),
('704','M','1988-07-06','204','1998-09-14 06:37:23','New Krystinaport'),
('707','M','1990-08-29','207','2009-02-27 16:02:53','East Lazaroshire'),
('709','M','1994-03-07','209','2015-12-07 10:56:13','New Merle'),
('712','P','2006-08-24','212','2008-09-06 11:46:31','Nedtown'),
('713','P','2007-06-30','213','2011-03-12 11:15:47','West Tristinbury'),
('718','P','1988-05-24','218','1973-06-19 03:06:26','Hansenburgh'),
('719','D','1971-06-06','219','1971-08-24 20:25:34','South Buck'),
('720','P','1985-05-13','220','1997-02-10 21:14:00','Port Judeberg'),
('721','M','1999-04-16','221','1988-10-09 14:21:17','Nicolasfurt'),
('722','D','2002-11-21','222','1986-11-24 05:53:30','West Lauryland'),
('723','P','1975-06-16','223','1971-09-25 05:43:09','Port Micaelaland'),
('725','D','1971-10-30','225','1981-02-13 18:34:54','East Halieborough'),
('727','P','1999-09-03','227','2013-02-04 08:29:21','New Alessandrafort'),
('729','P','2015-08-03','229','1978-11-23 00:11:36','West Euna'),
('731','P','2004-05-20','231','1998-09-18 05:40:50','Lake Adelemouth'),
('732','M','1997-04-12','232','2005-11-23 18:42:28','Kemmerburgh'),
('733','M','1994-08-06','233','1988-01-12 08:29:18','North Daphnee'),
('737','D','1974-09-26','237','2019-06-02 10:10:56','Mariebury'),
('738','P','1981-11-05','238','2014-12-29 16:09:28','Pinkiehaven'),
('740','D','2011-01-31','240','1973-12-18 05:50:29','East Pamela'),
('742','M','2013-09-12','242','1986-12-01 07:18:08','Janicehaven'),
('745','D','2006-07-13','245','2000-07-07 10:21:54','Lake Sharonhaven'),
('746','P','2015-02-12','246','1976-10-19 03:35:30','Jeniferbury'),
('747','M','1975-01-18','247','2012-05-14 03:42:48','Amyport'),
('749','M','2019-09-28','249','2019-04-25 14:32:20','Samarafurt'),
('750','M','2013-06-13','250','1999-09-15 09:10:15','Runteland'),
('751','M','2010-12-06','251','2003-11-12 22:37:40','West Zolaburgh'),
('752','M','2010-08-24','252','2005-07-26 21:30:19','North Quinn'),
('753','D','2008-03-19','253','2000-02-19 00:16:32','Carleeton'),
('757','M','1972-04-15','257','1980-01-19 12:26:06','West Gunner'),
('758','M','2009-03-17','258','2011-06-21 19:16:21','Morissetteshire'),
('759','P','2002-01-26','259','1978-03-01 06:16:02','Garrickside'),
('760','M','2009-12-26','260','1982-06-01 12:06:17','Watersburgh'),
('761','M','1981-02-09','261','1993-07-10 05:06:01','Ernserton'),
('762','M','2005-08-22','262','2014-12-02 04:42:38','South Jeanie'),
('763','D','1988-12-12','263','1990-09-14 02:28:14','Winonahaven'),
('765','P','2017-01-26','265','2011-05-20 04:58:38','Marilyneport'),
('767','D','2003-11-08','267','2019-05-02 21:29:16','North Reanna'),
('768','P','1984-06-22','268','1993-06-22 22:17:16','Lake Ashlee'),
('769','M','2011-01-11','269','2008-10-11 14:55:09','Macejkovicburgh'),
('771','D','2007-04-24','271','1989-05-08 19:10:32','West Karafort'),
('772','M','1998-05-11','272','1975-08-16 19:47:34','Zacheryview'),
('773','M','1984-10-26','273','1980-04-19 13:33:36','Port Waldo'),
('776','P','2006-07-09','276','2017-03-29 15:23:03','Lake Dusty'),
('777','P','1988-03-26','277','1976-10-25 05:17:55','Hammesfurt'),
('778','P','1982-02-14','278','1981-12-21 21:36:19','East Asa'),
('781','P','2013-02-15','281','2008-04-22 10:45:58','South Grover'),
('782','D','2011-06-16','282','2003-01-09 01:30:51','Jacobiberg'),
('784','P','1997-05-02','284','1997-05-05 02:18:07','Madilynburgh'),
('785','M','1977-09-23','285','1983-12-14 18:23:24','South Dolorestown'),
('786','M','1971-11-12','286','2003-12-20 04:02:37','Dejonmouth'),
('787','M','1976-12-12','287','2005-10-30 17:43:59','Lake Kara'),
('788','P','2014-12-22','288','1994-08-20 02:45:38','Port Mallorybury'),
('790','M','1986-01-27','290','2012-07-12 06:35:07','Murphyview'),
('791','D','2000-02-23','291','2014-12-20 06:33:03','Lake Antonio'),
('792','M','1980-09-22','292','1971-09-20 07:21:31','Lake Charity'),
('795','D','1977-10-02','295','1991-04-22 04:58:19','Altheafurt'),
('796','P','1977-12-17','296','1993-06-25 23:43:23','Rahsaanside'),
('797','M','1985-07-01','297','2003-02-12 12:45:24','Lake Macieborough'),
('798','D','2006-04-02','298','2014-05-20 16:18:48','Wildermanburgh'),
('799','M','2004-02-01','299','2006-11-19 16:06:17','Lake Norbertberg'),
('800','M','1970-03-14','300','2016-03-31 20:09:30','Hopefort'),
('803','D','2015-03-05','303','1998-09-03 13:03:32','Jadeview'),
('805','P','1983-12-31','305','1983-08-10 13:19:38','West Taya'),
('806','M','1981-01-10','306','2000-01-21 18:16:33','McLaughlinbury'),
('807','M','1987-11-14','307','1979-10-04 14:25:28','Irmachester'),
('808','D','1983-02-13','308','1982-09-17 03:33:23','Kovacekborough'),
('811','M','2002-05-13','311','1997-02-21 04:34:10','East Leonora'),
('815','M','2008-04-12','315','1993-08-13 23:38:36','South Audreanne'),
('816','D','1996-08-17','316','2019-08-03 03:35:26','Angieview'),
('818','D','1999-06-26','318','2017-07-31 12:10:04','Marquardtville'),
('819','P','1991-05-09','319','2017-06-29 01:36:04','East Horacio'),
('820','P','1974-02-19','320','1996-01-28 15:32:45','New Joaquin'),
('821','P','1972-08-10','321','1990-11-14 08:54:31','Earnestmouth'),
('822','M','1986-04-14','322','1993-01-18 14:44:02','Strosinbury'),
('823','D','1996-02-05','323','1977-06-26 00:30:41','East Marcofurt'),
('828','P','1993-10-10','328','2004-10-26 16:23:10','South Buford'),
('829','M','1984-01-14','329','1987-04-25 16:54:59','Franeckistad'),
('831','P','1984-05-09','331','1972-10-03 20:48:37','Antonettashire'),
('832','M','1997-02-24','332','1994-04-02 15:44:05','New Tyresemouth'),
('833','D','1988-03-22','333','2013-02-12 02:49:27','Port Ike'),
('836','M','1991-03-07','336','1988-02-17 17:32:14','Rhiannonport'),
('842','D','1984-08-28','342','1975-01-12 07:47:28','Port Florida'),
('844','D','2011-01-18','344','1982-10-20 09:30:15','West Deannaton'),
('845','D','1988-12-02','345','1971-02-13 12:06:35','New Kaelaton'),
('846','P','1988-10-29','346','1987-11-09 22:20:14','East Lysanneport'),
('848','D','1981-01-10','348','1970-01-26 21:56:50','Sandrineside'),
('849','P','1996-08-25','349','1978-10-16 18:24:20','West Joaquinland'),
('850','M','1995-04-15','350','1975-06-01 12:40:02','New Skylarburgh'),
('851','P','1994-06-01','351','2000-09-18 14:02:37','Parkerbury'),
('857','P','1993-11-06','357','2017-05-29 05:33:08','Clarabellebury'),
('859','M','1997-08-28','359','2008-10-07 06:34:36','West Chasity'),
('860','P','1992-11-23','360','2005-12-17 08:22:33','Donnellybury'),
('861','P','1995-04-05','361','2016-03-30 21:37:23','Zeldashire'),
('862','P','2003-10-20','362','2009-04-09 11:00:53','South Joyceville'),
('863','P','2008-09-21','363','1991-07-20 02:17:50','Chelseyport'),
('864','P','1974-04-30','364','1981-03-01 03:16:36','Zoestad'),
('869','P','2001-01-26','369','2018-12-10 16:01:03','West Lukasfurt'),
('870','P','2011-04-04','370','1984-04-24 03:54:55','Adantown'),
('871','M','2000-11-18','371','1973-10-27 16:45:59','West Bessieland'),
('872','D','1999-07-05','372','1999-11-23 04:26:43','Lake Ambrose'),
('876','D','1987-04-09','376','2000-11-08 09:19:22','Port Chaddside'),
('877','D','2012-05-27','377','1985-01-30 20:50:12','East Osborne'),
('883','M','1990-12-30','383','1970-02-15 00:52:09','Rosemariestad'),
('885','P','1994-01-02','385','1985-07-12 18:05:01','South Jamieberg'),
('887','M','1989-06-30','387','1979-04-02 13:59:34','East Marques'),
('888','P','2013-04-13','388','1985-11-16 13:29:23','North Lauriane'),
('889','M','1991-04-20','389','1986-11-29 12:33:54','Kulasport'),
('891','P','2008-03-23','391','1983-10-04 17:40:07','Turnertown'),
('892','M','1998-11-27','392','1988-04-22 17:41:26','North Marjory'),
('893','D','2006-07-02','393','1974-03-18 05:53:49','West Dasia'),
('895','M','1973-04-15','395','2002-01-07 03:40:46','North Nameberg'),
('901','P','2013-07-19','401','1984-09-03 19:04:07','North Kentonside'),
('902','M','2004-11-21','402','2007-11-11 13:59:28','South Raystad'),
('903','D','2019-05-02','403','1983-08-16 01:49:39','Lake Lauryn'),
('905','P','2002-12-31','405','1980-11-14 06:29:50','Gregoryville'),
('906','M','2016-06-27','406','1993-11-16 11:37:52','Jerroldtown'),
('909','D','2015-05-01','409','2018-11-22 16:53:41','Mackstad'),
('910','M','2014-04-26','410','1974-09-16 22:22:29','Wardbury'),
('911','P','1978-03-22','411','2001-05-05 00:27:54','South Ally'),
('912','P','1975-09-28','412','1976-06-17 19:37:25','New Andersonport'),
('913','M','1977-05-23','413','2013-06-15 23:12:45','New Jane'),
('914','M','1975-09-09','414','2005-11-05 22:38:00','South Maxwellshire'),
('915','M','2002-02-15','415','2000-05-31 20:58:18','Gileshaven'),
('917','M','1996-02-26','417','1999-09-09 10:01:36','East Rose'),
('918','M','1980-12-09','418','1977-05-04 16:08:10','Port Roslyn'),
('919','M','1972-09-19','419','2000-09-20 21:49:43','New Tessie'),
('920','P','1997-06-28','420','2010-03-11 06:34:15','Kulasstad'),
('921','M','2016-08-01','421','1979-12-28 17:20:48','South Delfinaborough'),
('923','D','1992-01-14','423','2007-07-08 05:07:08','Jeanside'),
('924','P','1989-06-22','424','2009-02-23 23:24:27','Mullerview'),
('925','P','2015-11-25','425','1988-04-14 09:09:38','West Curtis'),
('926','P','1997-04-04','426','2013-06-09 14:47:59','Tamiaton'),
('929','M','2005-07-06','429','2003-02-21 22:50:05','Nayeliberg'),
('930','M','1989-08-07','430','2010-03-01 14:55:26','Port Tremayne'),
('931','D','1997-04-15','431','1996-11-04 00:42:14','West Jaylenmouth'),
('932','D','1999-02-24','432','1995-04-08 04:26:17','South Ian'),
('933','M','2008-11-28','433','1975-10-12 18:28:14','Danikaburgh'),
('936','M','1987-07-21','436','2002-02-05 16:54:19','Lake Mariana'),
('940','M','1989-05-17','440','1972-06-12 21:50:46','Schmelermouth'),
('943','M','2007-05-02','443','1975-05-10 12:30:18','Ebertberg'),
('944','P','1980-01-07','444','1989-04-21 05:34:54','Towneport'),
('945','M','1974-03-19','445','1987-01-31 00:56:24','Hilpertburgh'),
('947','M','1978-11-15','447','1972-03-20 05:04:04','Windlermouth'),
('948','P','1971-02-09','448','1994-09-06 18:26:16','East Hopetown'),
('950','D','1975-08-03','450','2000-05-09 14:25:19','Lake Merlton'),
('951','M','2016-11-29','451','1980-11-07 10:58:48','Moenton'),
('953','P','2013-09-28','453','1979-06-19 02:25:05','Goyetteberg'),
('955','M','1988-08-18','455','1977-05-17 14:19:07','Kariport'),
('956','M','2000-01-13','456','2010-02-24 11:56:34','South Anitaborough'),
('957','P','1970-06-14','457','2017-08-23 03:18:40','Kuhnmouth'),
('958','M','2004-02-06','458','2002-05-27 18:15:42','Lake Connie'),
('960','M','2016-07-16','460','2009-08-31 03:15:12','West Otha'),
('961','P','1978-01-16','461','1988-11-18 11:29:13','East Fletchermouth'),
('964','M','2003-01-07','464','2014-10-08 03:34:17','Rahsaanhaven'),
('965','D','1990-06-24','465','1998-09-27 14:09:42','South Damonmouth'),
('967','M','2004-09-12','467','2011-01-14 14:18:56','North Cristalmouth'),
('968','M','1977-01-10','468','1984-07-30 06:58:30','Marilyneport'),
('970','M','2017-09-18','470','1985-01-28 10:00:47','Lake Fabianmouth'),
('971','M','2015-03-03','471','2016-08-31 07:22:50','Trompburgh'),
('975','M','1995-07-24','475','1981-06-30 05:24:59','New Lydiaview'),
('976','M','1978-02-20','476','2001-06-24 08:59:11','New Kelton'),
('977','P','1983-08-01','477','2010-08-25 23:48:50','Friesenton'),
('979','M','1987-04-24','479','1995-01-31 03:59:37','New Easter'),
('980','D','2013-02-25','480','2005-08-29 07:23:19','East Tremainehaven'),
('982','P','1975-08-12','482','1989-11-18 02:36:49','Joellefurt'),
('983','M','2004-07-08','483','2008-06-11 17:30:09','D\'Amorechester'),
('984','M','1995-08-10','484','2014-05-21 20:26:55','West Brody'),
('985','M','1976-02-02','485','1984-09-30 03:32:38','West Hermina'),
('987','M','1992-09-16','487','2006-12-03 01:17:45','East Ollieport'),
('988','M','1998-08-12','488','2014-11-27 03:20:39','West Louieside'),
('989','P','1985-10-01','489','1990-01-29 09:32:52','South Rafaelshire'),
('990','M','2017-01-12','490','2000-08-13 07:12:51','Lake Josephinestad'),
('991','M','2008-08-30','491','2005-06-19 18:22:38','Dejahaven'),
('992','M','2003-04-08','492','2005-09-29 22:53:31','Quitzonton'),
('994','M','1981-08-18','494','2012-08-16 15:22:48','Morissetteview'),
('996','M','1979-07-26','496','1999-10-25 22:58:33','New Harmon'),
('997','M','1994-07-25','497','1988-03-04 03:33:12','Joycehaven'); 


DROP TABLE IF EXISTS `proposals`;
CREATE TABLE `proposals` (
  `id` bigint(20) unsigned NOT NULL AUTO_INCREMENT,
  `user_proposal_id` bigint(20) unsigned NOT NULL,
  `communities_proposal_id` bigint(20) unsigned DEFAULT NULL,
  `text_proposal` text COLLATE utf8_unicode_ci NOT NULL,
  `filename_proposal` varchar(255) COLLATE utf8_unicode_ci DEFAULT NULL,
  `size_proposal` int(11) DEFAULT NULL,
  `metadata_proposal` longtext CHARACTER SET utf8mb4 COLLATE utf8mb4_bin DEFAULT NULL,
  `data_close_proposal` datetime NOT NULL,
  `created_proposal_at` datetime DEFAULT current_timestamp(),
  `updated_proposal_at` datetime DEFAULT current_timestamp() ON UPDATE current_timestamp(),
  PRIMARY KEY (`id`),
  KEY `user_proposal_id` (`user_proposal_id`),
  KEY `communities_proposal_id` (`communities_proposal_id`),
  CONSTRAINT `proposals_ibfk_1` FOREIGN KEY (`user_proposal_id`) REFERENCES `users` (`id`),
  CONSTRAINT `proposals_ibfk_2` FOREIGN KEY (`communities_proposal_id`) REFERENCES `communities` (`id`)
) ENGINE=InnoDB AUTO_INCREMENT=101 DEFAULT CHARSET=utf8 COLLATE=utf8_unicode_ci;

INSERT INTO `proposals` VALUES ('1','501','1','Iure nisi quaerat iste quis illum. Et hic at ipsam error sit est. Aut quasi ad veritatis.','fugiat','81',NULL,'1998-08-29 17:46:01','2006-06-04 19:25:30','1997-08-26 10:23:55'),
('2','502','2','Cumque inventore eum exercitationem alias sit hic modi. Quia accusantium eos consectetur et exercitationem reprehenderit in. Est doloribus molestias in explicabo blanditiis labore.','rerum','48',NULL,'1995-12-12 19:52:27','1996-02-09 16:05:33','2010-12-19 21:09:18'),
('3','503','3','Quod autem consequatur architecto atque. Perspiciatis dicta quo ducimus nemo consequuntur provident ab. Occaecati ut ad distinctio ex aut voluptas iure.','maiores','914462359',NULL,'2003-11-05 16:58:10','1984-06-17 23:08:48','1979-08-29 06:49:06'),
('4','504','4','Earum rerum odit quia quia dolor. Labore sed possimus tempore aliquid. Qui earum vel odio enim sit.','accusamus','78921',NULL,'1994-01-31 13:23:40','2008-02-29 15:39:52','1993-03-29 09:15:20'),
('5','505','5','Tenetur quo quis modi enim esse consequatur animi. Non officiis ut hic. Deserunt quos voluptatem modi ut quia culpa officia. Minima id ut itaque quia ut perspiciatis atque.','molestiae','52',NULL,'1998-11-02 01:35:13','2012-04-09 00:41:25','2012-01-09 10:09:33'),
('6','506','6','Ipsum architecto ea atque minima sed ducimus sint esse. Et ea tempore nam voluptates quis nulla. Minus asperiores omnis officia ut a modi ab officiis. Temporibus et reiciendis voluptatem autem.','delectus','2454',NULL,'1976-10-15 10:48:26','1982-07-24 20:23:53','1972-02-24 11:56:59'),
('7','508','7','Qui minus ipsa tempora aut minus hic incidunt et. Quibusdam est assumenda maiores quia. Aut ut saepe soluta. Est voluptatum enim ut dolorem dolores doloremque id dolorum.','corrupti','49',NULL,'1986-04-28 07:07:30','2009-07-17 15:04:33','2007-01-18 03:48:11'),
('8','509','8','Itaque ut natus sapiente alias quam aut expedita. Porro quae deserunt animi consequatur consectetur quos non at. Cum accusantium in dolorum est ipsum.','quod','114210',NULL,'2010-05-05 23:52:30','2003-07-17 03:09:52','1981-01-15 13:16:19'),
('9','510','9','Atque optio aliquam ut. Sit maxime dolor et et. Porro voluptas hic harum ut ipsum aut consectetur.','et','6329421',NULL,'2013-10-30 12:45:52','1971-03-27 02:29:44','1991-10-09 16:20:33'),
('10','512','10','Ut placeat sed sed aperiam rerum rerum eius commodi. Cupiditate vero ut et sit. Eius aut ad omnis et eius eos ut. Consequuntur rerum vel qui consequatur necessitatibus dignissimos quae.','fugiat','110',NULL,'2007-11-13 13:30:34','1999-12-29 02:34:18','2006-08-27 08:17:25'),
('11','517','11','Odio assumenda unde nesciunt neque quo repudiandae. Et illo quia ipsum ea magni vel nulla beatae. Nisi expedita perspiciatis perferendis reprehenderit.','odit','4',NULL,'2020-03-14 06:49:00','2007-10-14 14:50:45','2001-10-17 15:50:06'),
('12','518','12','Laudantium error eius veritatis. Quasi rerum qui maiores laborum qui deleniti accusamus rerum. Sed et sit omnis ducimus et et.','id','30342759',NULL,'2017-05-25 23:55:43','2009-01-19 15:05:28','1974-07-20 07:55:55'),
('13','519','13','In aspernatur nam deserunt eum minima. Ut pariatur veniam quas tempora. Voluptas vero qui ea tempore cum. Quaerat aperiam harum laboriosam eos quae rerum accusamus.','autem','5203',NULL,'2015-05-31 12:56:34','1988-12-24 00:14:03','1994-02-27 20:10:27'),
('14','520','14','Quia at nulla distinctio ullam aut. Odio nam atque consequuntur ut. Aut nihil ad nobis officiis consequatur voluptatem. Magni laudantium quae deleniti est ad excepturi.','autem','8',NULL,'1978-08-04 09:53:07','1974-03-28 10:36:10','2003-07-23 21:50:25'),
('15','521','15','Eum et quod aut libero omnis. Sed dignissimos ab ullam officiis ullam. Repellat dolor fuga cumque quos illum.','molestias','600',NULL,'1991-02-21 08:16:11','2010-03-28 17:50:25','1984-03-29 05:03:05'),
('16','523','16','Dicta consequatur est qui omnis reiciendis modi. Placeat ex amet facilis non. Et dolore qui amet illum accusantium.','minima','857373582',NULL,'2003-11-07 10:40:27','2008-04-29 05:51:04','1977-09-06 07:24:08'),
('17','524','17','Cupiditate incidunt accusamus non doloremque. Esse ut nulla nam quia et. Laboriosam quia dolores aliquid non quia atque eos.\nInventore minima dolor velit et. Qui qui iste commodi nesciunt voluptatem.','nesciunt','1998',NULL,'2001-08-04 13:40:09','2000-05-13 14:37:35','2011-01-15 13:29:05'),
('18','525','18','Quia est incidunt dolores quasi odit dolor. Non tempore voluptate qui odio. Ut autem sed nihil vel voluptates.','nam','94145046',NULL,'2013-07-23 02:31:48','1993-01-01 22:35:32','2015-02-20 04:06:31'),
('19','526','19','Veritatis est ipsam nesciunt praesentium nobis consequatur. Vitae voluptatem vero sed dolor voluptatem delectus rem. Omnis molestiae quasi reiciendis rerum sed cum et.','quam','645',NULL,'1973-05-20 07:25:03','2019-03-19 15:10:18','1990-01-09 00:22:16'),
('20','529','20','Qui tempore iusto minima labore qui accusantium doloribus et. Quia quo iure totam dolores facilis. Molestias magni magni incidunt quod. Omnis laudantium quisquam nihil consequuntur.','et','494121',NULL,'1991-08-31 10:18:16','2018-10-31 02:04:22','2012-09-11 03:43:10'),
('21','530','21','Totam officia error totam. At cupiditate consequatur atque et. Excepturi aut dolores non quisquam temporibus quia sit. Sit dolorem quidem cupiditate harum.','enim','88',NULL,'1984-06-25 18:14:25','1974-05-13 22:48:37','2019-02-24 14:00:16'),
('22','531','22','Aut odit magnam qui nemo dignissimos. Qui hic tempora nesciunt dolorum qui. Sapiente earum alias aut totam tenetur voluptatum dolore.','accusantium','1',NULL,'2009-07-26 03:56:29','2011-07-19 23:31:37','1977-05-06 03:10:31'),
('23','535','23','Eos libero nisi aliquid vel repudiandae labore aut. Qui ratione nisi quibusdam eligendi.','sint','60671',NULL,'1977-04-10 08:55:56','2001-10-04 03:24:17','2007-05-17 03:13:13'),
('24','537','24','Aut quisquam quia fuga officiis ipsum. Architecto laudantium eos laboriosam ut pariatur aut. Doloribus aut veritatis quae ad tempora. Ea hic similique commodi id.','qui','0',NULL,'1991-01-09 10:08:44','2008-08-05 21:54:30','1970-11-28 00:51:12'),
('25','538','25','Quaerat ut qui dolore recusandae atque vitae adipisci ullam. Nisi et delectus non quisquam distinctio. Eaque totam molestiae in tempore veniam non. Distinctio consectetur at commodi esse culpa.','et','903437',NULL,'1988-08-31 12:26:24','1997-12-31 02:36:23','2010-06-22 03:29:07'),
('26','539','26','Libero et aut id et iusto. Perferendis doloremque saepe perspiciatis alias ut. Aspernatur repellat et deserunt iure iste harum.','eum','5015588',NULL,'2010-03-24 11:58:19','1971-09-10 20:38:03','1976-09-06 21:20:07'),
('27','540','27','Eius aut quia laborum provident cupiditate sed. Repudiandae illo dolorem repellat exercitationem. Rerum delectus minus est est perspiciatis sunt tenetur.','est','4409',NULL,'2008-03-17 21:12:55','2015-05-03 13:30:07','1976-05-28 22:14:18'),
('28','541','28','Id dolorum provident beatae rerum culpa. Perferendis qui saepe saepe. Nihil deserunt distinctio possimus veniam ad accusamus.\nAb consectetur non corporis. Qui eum est quaerat ullam suscipit nemo.','sed','708',NULL,'2015-12-24 01:49:27','1989-05-28 02:20:02','1987-12-17 11:37:11'),
('29','542','29','Eligendi non veritatis quisquam. Est dignissimos et cumque ea doloribus quo. Et sit neque odit sit eius ex.','harum','9971704',NULL,'2002-04-29 23:38:54','1971-11-03 13:56:28','1973-12-01 22:59:11'),
('30','543','30','Ipsum vel magnam est aliquam et ut. Ea sunt quos pariatur quisquam quos aut voluptates quia. Ut nulla error modi facilis. Earum dolorem commodi ea adipisci laborum numquam.','vel','7',NULL,'1973-07-29 00:55:52','2011-03-05 19:15:33','2010-10-02 19:57:57'),
('31','544','31','Et expedita corrupti assumenda dolores veritatis ut recusandae laudantium. Cumque ratione molestiae similique numquam vitae alias totam. Et minima beatae sint.','dolores','317',NULL,'1992-03-04 21:05:06','1970-05-04 14:46:41','2014-04-23 21:42:30'),
('32','545','32','Aut accusamus tempora voluptatem. Eum velit et omnis. Commodi mollitia et magnam ut velit.','dignissimos','64',NULL,'2014-01-29 20:08:18','2018-08-25 22:37:41','1977-02-04 14:48:57'),
('33','546','33','Illum eum vitae voluptatem amet reiciendis. Excepturi consequatur natus vel consequatur id. Exercitationem reiciendis similique reiciendis nobis ut libero.','quisquam','63677479',NULL,'1983-03-27 23:03:56','1971-12-22 23:00:08','2010-02-11 04:00:58'),
('34','547','34','Molestiae mollitia qui occaecati voluptas deleniti soluta. Fugiat eum tenetur consequatur laborum minima doloremque tenetur. Et non consequatur minima et vel nihil maiores non.','quibusdam','8',NULL,'1986-02-15 16:30:47','2017-02-21 20:01:17','2015-04-30 00:35:45'),
('35','548','35','Atque aut tempora inventore voluptatem minus modi. Non omnis eius quam quo reprehenderit dicta et. Quia sed architecto suscipit esse voluptatum.','iure','5665078',NULL,'1993-10-02 18:02:22','1977-07-19 11:27:50','2015-07-27 20:32:12'),
('36','552','36','Omnis cum rem vitae atque praesentium at. Rem ut temporibus fugiat ut veniam minus dolor et.\nVoluptas culpa rerum quidem dicta. Earum velit sint perspiciatis ad.','animi','0',NULL,'1988-06-03 23:51:16','1977-08-16 13:20:30','2009-01-09 23:10:03'),
('37','553','37','Recusandae ad et cumque est. Ut et est reiciendis adipisci a voluptas. Qui quaerat aliquid voluptatem voluptatibus eius.','voluptatem','710',NULL,'1972-08-29 20:23:17','2019-05-11 08:24:59','1984-12-24 23:23:58'),
('38','556','38','Iste nam alias necessitatibus dolores. Reiciendis ut quis qui laborum odit sint. Harum maiores dolorem qui est.','et','682',NULL,'1994-09-24 04:06:01','1990-05-11 08:52:59','1999-11-14 15:13:31'),
('39','557','39','Id sed aut qui dolor. Est quos nobis voluptatibus. Esse autem architecto et delectus. Tempore mollitia consectetur nihil maxime.','molestiae','733240569',NULL,'1977-11-30 22:41:24','2004-11-08 20:26:06','1979-10-13 12:19:32'),
('40','561','40','Magni recusandae qui enim est nulla. Qui aliquam consequatur saepe nisi esse. Et sit culpa impedit alias ut neque. Voluptatem ducimus aut ad autem repellat quas.','quasi','1518',NULL,'2003-03-13 03:19:44','2014-01-15 12:29:08','1986-09-28 09:00:52'),
('41','562','41','Ipsum quos molestiae sunt beatae et dolor cum laborum. Laborum quo qui perspiciatis sed maxime similique eligendi. Corporis molestias pariatur modi dolorum assumenda. Repellat in ut maiores dolor.','et','36',NULL,'1984-02-06 17:39:31','1980-05-06 06:19:18','1981-08-17 15:37:35'),
('42','564','42','Ut et est nobis itaque quibusdam sed sunt. Libero aliquam at eum praesentium quia. Sit repellendus corrupti iste. Quo et qui eos quia corrupti.','odio','0',NULL,'1971-02-01 06:29:52','2013-09-20 13:37:48','1999-12-09 04:14:25'),
('43','565','43','Dolores beatae consequatur odit reiciendis asperiores facilis incidunt. Et quam iste esse facere qui accusamus rerum. Expedita dolores vel inventore qui.','officiis','0',NULL,'1971-10-07 12:35:36','2008-02-04 19:15:10','1989-01-29 15:27:10'),
('44','566','44','Explicabo magnam molestiae molestiae repellendus. Voluptates molestiae fugiat ea molestiae itaque magni amet. Delectus asperiores consequuntur occaecati ut aut.','inventore','51716702',NULL,'1993-01-07 08:47:41','2018-01-29 06:41:21','1985-07-17 03:06:13'),
('45','567','45','Quia sit dolores in maiores sit molestiae. Ut et officia et aliquam aut.\nAut in enim rerum qui. Vitae dolores molestiae voluptatem necessitatibus consectetur recusandae. Voluptatem qui esse quam cum.','quos','202392859',NULL,'2002-11-24 01:42:53','2001-06-04 04:29:08','1980-08-04 05:18:08'),
('46','568','46','Consequuntur amet amet vel est. Soluta consequatur debitis voluptatem architecto iusto dolorem. Iste debitis est voluptatibus saepe a. Eius qui cumque cum magnam repudiandae consequuntur sit.','ipsum','215147',NULL,'1979-10-23 12:13:49','1986-04-05 00:22:18','1971-03-25 16:08:30'),
('47','569','47','Perferendis dolorem est in. Exercitationem quia fuga tenetur sed. Porro ut commodi sit eum dolores quas. Rerum error iure et voluptatem.','temporibus','9519',NULL,'1976-10-26 10:26:26','2013-07-27 08:57:04','1974-01-15 19:04:56'),
('48','571','48','Quo magni sed voluptas dolorum eum sed. Numquam quos ducimus doloribus neque veniam rerum modi. Quis esse quod quia et omnis voluptates.','qui','30',NULL,'2008-07-27 02:52:57','1983-08-22 05:13:30','1984-12-15 21:42:10'),
('49','572','49','Ut consectetur iusto officiis qui. Iusto non sequi aperiam ea blanditiis ipsam autem. Non temporibus quo id consequatur. Omnis sint magni reprehenderit blanditiis voluptatem.','aut','0',NULL,'2005-02-17 12:21:50','2015-10-14 00:41:46','1990-04-24 11:33:31'),
('50','573','50','Quisquam beatae inventore architecto ipsa non libero aliquam. Dicta fugiat fuga mollitia distinctio enim sit. Dolore similique repudiandae omnis assumenda.','nihil','9932495',NULL,'2006-02-17 12:14:32','1994-07-01 19:03:22','1976-10-10 14:51:05'),
('51','574','51','Cupiditate est temporibus aperiam aut sit. Et molestiae exercitationem itaque ut quia earum qui. Ad laudantium nulla ut consequatur cum vero.','est','582989',NULL,'1982-07-15 09:49:55','2000-09-26 16:53:14','2007-08-04 03:45:31'),
('52','577','52','Facilis sint suscipit recusandae nostrum. Maiores accusamus nam dolores aspernatur. Consequatur assumenda vel alias est officiis omnis officiis. Necessitatibus exercitationem vitae possimus nemo.','necessitatibus','0',NULL,'2003-07-31 07:50:01','2001-10-22 04:43:28','1987-01-06 21:13:11'),
('53','579','53','Omnis modi est aut quia velit est. Sint vero est in assumenda et eaque. Suscipit sit quae nihil aut iusto aliquam sunt et.','et','62731',NULL,'1976-12-08 18:51:08','2007-08-02 09:30:42','1981-06-21 08:48:45'),
('54','583','54','Minima aut aut alias quia omnis soluta et. A nemo nostrum ut corrupti dolores. Delectus id sed ipsum quae aut quis consequatur. Ab qui voluptas doloremque.','voluptas','77717335',NULL,'1974-11-09 21:37:31','2001-07-28 06:04:12','1986-10-21 20:33:11'),
('55','585','55','Consequatur libero porro non iure porro. Quia eos quisquam quod aperiam natus. Delectus quos veniam placeat earum. Impedit nulla in reiciendis nihil.','quis','9244080',NULL,'2011-07-19 17:05:38','2012-05-02 02:25:45','2013-01-15 05:54:30'),
('56','586','56','Voluptatem voluptatem aut qui voluptatem voluptatum est. Dolores perferendis nostrum id est dolores. Voluptates qui voluptatibus laboriosam.','consequuntur','483575',NULL,'2011-05-03 23:53:56','1982-06-21 00:56:35','1999-12-08 17:09:06'),
('57','587','57','Voluptas nulla vitae assumenda et modi. Ut impedit sequi aut at ratione quos perferendis voluptas.','totam','317794',NULL,'2009-03-27 09:26:24','1983-09-04 18:30:16','1984-12-09 15:31:25'),
('58','590','58','Ut laborum temporibus quam labore animi consequatur labore incidunt. Doloremque cupiditate suscipit rem cumque. Ad et iste eos nihil quia. Velit commodi velit perferendis ut possimus voluptas totam.','dolor','89692027',NULL,'1979-08-23 12:18:54','2012-11-22 06:26:45','1986-05-05 14:22:59'),
('59','594','59','Eos aut iste qui eligendi. Deserunt nam necessitatibus hic recusandae dolore est. Voluptatem ex consectetur ad eum nam consectetur.','exercitationem','420939',NULL,'2019-02-19 05:50:14','1972-11-12 15:26:37','1977-03-23 17:03:20'),
('60','595','60','Aliquid assumenda sit molestiae repellat temporibus sed ea. Nisi iusto ut officia itaque eveniet minus rerum. Officiis qui impedit fugiat nemo corrupti pariatur eum.','optio','123902842',NULL,'1989-10-26 14:32:02','1981-06-07 10:02:19','2005-01-09 09:39:28'),
('61','597','61','A deleniti voluptatibus maxime reiciendis. Quis sit ea totam illum qui. Eum minima nulla corrupti maiores temporibus. Omnis corporis aspernatur quasi id assumenda nisi quam sint.','consequatur','609810',NULL,'1988-07-25 23:33:14','1984-10-28 15:44:50','1975-01-02 20:18:00'),
('62','598','62','Quo maiores quae quam. Eos iusto repellendus saepe ut. Temporibus est fugiat hic. Reiciendis aut ab id autem.','omnis','1914772',NULL,'2019-12-19 21:12:28','2011-07-18 01:03:29','2000-06-16 11:29:17'),
('63','599','63','Ab quibusdam autem tempore voluptatem hic. Deserunt a architecto aperiam in delectus voluptas mollitia. Quia incidunt eos voluptas animi. Vel voluptatem sapiente facere sint.','rerum','5107908',NULL,'2002-08-03 00:57:46','1993-10-03 15:12:28','2014-01-26 16:00:00'),
('64','600','64','Dolores reprehenderit impedit animi doloremque. Quis error tempore ea autem ipsum. Voluptatem quia atque aliquid blanditiis quidem.','voluptatum','0',NULL,'2016-05-13 11:40:40','2004-03-20 19:08:17','1973-03-12 01:12:54'),
('65','601','65','Recusandae rerum unde facere et error aut. Facilis impedit ut fuga fuga. Omnis magnam provident corporis suscipit iusto.','possimus','16162396',NULL,'2012-09-22 17:29:12','1979-09-27 11:47:21','1987-04-14 03:06:17'),
('66','602','66','Deleniti quae quam deserunt accusantium. Et adipisci iure officiis. Soluta enim ad ex sunt dolorem inventore quo.','laboriosam','890',NULL,'2005-08-04 06:38:34','2018-05-15 10:17:19','1987-10-18 03:07:49'),
('67','603','67','Culpa cum amet maxime quisquam. Autem occaecati ex dignissimos deleniti. Itaque inventore quia quam odit id.\nConsectetur animi iusto ab iure perferendis. Et qui inventore illo distinctio.','labore','48615',NULL,'1988-03-03 13:32:48','1990-08-22 13:32:15','1978-11-03 18:42:15'),
('68','605','68','Ratione vel maxime quia temporibus libero et voluptas. Eaque suscipit dolorem in et qui corporis sed.','et','3',NULL,'2013-07-11 05:02:46','2010-05-15 05:52:22','2004-03-30 02:05:29'),
('69','607','69','Aperiam vero aut quae. Autem rem magni esse quasi ducimus. Id dolor enim non qui. Reprehenderit alias cumque ut incidunt similique quos excepturi.','dolores','259366535',NULL,'1985-04-01 22:00:17','2013-11-21 06:36:35','1979-05-13 02:55:36'),
('70','608','70','Ipsam ut omnis minima nesciunt minus non. Ea consequuntur a omnis alias culpa. Ipsa commodi sunt quia est dolorum.','voluptatibus','0',NULL,'1979-04-07 22:17:20','1991-04-26 17:51:17','2005-04-19 10:11:37'),
('71','610','71','Perspiciatis molestiae qui voluptas quis ex. Nostrum tempora molestiae qui sunt cum. Molestias alias atque est non quia odit aut perspiciatis.','dolorum','715920',NULL,'1975-12-27 01:34:47','1989-01-09 19:20:20','1989-06-29 21:21:04'),
('72','611','72','Totam qui consequuntur quia reiciendis. Eum repudiandae iusto magnam. Et accusamus doloremque et est placeat quo. Corrupti consequuntur ea voluptatem quibusdam illum ratione.','qui','778',NULL,'1998-07-08 15:03:10','1985-03-24 13:55:11','2002-10-16 14:57:45'),
('73','614','73','Aut error qui in ut. Magnam aperiam porro ut repellat. Sapiente libero tempora voluptatibus dicta ducimus molestiae unde.','minus','894',NULL,'1992-04-24 08:13:07','1997-03-10 11:09:14','1998-01-15 13:50:07'),
('74','615','74','Et illum voluptas consequatur consequatur et harum. Consequatur quasi reiciendis laboriosam est quia fugiat nostrum. Quas aspernatur similique et laboriosam temporibus.','doloremque','4779',NULL,'1972-01-08 23:49:11','1987-12-16 05:24:52','1984-12-16 22:43:53'),
('75','618','75','Omnis perferendis totam aperiam. Et laudantium doloremque in minus tenetur maiores quas. Et sunt eius molestiae autem ex voluptatum corporis.','dolores','85668',NULL,'2018-11-07 19:46:39','2019-04-12 05:22:14','1989-03-01 00:13:54'),
('76','621','76','Rerum saepe non et nemo et. Modi libero porro nulla est quis. Vitae atque quae amet natus laboriosam neque. Est tempora expedita aut atque et explicabo.','vel','82360',NULL,'1996-06-17 09:54:55','1986-12-24 16:22:32','2008-07-21 03:28:16'),
('77','623','77','Veniam similique asperiores et rerum quam dolorum aut. Illo officiis rerum asperiores architecto numquam. Iure in voluptatibus placeat consequatur veniam. Quam vitae maxime voluptatem voluptates.','qui','28664069',NULL,'2013-07-22 04:19:46','2004-03-06 18:34:42','2002-01-27 04:59:15'),
('78','624','78','Expedita nihil incidunt repellat libero earum qui maiores. Dolores voluptas sint quo et doloremque quisquam sed. Libero officia maxime ut et sunt nulla.','aut','2',NULL,'1980-10-24 08:56:53','2016-09-05 06:44:01','1977-10-25 11:10:16'),
('79','625','79','Omnis consequatur velit voluptas. Veniam deleniti qui harum maiores. Consequuntur aut ipsum ut.','exercitationem','674',NULL,'1982-04-13 04:42:20','2009-02-24 19:01:03','1998-11-03 07:41:24'),
('80','626','80','Qui magni quod qui. Quisquam soluta aut minus aut voluptatem eveniet omnis. Voluptate blanditiis cumque sunt dolores. Cum aut veniam aut officiis.','nihil','8692438',NULL,'2014-07-31 23:48:34','1994-03-15 00:00:14','2015-10-11 06:42:52'),
('81','627','81','Minus et ipsum quasi. Praesentium dolor est occaecati quasi culpa aliquam minus. Asperiores doloremque nostrum hic est ipsum cumque.','et','4884757',NULL,'1996-04-08 03:48:03','2004-03-22 03:06:05','1978-10-24 19:31:57'),
('82','628','82','Inventore mollitia recusandae distinctio sed eos. Id maxime porro eum maiores incidunt. Fugiat voluptas rerum amet molestias eveniet deleniti.','nulla','61886499',NULL,'1991-06-15 09:49:43','2003-06-25 23:30:39','2014-03-16 11:43:42'),
('83','629','83','Quo soluta omnis quis architecto rerum tempora provident. Labore cupiditate veniam sed sint quibusdam. Molestiae voluptatem provident aliquam a.','nobis','0',NULL,'1985-06-02 20:03:40','1987-02-06 09:38:45','1992-01-03 10:52:46'),
('84','633','84','Nisi libero ad ad omnis. Est distinctio corporis beatae facere illum accusamus adipisci. Nemo blanditiis ea quis voluptas recusandae laudantium. Odio ipsam id autem consectetur.','tempora','1508',NULL,'1978-06-19 05:51:47','1987-08-28 18:13:25','1980-09-28 17:10:45'),
('85','635','85','Voluptas porro consectetur praesentium quibusdam eos. Sit rem porro ut dolores minima ullam. Tempora placeat qui quo quis et distinctio nobis veritatis.','numquam','6137045',NULL,'2008-07-05 04:02:42','1972-01-18 07:25:15','1975-11-28 23:08:35'),
('86','636','86','Rerum et dicta natus occaecati delectus facilis ipsam. Vel vel aut minima quae necessitatibus. Accusantium aperiam dicta error ut.','est','12526503',NULL,'2015-03-03 10:46:16','1984-08-30 19:47:48','1984-12-02 23:06:30'),
('87','637','87','Impedit fuga velit sint similique corrupti. Architecto aspernatur ducimus dolore sint. Omnis perspiciatis possimus dolores quia.','tempore','95',NULL,'1988-07-01 17:52:18','2004-05-14 23:33:28','1974-05-08 15:00:41'),
('88','644','88','Doloremque et ut hic nihil odio cumque. Nostrum asperiores vel maiores saepe autem. Explicabo dignissimos aut similique sed itaque.','saepe','49115',NULL,'1974-10-20 09:21:18','1997-04-22 10:40:32','2006-11-16 02:54:36'),
('89','646','89','Cumque ducimus rem fuga. Ut aut ad aut. Dicta eaque eos maxime aliquid et sed autem vel.','dolorem','70728',NULL,'2005-10-15 01:21:19','1991-02-17 14:15:11','1982-12-27 00:54:44'),
('90','647','90','Magni ea asperiores aperiam sit qui ut aspernatur. Itaque quis eligendi magni sit possimus. Consectetur aperiam incidunt similique magnam. Delectus incidunt quidem quis sint est odio saepe.','ut','262734',NULL,'1989-04-08 17:02:18','1971-10-15 20:17:23','2005-05-10 19:12:04'),
('91','648','91','A repellat aliquid dolor et deserunt rerum accusantium. Sunt molestiae nam fugit. Nam qui est itaque veritatis perferendis voluptatibus. Illum tenetur accusamus omnis labore aut corrupti itaque.','necessitatibus','77527',NULL,'1972-07-18 00:53:51','1994-05-07 21:05:19','2015-06-19 12:20:17'),
('92','652','92','Quis suscipit nihil porro enim maxime. Iure in eaque et consectetur natus. Consectetur quas quasi id. Numquam commodi maxime consequatur quo quo.','dolorem','483532248',NULL,'1990-09-02 15:17:35','1992-12-03 03:47:58','1987-04-17 08:24:11'),
('93','653','93','Porro incidunt ducimus atque. Atque et harum officiis et similique culpa omnis. Dolore ut quo facilis ut nisi eveniet et. Incidunt quis totam libero alias.','officia','52503264',NULL,'1998-06-14 16:04:58','1972-11-14 11:45:40','1974-05-17 03:11:48'),
('94','654','94','Enim similique necessitatibus recusandae et praesentium laboriosam. Et voluptate facere velit nihil impedit. Enim fugiat fugit amet.','quo','30696157',NULL,'1991-06-04 15:54:27','2014-03-10 04:55:53','1993-04-20 14:28:28'),
('95','658','95','Eligendi quas autem itaque quis. Blanditiis unde temporibus unde autem temporibus rem. Est fugit voluptas earum est asperiores ea. Harum officia et debitis.','distinctio','0',NULL,'1982-12-26 10:16:19','1995-05-18 06:28:03','1977-01-06 22:25:36'),
('96','660','96','Voluptatibus delectus quis dolores facere id ea. Voluptas corporis nobis ut commodi. Qui explicabo et nihil autem numquam at pariatur. Fugiat libero consequatur mollitia nemo.','et','2741939',NULL,'1996-02-28 04:37:36','1991-07-15 03:55:50','1982-10-20 06:38:46'),
('97','661','97','Tempora quia facilis doloribus laborum deleniti molestiae. Omnis earum eum eos reprehenderit recusandae excepturi assumenda ut. Cum dolore autem incidunt officia est illo itaque.','eveniet','703675',NULL,'2016-03-12 05:48:39','1996-03-02 21:17:01','2000-07-17 14:30:54'),
('98','665','98','Aut repellat et possimus. In est autem autem repellendus recusandae nemo. Maxime non sint ut repellendus.','quia','6052',NULL,'1984-09-24 17:20:30','1989-08-21 02:27:12','1989-07-28 06:59:34'),
('99','668','99','Occaecati harum est soluta delectus officia impedit. Commodi ducimus nam enim et. Nihil nulla aliquam dignissimos ut.','iusto','7679727',NULL,'1977-02-16 22:11:31','1986-03-29 01:55:39','2012-07-21 21:16:01'),
('100','669','100','Placeat adipisci omnis deserunt quia. Et expedita ipsa velit et qui amet error itaque. Voluptatem illum iusto consequatur temporibus et repudiandae ipsum.','magni','2289',NULL,'1977-01-07 17:03:20','2012-03-14 16:04:12','2008-11-29 20:53:49'); 


DROP TABLE IF EXISTS `users`;
CREATE TABLE `users` (
  `id` bigint(20) unsigned NOT NULL AUTO_INCREMENT,
  `firstname` varchar(50) COLLATE utf8_unicode_ci DEFAULT NULL,
  `lastname` varchar(50) COLLATE utf8_unicode_ci DEFAULT NULL COMMENT 'Фамиль',
  `email` varchar(120) COLLATE utf8_unicode_ci DEFAULT NULL,
  `phone` bigint(20) DEFAULT NULL,
  `password_hash` varchar(100) COLLATE utf8_unicode_ci DEFAULT NULL,
  PRIMARY KEY (`id`),
  UNIQUE KEY `phone` (`phone`),
  KEY `users_firstname_lastname_idx` (`firstname`,`lastname`)
) ENGINE=InnoDB AUTO_INCREMENT=1001 DEFAULT CHARSET=utf8 COLLATE=utf8_unicode_ci;

INSERT INTO `users` VALUES ('501','Jaeden','Steuber','patricia25@example.org','0','d44292a5c3e1477320bb932a6b7a77d06de1bde4'),
('502','Skyla','Medhurst','monty.jaskolski@example.net','1','24f29b3889adc53141c9e12d8211d56366d6dd2a'),
('503','Deshaun','Leffler','llewellyn.crist@example.com','9742983964','115e01118eec9c9b823e80774c5f4e2ea42f738c'),
('504','Willow','Huels','breitenberg.arlie@example.com','446433','487fe4b1e228bec41c33e1a17f3dc69f03de4221'),
('505','Jorge','Ryan','bvonrueden@example.org','5173136483','2c1d4151473861a3775bcc5196f2a765a9bcec8e'),
('506','Pearl','Bashirian','delia67@example.net','769','54a45b58216006314fe29fb28a449644353fed1f'),
('508','Leora','Pollich','tmckenzie@example.com','65','dbeda68e73b8f49c783c51d4a0c869d79c2783b8'),
('509','Julius','O\'Connell','hosea.crooks@example.com','652','b313de27542602f90bceb44825e4ec5f2858b148'),
('510','Demond','Rippin','mitchell.german@example.net','26','4ce72fd2bd5ec68971c3b306b07be4eb90de017c'),
('512','Jeromy','Moen','lsatterfield@example.org','4004845466','b2b6019bd9248537b488d3a52d456d797b382f53'),
('517','Malcolm','Morar','bruen.sam@example.net','56','e871b43bee70d8c88daa753da7b72be460bc8e68'),
('518','Ariane','Ullrich','xberge@example.net','209987','4dc0a3631ec05168dac164f1894f5f0dafb6d8c2'),
('519','Marie','Gaylord','fiona.leannon@example.net','91','df84431f2ffeed79b033f9e04e8b607b3e2babd2'),
('520','Bulah','Collier','amanda.quigley@example.com','884','c21dfcb6688e177f93424415beada97690ad2b12'),
('521','Pasquale','Franecki','ykihn@example.org','784024','b4bc6ca3f7b12c42aa2ec4f09be941d0d088514c'),
('523','Nola','Pouros','nicole.weimann@example.net','66','56c40f0e75ac6f64b31059a7abfbdaa76eaba4af'),
('524','Colby','Anderson','hpacocha@example.com','132164','b27c51ff883a17e8cc8cb041753f3764a5c1d2b9'),
('525','Broderick','Murray','tstiedemann@example.net','61','20d4c289d72f2cb9ae5f3367ef962c816910759e'),
('526','Bobbie','Brakus','robb78@example.com','8998973756','d15048f526671232a19e5c6d86db3b67e2b75ebb'),
('529','Noah','Armstrong','jboyer@example.com','573','238ae9ecb27f65df5c6b08e387fcec75340be3e6'),
('530','Mitchel','McDermott','alvena24@example.org','216820','538f66b3a1135b246c790ef73b84649204ee09ea'),
('531','Ilene','Kovacek','ckozey@example.com','69','54b397ba78aceedd92af58c531c65d4f943a9d1a'),
('535','Randy','Luettgen','wehner.amari@example.org','2536390887','0df8e7fc752174da6b81ae7a12069ee46b4c2c6b'),
('537','Pete','Lynch','lubowitz.reanna@example.org','934740','f5c28a428a541bceea97b0309de0a1e7c30080fb'),
('538','Maximus','Russel','hazel.reynolds@example.org','955472','93e42dc1b9a19c7eb8c488864569f8ffdb6cecb2'),
('539','Shanon','Smitham','emma40@example.org','329','2e9350bf58e1e2a102530966566952dd1dea9359'),
('540','Henry','Ward','kathryne36@example.com','6744','b1ce7093bdc42fb4f08b6706d2ffb3e2c2aa5628'),
('541','Harry','Steuber','morissette.nicklaus@example.net','68','f35cd6139ed4042e9ee0f57e7c19257c38cb2778'),
('542','Agustina','Ward','hagenes.percy@example.com','564240','79b1575d48bed4e27d6ba02611e3644327514afe'),
('543','Marcos','Moore','darrell58@example.net','790850','199998a8a2d0796f6032b3e554765855b97a3786'),
('544','Esmeralda','Hayes','quincy.gutkowski@example.org','11','87c4ba2411bf5d4058aa32d65fab0127f6bf1650'),
('545','Armando','Christiansen','rosie.schumm@example.org','33630','2e76403128766c9b1c1ad0834579001939b8ee06'),
('546','Gussie','Ritchie','ted.hoppe@example.com','552097','b0600dd0dd0e6df7c2d9e082e0a87ae5f2627f24'),
('547','Mellie','Friesen','ubrakus@example.com','762297','6387cbdccc0d1435d239d61882442078d7c917c6'),
('548','Cory','Torphy','lynn.bahringer@example.com','86','e046f430cf13b19b143b1824f8723ec126dfac44'),
('552','Taya','Jones','frowe@example.net','356','7b9a13a8e12adb72515fb658a8a2e936e5345986'),
('553','Reyes','Bernhard','jarrett33@example.net','921','fd06f7c89fdd47954cc83e12e9bd6419d80add73'),
('556','Lurline','Carter','tondricka@example.com','433827','b19684e60ebdc9b130b1246b213d730a7e2c6d28'),
('557','Bertrand','Gleichner','dustin.fisher@example.net','6','bf8e6528009b41f8711881cc9f1c21d640a499bd'),
('561','Raphael','Steuber','mertz.graciela@example.org','3779810950','050041b31439141ce4510d321d42752f07a4c7d0'),
('562','Kellen','Abernathy','watsica.lacy@example.org','38','8c757046ac5ec18a941be950c42baabae38461af'),
('564','Devin','Graham','jaskolski.izaiah@example.net','202','ba283bde6f07762316dd8142712856200f323344'),
('565','Janelle','Moore','jermey.botsford@example.org','382666','21074d4ed16c4455075d2c59b04d362fde8c3c2d'),
('566','Marquise','Boyer','rice.dorthy@example.com','18','9df848365a2f73c9f33c06223f452aaedd987fdf'),
('567','Cathrine','Ebert','uromaguera@example.org','907','77f45c3665ea5e2171f5e5032d6303aef47cef4b'),
('568','Eldon','Kuhn','fspencer@example.com','754','9cebd4c2c23cbea6f263ca9dad9fa42dc93c1c3e'),
('569','Elvera','Stiedemann','farrell.helen@example.net','192','8a7f39b6120e2007eb0f1965e1f3404ec137cb91'),
('571','Destiney','Fritsch','xbatz@example.net','336509','be7567a5a3c461d7c5ce3486f589ef7db634b0e9'),
('572','Wilma','Towne','rschaden@example.net','3702114291','99bc6ea491d5e723245ceb147bba237f2b3e111b'),
('573','Danial','Goldner','fbarrows@example.org','2236893766','bdcd8c8bd478d78cda17ad4a7ebf752e4e87a4a7'),
('574','Modesta','Thompson','gibson.myles@example.com','5588346402','c42613e1aa70544acb84c3cc346c9b0c264317e5'),
('577','Clovis','Hagenes','sven.koss@example.org','529436','d4647c1d3d74d57f3e7e72d0f35bf2c52f28b3da'),
('579','Annalise','Becker','grady.elnora@example.org','642818','03e641a24ffe0ab29a5e6a59fcef38164b9e9467'),
('583','Adeline','Mueller','rodriguez.estevan@example.com','124823','d0fe3b1b0dfc81797c0fdd82d24eb0625dce335f'),
('585','Adalberto','Doyle','stroman.shyanne@example.org','497','1c121c92d8ce14b8fd7484bf70034247a2089bb1'),
('586','Charlie','Stiedemann','maryse.schoen@example.org','35','24e1601638ae4d5e0129b3ce6d9893531d32695d'),
('587','Hortense','Osinski','mireille.berge@example.net','143528','5fc994d830a8c40c7532c2829768c0d9bd747f75'),
('590','Krystina','Bailey','friesen.domenic@example.com','423','aa9b17a5ed90e700055af1007d677459555cf9cc'),
('594','Angelica','Kiehn','rosa.block@example.org','76','caf0be95d25c0759e98c895c4b127b83dbe769ed'),
('595','Ladarius','Quigley','ehodkiewicz@example.com','5465691829','ebeb7bcce1afc2f0f01722c1964589c735e0e432'),
('597','Everett','Johnson','hspinka@example.org','36','1c834b1c0c48fc8a25e66f8a48a5a5e0dd01457e'),
('598','Sydni','Purdy','lind.jayme@example.net','891008','f632e0183715b5c195d9cc34e548e0c88da9e517'),
('599','Isabell','Cruickshank','torp.mikel@example.net','125','6686c4dc1221e1e7e02b98348bb641aa8fe91d2f'),
('600','Mackenzie','Tillman','marcella.larkin@example.net','187734','3e795999694343d73c436744e5f0c3e3f3769d0d'),
('601','Tillman','Kutch','nschmitt@example.com','59','6e634d766f29279b1234bbb190855abca1171feb'),
('602','Eloisa','Pfannerstill','keshawn.frami@example.com','475483','d1224796975c26d95f14c53f9ede1763879febc5'),
('603','Ines','Aufderhar','buck13@example.net','785','8302c8cbc68cafb996e54480ac65349348d25017'),
('605','Kira','McLaughlin','aufderhar.alexane@example.net','163895','03be2ba7001e90d1eadfba45c2a55d6a9c40a2bc'),
('607','Elmore','Bode','schaden.ethan@example.org','90','dfb6ac2749b4c7c0df174702a3cdf4d9c4e646f1'),
('608','Elody','Bradtke','mcarroll@example.net','883147','c871d739a46b21038f68030c26341bda52a979cb'),
('610','Jaeden','Rath','zella.connelly@example.org','960','d88c6b140e5bd5c77ea3d8f536798cca5dcbb514'),
('611','Marilyne','Mayer','jbins@example.com','961239','a8c447d573cfe6910ffbc6e30cd1ae11f3dbf97a'),
('614','Rosalia','Durgan','jamel93@example.org','29','02ceec00b96373cb953dc6f5e2877820a6545141'),
('615','Christop','Kihn','rippin.toy@example.com','144139','b3317952bc084dadd131478d3becd953051354ab'),
('618','Charles','Cassin','jammie80@example.org','838124','c747f244a3b2f1a54d74d7bd3864aaaabdd6decb'),
('621','Lavada','Spencer','hudson.georgianna@example.net','519926','a0d32fc2511ca151ee6027d2b7d8eeefc781d336'),
('623','Aric','Keebler','lorine.konopelski@example.net','9124886806','31bb27038c26b76f354289d9d4b2497a1b4305a3'),
('624','Lavon','Hansen','upton.calista@example.org','830','57a6e876ca913f2fa10804dfbf979657af8097c3'),
('625','Griffin','Hickle','brennan18@example.net','233212','14a6ea607dbb843ace4b7356feebbac8f8b4edc1'),
('626','Anika','Glover','rbogisich@example.net','84','2fbaf7613c4062ad2d8d1720b20a931260d7311a'),
('627','Will','Hyatt','o\'hara.nils@example.org','829','8597d25f29973cd0f4601c09f70b9199c04e2cb1'),
('628','Ima','Dach','zadams@example.org','267523','f896c54af781006ed8c393fed455dbc14792ec0d'),
('629','Price','Beer','bbaumbach@example.org','322889','46ae41195558c0b56010a49872e908dc5649e19f'),
('633','Saul','Runolfsdottir','lenore.stehr@example.org','316','efbe69c24e3e5f90df6093410cc77f41376cb932'),
('635','Ethelyn','Franecki','murphy.arvilla@example.com','9883396875','21e39d510eb0fc01a19acbbb564cf67f5192a614'),
('636','Hannah','Ebert','amoore@example.org','388','ab8f62dbb8e4671934aa03057ebe36692e44ef06'),
('637','Gaetano','Von','noel.schmeler@example.net','3787377191','2e224184651626b910640a6230536c06a5c52193'),
('644','Ruthie','Balistreri','stephen38@example.net','3105183617','79d73b4d94d3655158d23cf04dbe6ed21355828e'),
('646','Imelda','Hagenes','lthompson@example.org','779','042672d0975ab9c8b80a61f6b7e32c0fe1715f45'),
('647','Filiberto','Collins','schumm.alessia@example.org','875','7c957541f80a866e4352a602f46a2779f119df41'),
('648','Kira','Hansen','elyssa21@example.com','237659','67338c2b450492f5376fc3f5912a8e58fb8b8739'),
('652','Vivien','Roberts','mariano22@example.net','586','ce9c9920a9b2abcfc3ff2419680e78fbbc15ae39'),
('653','Alford','Muller','taurean48@example.com','78','21547fe247b2bf407cef4bdec98b3328c0b9273e'),
('654','Adele','Witting','rosemarie.abshire@example.org','46','a788a10efc59594bcc242733667dca173abe6347'),
('658','Eli','Tremblay','leonard21@example.com','183','4ec0cee44650eee2872c7157462699ab72b2b766'),
('660','Beatrice','Raynor','purdy.adriel@example.org','846','d89488ff218aaaff8a57bb7a1942591cf74240c0'),
('661','Hortense','Hills','jennifer.mcclure@example.org','737997','4fb64ccb5e7543fe4457334f4510d110084ae66e'),
('665','Brennon','Mosciski','keeling.aron@example.com','6876493721','e422da539e5c82c5c07540f95bd9f920af4bc71f'),
('668','Alta','Kreiger','kunde.carol@example.net','3609242636','79e1a14be89f1bf14b0e6db54f7e505d24037cc8'),
('669','Immanuel','Schumm','jalen86@example.com','951805','195f851776f22bb982fa5495df7801104682327f'),
('670','Antonia','Jaskolski','sonia46@example.com','79234','4ff8c28c786ebcb65af4011b2ccf80ba01ab9b3b'),
('671','Filiberto','Cole','qrath@example.org','766','223e65271bc623fdee49c7ee378c07c94077afcd'),
('673','Zula','Swift','kblock@example.net','982261','c90aa450e16a5794dc7c99fd1a101fd7fb335b88'),
('674','Beulah','Purdy','xgreenfelder@example.org','248300','36de284ded8dd42691f815e67b956b485f3494eb'),
('675','Albertha','Ledner','cleveland56@example.org','154947','51aabd37b7c5e6af8c7aaef3645e9bae4218f0e2'),
('676','Jovany','Jerde','mayert.carol@example.com','515470','c735f678393a30e3811169f05b467e43f664c575'),
('677','Alayna','Stoltenberg','lowe.geraldine@example.net','416481','f0ec961f9163a4b1bdae32d415aea860bec5ca89'),
('678','Mathias','Wolf','shanel.cronin@example.org','72','961f9f5bca3525cd2b8d2514ae272d68c8dd3f06'),
('680','Austin','Goldner','schmeler.elisabeth@example.org','96','52d0a67467417b4db0612a2851b8ca821c67961f'),
('681','William','Rice','lwuckert@example.net','371','965f6666ae9000d088a57b65032b479fcc49e8c8'),
('683','Toby','Rutherford','wilford95@example.com','951438','48db442dbd7ac90ae42c243bc7e3ba229a43b515'),
('684','Chanelle','Swift','alysson83@example.net','780872','64be3787a67dee2cef5551df0568294e51aad1ca'),
('685','Vicenta','Ernser','bonnie.kovacek@example.net','39341','b354171e7f1130677f2c6f13d32170d9081caba2'),
('686','Herta','Huel','rippin.amparo@example.org','327','e69c835790b6f85900c4b42e17afad7dbfb1eef9'),
('690','Elmore','Runolfsdottir','sidney99@example.net','570933','65f80e7accbd8621d538d1d038622a2e36e80c4f'),
('691','Susana','Parisian','rolfson.america@example.net','794','331a234eb2570ababa6637cbcd8aeafda776ba9a'),
('692','Vincent','Wisoky','jocelyn.considine@example.org','125726','023ae34bdabc886e69f0297ed476212dcbf143f7'),
('693','Winona','Treutel','rosie07@example.com','952824','76543bac9d2a61a7410280eb65d56e8ae2dfdafe'),
('694','Brenda','Conn','schulist.bridgette@example.net','51','fdf7d0a671a6f632ff1930ce93d3c0f9968801f8'),
('697','Osvaldo','Murray','lea47@example.com','29593','a8b827679bcd93fbb2d30885924f32c99f5224f8'),
('700','Ludwig','Casper','bryon58@example.org','38979','d9b1a52e20570ae79f9a3662da83af496b4f2b3c'),
('701','Audie','McKenzie','aidan74@example.net','739606','418b6b9d24a81f47d61272ab65d6f429b5d79aa5'),
('702','Carter','Kovacek','maurice91@example.net','985','9451c5f0ce8de4f80581a28988f410e04eafa29c'),
('703','Savannah','Crist','watsica.pearline@example.com','42','5537553d6a81a238c3a859d613e51a3cf0e434ad'),
('704','Chris','Wintheiser','ubotsford@example.com','909425','edc0b0c6e20cf1b3e99b4288f0e3d301cfc08b1b'),
('707','Raquel','Torp','kirsten87@example.com','2695823206','4fd61ef554b5ebb05da02dea4be8b2dcbf6e42c0'),
('709','Kevon','Ritchie','howell.block@example.net','27','694af49728b60055693133001c4d35a48ca33d9e'),
('712','Amanda','Hoeger','phudson@example.com','4797558954','7a57d59ed09a1a47b0e99256b1976e9d63c27367'),
('713','Elouise','Kozey','omitchell@example.org','354','5051cb4a8e6c0fc7fa587a7e5724283523579f90'),
('718','Jamal','Hartmann','mclaughlin.macy@example.com','777','c53209a6dba7a0c1d904278e6be394736aaf48e2'),
('719','Rickie','Zieme','freida.cruickshank@example.com','978661','c784261101d318da279a3bd896b97364248d5d29'),
('720','Ted','Carter','jamar.fritsch@example.org','6771184290','d75f3693d469c6507d4fe9c8f8a902e5069ec183'),
('721','Katelin','McDermott','will.scottie@example.org','755','f5d91dc0894260135995c9ee9b4af4c6a73dee2c'),
('722','Johnathon','Muller','baumbach.dessie@example.org','126','9bafa16fc91e544fecb76062910adcf67168533d'),
('723','Stefanie','Ruecker','melvina.pacocha@example.org','791','21a166c1c7723f6a69a1b98b252fc48d8dbdfd64'),
('725','Beulah','Braun','jschiller@example.net','428','b858368329eb2d435b52996c70be8668d0c4bdde'),
('727','Rasheed','Hudson','rutherford.rafael@example.org','34','ae85f1bec05adc18d5fe5bf446981a1621fbee64'),
('729','Bernice','Kutch','isai15@example.com','64','2304ccaf645721cf2f31c382776f6bf2c0c408a4'),
('731','Pinkie','Breitenberg','dooley.oleta@example.org','5208551567','33c1bfbaad8bcc3f35ae1df54d1e2e597c420c90'),
('732','Audra','Howe','mann.mckayla@example.org','48','17acf7825f6be884ccf6f2713e78fc34bb4b7cfa'),
('733','Delia','Lubowitz','mireille00@example.org','5','6a08a249faf065cdb1aeb05de12ef9f01924c273'),
('737','Omer','Boyer','oren32@example.com','20','14c903347ff9763558943e1133d7904664e4af2a'),
('738','Vada','Zboncak','auer.marcelle@example.org','427','10d8bc814f32c97ee1603f1890c74f3fa5f15120'),
('740','Fae','Stokes','hegmann.sedrick@example.net','657338','9252e722c872b076de8318410396b6c35fdc70bc'),
('742','Neha','Lynch','ncassin@example.net','934050','287fa794252df13db60535df3ea02af73b66b56f'),
('745','Mireya','Windler','fnitzsche@example.net','605324','07f4992a6f4a4957c16e2b34b10a3b71d26d0c15'),
('746','Maryjane','Bode','mueller.wiley@example.net','90410','58e1157e3524112e8eaea325af7d4acd7355d892'),
('747','Tyreek','Ullrich','patrick.ratke@example.com','520862','b3a0e15e2aec1fa1975570561933ad25eecb9f69'),
('749','Emilie','Kilback','marjorie.graham@example.com','716663','e2cc2a2eb4664fa2e4a2de728ec6e254ef80be7f'),
('750','Zoe','Wiza','cweimann@example.org','780376','25117b8defbd3a4207f994530e0ef3ded6179ac7'),
('751','Filomena','Jast','nedra.cronin@example.net','14','d6f3447a99e34a0acbb096249417bce87086dd16'),
('752','Izabella','Mohr','aharber@example.com','3024958411','f03778600f13d92bf8325f8051153818af942130'),
('753','Waino','Hills','fcorkery@example.net','686','9870f2d2e558eb9430ec3b29277b7af29b246bca'),
('757','Agustina','Nienow','donna53@example.org','330272','d8727a8f0c5627f5cc53e37a345bf56609af098d'),
('758','Kaden','Botsford','gparker@example.net','860643','88aa19ac06b60e988dfdf303c005e76f3cc66da2'),
('759','Domenick','Waters','jcole@example.net','561101','edf06519f298968028cc9eca9e688e0ede7b580c'),
('760','Lucile','McDermott','dlockman@example.org','4320750232','be319e9dfee4f592b2c768f241f67f26db554e44'),
('761','Isai','Halvorson','jasmin46@example.com','398','055d8c8c81181fc817cdbc50aac5ee765344c32c'),
('762','Olaf','Wiza','cronin.frederik@example.com','973','b09ba76162fc3c2ac9a8f3c1b4a65721e532cc79'),
('763','Lyric','Jakubowski','mireille.mayert@example.org','477566','4be7f121632be522646d0dda5d71e76e83d5fdbe'),
('765','Vella','Reinger','flavio.conn@example.com','6406000069','a4134dfce7961efb9d59446590ecd6f720131296'),
('767','Norene','Paucek','goldner.reymundo@example.org','651','d1746202b7246e0b32f04246dac24999b3e21663'),
('768','Daron','Hudson','gutmann.lorena@example.com','99','fb77ca644d56125ba23bc6ebe827df09926e3f10'),
('769','Dannie','Kuhic','senger.lela@example.com','497615','65b8ed61b58bc1d59329853536d913082f818176'),
('771','Kennedi','Stiedemann','qtorphy@example.org','8439735721','41c44c298097ff9bd631487688cdce022165a168'),
('772','Kasandra','Gerlach','urowe@example.com','45370','adc78d23851f2f17eab8b81e6f3a6d22dc6b4894'),
('773','Winnifred','Koelpin','coralie.langworth@example.org','192010','c89bd614efaac6baab113dc3f2a0a2105355a2a0'),
('776','Alek','Kertzmann','toby.bartell@example.com','512','ac6130a2af8221787eabce4f3e493e9330acf0d1'),
('777','Ward','Padberg','krajcik.mina@example.net','7095286263','a875740355323c4dafcf11ac736ee8d73a8cc95f'),
('778','Kody','Dicki','go\'connell@example.com','92','6b6224b1510e5acb8565398d1fed60bbf12ba848'),
('781','Dane','Strosin','haag.jose@example.com','924','638bd31e813961581afac7e71ca370a866883283'),
('782','Katlynn','Weimann','grady.hailie@example.net','224990','056414b04f8bf180ed33a01aaf75b8312d2740e4'),
('784','Benjamin','Ratke','marcus34@example.com','1645411874','8dc3de416ee2910b1c2d575eeb20c5008a6e5c1e'),
('785','Jerrod','Bernhard','hagenes.garrison@example.net','296024','1a2cb7cce38b58f70cc6ed3799e94832a80154d4'),
('786','Roxane','Herman','reinhold.kshlerin@example.org','25','da4b1f9609292236ec0130be613b5ee8dd7986f1'),
('787','Maddison','Williamson','alaina91@example.org','367452','17c23040079766fab617c194136c59df5682718a'),
('788','Taya','Trantow','heller.abdul@example.com','655794','15dc538d86f699066abe7d07bedfcd33597e6381'),
('790','Napoleon','Collins','white.webster@example.com','130','6bb74fba99a34cfd8aacc5d7653cbddf378cdaf2'),
('791','Anjali','Prosacco','dibbert.julia@example.net','205','c1eee501a467cb21b803fa3d066ffc0e30a29299'),
('792','Tom','Nolan','gregorio.romaguera@example.com','839547','fb5cf5e85ec99d46cd9aee85322d95590d22fda5'),
('795','Makenzie','Trantow','breanna.robel@example.net','465122','4b7d1f9539bbec82151655d655862ed5e8a8105f'),
('796','Nikki','Sporer','dean35@example.com','582583','7d5a1768bf553dd39ebc039a25be1e1df5a313b1'),
('797','Rocky','Grimes','roxane.ullrich@example.com','916','9d87b7a37c666bafabe649054d262b2b45678760'),
('798','Cole','Homenick','kuhic.marjory@example.com','577','e0f2b21125181941f9195a915f17be0c784147c7'),
('799','Ulices','Fadel','maverick.monahan@example.com','291191','2cb128433bb90243f9ae46b8fa3961e1e9870f64'),
('800','Alexis','Dach','xlarkin@example.com','99613','96da0ed838c072b42774ef8d2c1ba826d84132a4'),
('803','Hailee','Heathcote','antone.kuhic@example.com','740','5a3a485fd8771fdfe871e252de43c6b39de6a54a'),
('805','Giovani','Brown','linda23@example.org','101254','6ec97d1d90843d178c97c8d99602b3ead108f628'),
('806','Giuseppe','Frami','jackie.runte@example.net','517005','1c5df9c5a22d81b2e1b6261572eddbe0295d7ced'),
('807','Krystal','VonRueden','graham.bins@example.net','899','7ddaec7fed516e9b82f002490ab3402e03751e08'),
('808','Florencio','Mraz','boyle.berneice@example.org','3411382014','48ba94ab7c68162b2f2fa97963f1e0c79f30a658'),
('811','Conrad','Osinski','eichmann.andreane@example.net','626440','f78c96429e2f665189c0e93eb6b317abbd6e5e1c'),
('815','Finn','Grant','marian.harris@example.com','969','d3487a439bb84d8e12ad3bcb1ce6dbc6b1c2c517'),
('816','Marques','Greenholt','klein.julio@example.net','32','c0e705ede86a8ea962b14e6bd7cdfa63b7c125a9'),
('818','Dina','Daugherty','faye.o\'kon@example.com','455019','a844177b5229ad5bb35f0a31adbe033831a4b365'),
('819','Pearlie','Pollich','gerhard.wilkinson@example.org','9468320929','ec50da16b59c1bf5e7884cd4a0ddd2881c843a9c'),
('820','Dwight','Romaguera','kschulist@example.org','168522','c6258a6caf179fcedb097cca71885776fce24000'),
('821','Imogene','Reilly','savion16@example.net','683593','e16c36fcd211075dd98151ae9bb77843a3891940'),
('822','Zechariah','Medhurst','theodora.windler@example.net','17','1a909ad6d4efe2b27ffaf22c16bcaa07a0fc55e1'),
('823','Ruben','Nikolaus','armstrong.jovanny@example.net','330','c9cc8804a1db478624104a1e4682407483d5ff54'),
('828','Jackie','Hegmann','kassulke.kirstin@example.net','500642','010a203dc05e4b6ef000575c39c782ac278e6ac2'),
('829','Deven','Green','bria.swaniawski@example.net','23626','34bfabb31d21f2d7b2b8f2e622ab0dc9c58289f0'),
('831','Celine','Hyatt','ransom.johnston@example.org','6999383511','8cc37d15da5f6b129fd7d5db1a49801ed876c71c'),
('832','Nathanial','Moore','hterry@example.com','596357','a60ce95c09ff0176cce35015b9fbe48a993dace3'),
('833','Isobel','Heller','abigayle79@example.com','452278','3a82a84ab057a3dfa8d21cd3cb9a6259a2746da9'),
('836','Lauren','McGlynn','lisa.jakubowski@example.net','8785421744','511ab2b3a33bd5a98a4c9d0822374f9f541c1031'),
('842','Lamar','Larkin','esauer@example.net','415878','8324c7fd314051706067345fc23a4c0a753e7e11'),
('844','Electa','Kuvalis','bridgette08@example.com','994118','a62c99bc16f43a91a46a986a7c72faa4f0edd20b'),
('845','Gussie','Hackett','samanta81@example.org','471496','51b898e3fafd0667b54fec9c28984f8040acd275'),
('846','Devin','Rempel','oberbrunner.melba@example.org','183628','e2b5216cf544405915125dc6e2ee89fa7edd9263'),
('848','Deshawn','Price','brandyn62@example.com','458621','dd0b497a513767de1ce7a45244d3125fe076a736'),
('849','Damien','Abbott','smcclure@example.org','965208','60d583819f0a377e49d32e29f765a8ec901c72f7'),
('850','Ronny','Deckow','hane.stan@example.com','408749','44f4e893e57e347fad40b0d1d1779bc0f101a72e'),
('851','Cortez','Ankunding','borer.payton@example.org','7739532596','be2cf35446547a66ec54e5a9b1053d8f4d4f1e92'),
('857','Agnes','Jacobs','schulist.archibald@example.com','243','06be954588827b43e9b764c928fb5e1061d7a140'),
('859','Eliezer','Toy','lonie33@example.net','243337','5326b352ece645273d2b686fc3f262e64c890ea4'),
('860','Imogene','Leuschke','esther40@example.net','527539','20782fe600c7e3692daf4d84b8d3b6148da686a7'),
('861','Murl','Bahringer','erunte@example.com','582','1e7b7c238d27534ab27557aa71e6820816ee4ff0'),
('862','Tierra','Torp','rogahn.kayla@example.com','45','bf8f181ea9384292779ff6f429b1d038766329f6'),
('863','Saul','Wolff','schuppe.tiara@example.com','817','832c90e6ae629cfd8a38e957d97114de6a461118'),
('864','Maximillian','Medhurst','marcella.funk@example.com','996667','a59514e2fe45b559fb2e50b34abff6351e55f1b7'),
('869','Gaetano','Hane','lucius.bernier@example.net','290','3a466ebe4fb8f9fd4c0d1dafee3578ad5d5fafd5'),
('870','Nelda','Stamm','asia.nikolaus@example.com','344047800','c30881494c4ffe581cffebdb392ba7740baaa9d1'),
('871','Hortense','Reilly','larson.buster@example.net','7933813081','7a8daa78f51ae426252a5a50317f19362e439f03'),
('872','Isadore','Padberg','jblock@example.org','3','b6ba04c164fbc1dcadde4832fa2f614f1a05a4c7'),
('876','Annabel','Wolf','alvena15@example.org','265803','c43a5ce29c0cba5d9105368e51120764b9114181'),
('877','Bobbie','Veum','stanton.vesta@example.org','893779','491d62388bfb410d40c8a0c4221f59783c54b816'),
('883','Beth','Howell','smuller@example.com','422','680bbe2a713f086c7648e14299e48e46985491b5'),
('885','Beaulah','Rodriguez','dominique.wintheiser@example.org','6962143870','c5422765c9e85ae536b32f78d9964f744f0a4987'),
('887','Amanda','Jaskolski','weissnat.marisa@example.net','12','947257f5ec939d49e923a7c0e526cf9b98d3fc59'),
('888','Halle','Windler','bkuvalis@example.com','260','522b35b868d496baee269624ea49909f16f08ec6'),
('889','Dean','Bechtelar','rosenbaum.sim@example.net','3140721215','1c3b5fa410a3de30e86e1b91b4aefb9ef98d7ff4'),
('891','Hailey','Murray','ettie.zulauf@example.com','799','d089faace8d7000366345c24ad91413501866287'),
('892','Kyla','Prosacco','carmelo17@example.net','167145','19556c8f6b01b090f48269f15d74c698d4d3649b'),
('893','Bella','Torphy','nbarrows@example.org','942','755fd7714a4d37e512570e836f207bba926c1f8a'),
('895','Joey','Marquardt','schiller.adriana@example.com','28','e729c5f127fd02adf43d3883e71d3c83fbd1ee8d'),
('901','Larue','Connelly','melody85@example.net','924310','f02024eff849d035976aa4fbb3feab8e4736f352'),
('902','Germaine','Marquardt','dubuque.sterling@example.net','304','2f58b65533c52d2f2c59e0e646dc33f10cc11e9b'),
('903','Jose','Zboncak','ghamill@example.org','773384','b0da5cdd54dad8d8c70489e6e69d9d224a6b3a4e'),
('905','Alyce','Konopelski','gzemlak@example.net','9660710098','5f15da1400b23f4b528d4a8425cee1a3b00ba474'),
('906','Cortney','Marvin','bpurdy@example.org','350','a39aed73c59fdf8ea4cf3e20cbe3e258cb587a0f'),
('909','Eveline','Senger','vbecker@example.net','82902','cf3937fd92d32319405d23647ffcc9951e9549cc'),
('910','Amos','Lueilwitz','devonte17@example.net','278059','29a5b4a40bdd0c4d8d66bbe6b77d0b1f63ccc736'),
('911','Elinore','Mayer','uparker@example.org','732','1636afc5977e6b9ac98fbb823dfe87bf7bca5eab'),
('912','Erin','Kautzer','braeden89@example.net','484978','58b97a8322e3cbdb19be51d6c43c9afa0cf875bb'),
('913','Rolando','Lindgren','bkling@example.org','924166','49965910c846d5eb86c4b416f769131d318a564f'),
('914','Estrella','Gutkowski','mckenzie.o\'connell@example.com','58','c98d854fe20a9508f6fda504b589b8c6bd1e3f26'),
('915','Cicero','Weber','fabian97@example.org','760872','576e935c223bfad1d90783a95e51752049c141a5'),
('917','Glen','Lynch','olaf.feil@example.net','515938','bbaaddb9133744883f08b76e30aa7f9d1a5a0881'),
('918','Malika','Goodwin','viola.swaniawski@example.net','671','b718b4769b34434e236d908c571a231613757dbc'),
('919','Alanna','Hayes','yauer@example.net','315','11777570c6cba4f62bb9533ec67d6bb12cc493d6'),
('920','Christ','Sanford','schulist.joshuah@example.org','544','43a267cefd5daaa1715b44b9e50ad69b57bb8fe9'),
('921','Helene','Steuber','mckenzie.ashley@example.org','806147','cbdb589f6189aa08b9d0a65d624d8253ad834c2b'),
('923','Ethan','Hodkiewicz','pagac.imogene@example.com','139','0f7b5999de0ffdd298f8b122eda5826cac3b7b1e'),
('924','Cyrus','Beatty','estamm@example.org','765268','61d0841c9fe78eefa973a582feab2e930c9bafc7'),
('925','Ned','Abbott','eliane.hickle@example.com','614','ca7413766e4e6498fef7f12b35a0362d0ef95682'),
('926','Roman','White','stewart45@example.com','144','b145ed4bb6649035ae9bf4272d93fefccc54cd32'),
('929','Adah','Dickinson','layne.williamson@example.net','14651','bab4717edf03d410a6fd99caaab1f01a34f2d4a0'),
('930','Destiney','Hamill','elenora.o\'hara@example.com','89','9e0c65d8529853d84fbab5c77f3558a8d724a279'),
('931','Verona','Moen','white.vaughn@example.com','83','c826eb1ff0fee3f722f2f8c51ee8a7c8a298cc5c'),
('932','Jo','Lindgren','jack85@example.com','656','f5c9510a8c50ceae1d8890ea1732147f967d0a23'),
('933','Reilly','Johns','winfield.schuster@example.net','352','b89379a3a453882208b739807c3e1bd098a802b7'),
('936','Kay','Spinka','peggie75@example.com','7324983090','0b0e370697fdf60b215568f302d58aa15508acda'),
('940','Annie','Roob','hamill.eileen@example.com','809','a3f19233e23a65a059b2dd838df6b3fea7ab0181'),
('943','Jacinto','Daugherty','lfay@example.net','404','10ed24e41a0e0bfe43dad1cd6b35ec3be8f75e14'),
('944','Alice','Daniel','oroob@example.com','77','cfef5b6fe0ed798316e39a8bc358f122620098e7'),
('945','Sallie','Trantow','candice.spencer@example.org','189','74950a1d5d44355f0d169198292f9ddad7cf601d'),
('947','Marty','Collier','aaliyah.veum@example.com','365','2fda9176d0b181f74260f94ce913c0ce174092eb'),
('948','Kathlyn','Aufderhar','deanna.marks@example.net','5927958685','fee756896b84307e0bfdadad0a4d9555bc97ebce'),
('950','Polly','Turcotte','miguel.goodwin@example.org','351','bca89707c4205fb8b1db2cc296ca338f33dfe751'),
('951','Ronaldo','Schowalter','deondre.wisoky@example.org','93','bae301f758a5961172235dded48748e79a9cc00c'),
('953','Rachelle','Gorczany','jeromy.skiles@example.com','113396','0fe718a93bae1704cf904bc3fe45445edc8ebc0e'),
('955','Christian','Schuppe','nicolas.everardo@example.com','170','136cc5025404ef4699c1af7dfc82b48d5d2ea03a'),
('956','Mckenna','Langworth','moen.fay@example.net','293','f5ed689bec0e50a06526f8aa706572ad79fa9b94'),
('957','Jackson','Osinski','kdibbert@example.net','979','a752cedbd63082f0f4c966711c8aec7ae620365a'),
('958','Sam','Kohler','edgardo.gerlach@example.org','609182','3f04f297b1096b442f04aa00b31a478c511fb304'),
('960','Quinten','O\'Reilly','leffler.jettie@example.org','841130','42b6ba76830b5044dd8e451535eab8ceb6490788'),
('961','Quinn','Lockman','angelica66@example.org','49','dbf7d372dd8b6f6eb8abf54a1396f65ba3732de6'),
('964','Verdie','Fritsch','green.chasity@example.com','75722','11f9f9fa874507926212b98d9bafb4c1ec0ab8d1'),
('965','Amara','O\'Reilly','cathryn80@example.org','192640','2fb8b4fee7255bf4714e4af318ac83840842da84'),
('967','Walker','Moen','osinski.bryce@example.org','338','44e5ea6864667174a4974a200f1bddc148359952'),
('968','Jena','Green','friesen.eliseo@example.net','82968','4c80d6a372881fa187d1359b1be1960e0fe9a18c'),
('970','Meredith','Beatty','reed.balistreri@example.org','892','d4e6c714c6e4ff1e0a93ffd2858c69b805d21077'),
('971','Ardith','Considine','hermiston.selmer@example.net','868102','9653458b55364b62fceb22fa8d6a2089162e3abd'),
('975','Dave','Haag','rlehner@example.com','354943','ae24c58404eb0629a752034ba45dcbae13399a40'),
('976','Lily','Weber','ifeeney@example.org','127959','9b99ef3d023445163e0c23874d381fd7bbbe3c5f'),
('977','Rashawn','Durgan','hansen.westley@example.org','676149','efe3fb520a41200a72c87429a835b6ace6d68767'),
('979','Garret','Hamill','keagan.funk@example.org','5013474603','f7a94881850e842036836385e8abb377f6eb3a6e'),
('980','Meta','Sawayn','jonathan11@example.com','377','270e089a9a01843ac688b76ae003734ac8b585d3'),
('982','Rosalia','Berge','olubowitz@example.com','9393473036','fa514bca53ef66499142b4688e8274055e5f8568'),
('983','Griffin','Labadie','mateo71@example.org','384','08583921d5ad010454c66943633131fbb887c09c'),
('984','Delphia','Homenick','eliseo57@example.net','673599','02e9f2e3a9826dc61e6922b869acdc66cdae5053'),
('985','Lila','Brekke','petra68@example.org','61752','dbdc0938675738647fc6ed25321e3448b74ce290'),
('987','Ervin','Swift','kenneth50@example.com','738997','b35c93caba4a64e644a002188bb3aa39e277cbea'),
('988','Davonte','Considine','tswaniawski@example.org','471223','f53f1e9bdde5e2e2fa3e49371ad94caf679a57a8'),
('989','Adela','Tillman','kathlyn.hessel@example.net','967898','0387c8e289ececc1c467d19da7f85d514e645a71'),
('990','Alexandrine','Nolan','laron33@example.org','742','84bc4f58e642206492215567acd3c1874378f4f1'),
('991','Justen','Thompson','bradly.labadie@example.org','243042','f74f4a0d043f3f529ccd7e918994412de440c43e'),
('992','Shanna','Goyette','pollich.valerie@example.org','28648','f45155e1d6e7313ad04094daa5c917f5298ba96f'),
('994','Ike','Turner','kaley28@example.com','981677','41b6a1ac5a6298ce53e7c71d389ab2fdfb2b1cad'),
('996','Skylar','Lindgren','talon39@example.com','9090315711','764b5f706e216089d348038f41a9a544c7f20091'),
('997','Eldred','Bode','dach.art@example.org','391894','3b87421001b43d3ac14431d48d1cf8ab62742f5a'); 


DROP TABLE IF EXISTS `users_communities`;
CREATE TABLE `users_communities` (
  `user_id` bigint(20) unsigned NOT NULL,
  `community_id` bigint(20) unsigned NOT NULL,
  PRIMARY KEY (`user_id`,`community_id`),
  KEY `community_id` (`community_id`),
  CONSTRAINT `users_communities_ibfk_1` FOREIGN KEY (`user_id`) REFERENCES `users` (`id`),
  CONSTRAINT `users_communities_ibfk_2` FOREIGN KEY (`community_id`) REFERENCES `communities` (`id`)
) ENGINE=InnoDB DEFAULT CHARSET=utf8 COLLATE=utf8_unicode_ci;

INSERT INTO `users_communities` VALUES ('501','1'),
('501','3'),
('502','2'),
('502','4'),
('503','3'),
('503','5'),
('504','4'),
('504','6'),
('505','5'),
('505','7'),
('506','6'),
('506','8'),
('508','7'),
('508','9'),
('509','8'),
('509','10'),
('510','9'),
('510','11'),
('512','10'),
('512','12'),
('517','11'),
('517','13'),
('518','12'),
('518','14'),
('519','13'),
('519','15'),
('520','14'),
('520','16'),
('521','15'),
('521','17'),
('523','16'),
('523','18'),
('524','17'),
('524','19'),
('525','18'),
('525','20'),
('526','19'),
('526','21'),
('529','20'),
('529','22'),
('530','21'),
('530','23'),
('531','22'),
('531','24'),
('535','23'),
('535','25'),
('537','24'),
('537','26'),
('538','25'),
('538','27'),
('539','26'),
('539','28'),
('540','27'),
('540','29'),
('541','28'),
('541','30'),
('542','29'),
('542','31'),
('543','30'),
('543','32'),
('544','31'),
('544','33'),
('545','32'),
('545','34'),
('546','33'),
('546','35'),
('547','34'),
('547','36'),
('548','35'),
('548','37'),
('552','36'),
('552','38'),
('553','37'),
('553','39'),
('556','38'),
('556','40'),
('557','39'),
('557','41'),
('561','40'),
('561','42'),
('562','41'),
('562','43'),
('564','42'),
('564','44'),
('565','43'),
('565','45'),
('566','44'),
('566','46'),
('567','45'),
('567','47'),
('568','46'),
('568','48'),
('569','47'),
('569','49'),
('571','48'),
('571','50'),
('572','49'),
('572','51'),
('573','50'),
('573','52'),
('574','51'),
('574','53'),
('577','52'),
('577','54'),
('579','53'),
('579','55'),
('583','54'),
('583','56'),
('585','55'),
('585','57'),
('586','56'),
('586','58'),
('587','57'),
('587','59'),
('590','58'),
('590','60'),
('594','59'),
('594','61'),
('595','60'),
('595','62'),
('597','61'),
('597','63'),
('598','62'),
('598','64'),
('599','63'),
('599','65'),
('600','64'),
('600','66'),
('601','65'),
('601','67'),
('602','66'),
('602','68'),
('603','67'),
('603','69'),
('605','68'),
('605','70'),
('607','69'),
('607','71'),
('608','70'),
('608','72'),
('610','71'),
('610','73'),
('611','72'),
('611','74'),
('614','73'),
('614','75'),
('615','74'),
('615','76'),
('618','75'),
('618','77'),
('621','76'),
('621','78'),
('623','77'),
('623','79'),
('624','78'),
('624','80'),
('625','79'),
('625','81'),
('626','80'),
('626','82'),
('627','81'),
('627','83'),
('628','82'),
('628','84'),
('629','83'),
('629','85'),
('633','84'),
('633','86'),
('635','85'),
('635','87'),
('636','86'),
('636','88'),
('637','87'),
('637','89'),
('644','88'),
('644','90'),
('646','89'),
('646','91'),
('647','90'),
('647','92'),
('648','91'),
('648','93'),
('652','92'),
('652','94'),
('653','93'),
('653','95'),
('654','94'),
('654','96'),
('658','95'),
('658','97'),
('660','96'),
('660','98'),
('661','97'),
('661','99'),
('665','98'),
('665','100'),
('668','1'),
('668','99'),
('669','2'),
('669','100'),
('670','1'),
('670','3'),
('671','2'),
('671','4'),
('673','3'),
('673','5'),
('674','4'),
('674','6'),
('675','5'),
('675','7'),
('676','6'),
('676','8'),
('677','7'),
('677','9'),
('678','8'),
('678','10'),
('680','9'),
('680','11'),
('681','10'),
('681','12'),
('683','11'),
('683','13'),
('684','12'),
('684','14'),
('685','13'),
('685','15'),
('686','14'),
('686','16'),
('690','15'),
('690','17'),
('691','16'),
('691','18'),
('692','17'),
('692','19'),
('693','18'),
('693','20'),
('694','19'),
('694','21'),
('697','20'),
('697','22'),
('700','21'),
('700','23'),
('701','22'),
('701','24'),
('702','23'),
('702','25'),
('703','24'),
('703','26'),
('704','25'),
('704','27'),
('707','26'),
('707','28'),
('709','27'),
('709','29'),
('712','28'),
('712','30'),
('713','29'),
('713','31'),
('718','30'),
('718','32'),
('719','31'),
('719','33'),
('720','32'),
('720','34'),
('721','33'),
('721','35'),
('722','34'),
('722','36'),
('723','35'),
('723','37'),
('725','36'),
('725','38'),
('727','37'),
('727','39'),
('729','38'),
('729','40'),
('731','39'),
('731','41'),
('732','40'),
('732','42'),
('733','41'),
('733','43'),
('737','42'),
('737','44'),
('738','43'),
('738','45'),
('740','44'),
('740','46'),
('742','45'),
('742','47'),
('745','46'),
('745','48'),
('746','47'),
('746','49'),
('747','48'),
('747','50'),
('749','49'),
('749','51'),
('750','50'),
('750','52'),
('751','51'),
('751','53'),
('752','52'),
('752','54'),
('753','53'),
('753','55'),
('757','54'),
('757','56'),
('758','55'),
('758','57'),
('759','56'),
('759','58'),
('760','57'),
('760','59'),
('761','58'),
('761','60'),
('762','59'),
('762','61'),
('763','60'),
('763','62'),
('765','61'),
('765','63'),
('767','62'),
('767','64'),
('768','63'),
('768','65'),
('769','64'),
('769','66'),
('771','65'),
('771','67'),
('772','66'),
('772','68'),
('773','67'),
('773','69'),
('776','68'),
('776','70'),
('777','69'),
('777','71'),
('778','70'),
('778','72'),
('781','71'),
('781','73'),
('782','72'),
('782','74'),
('784','73'),
('784','75'),
('785','74'),
('785','76'),
('786','75'),
('786','77'),
('787','76'),
('787','78'),
('788','77'),
('788','79'),
('790','78'),
('790','80'),
('791','79'),
('791','81'),
('792','80'),
('792','82'),
('795','81'),
('795','83'),
('796','82'),
('796','84'),
('797','83'),
('797','85'),
('798','84'),
('798','86'),
('799','85'),
('799','87'),
('800','86'),
('800','88'),
('803','87'),
('803','89'),
('805','88'),
('805','90'),
('806','89'),
('806','91'),
('807','90'),
('807','92'),
('808','91'),
('808','93'),
('811','92'),
('811','94'),
('815','93'),
('815','95'),
('816','94'),
('816','96'),
('818','95'),
('818','97'),
('819','96'),
('819','98'),
('820','97'),
('820','99'),
('821','98'),
('821','100'),
('822','99'),
('823','100'),
('828','1'),
('829','2'),
('831','3'),
('832','4'),
('833','5'),
('836','6'),
('842','7'),
('844','8'),
('845','9'),
('846','10'),
('848','11'),
('849','12'),
('850','13'),
('851','14'),
('857','15'),
('859','16'),
('860','17'),
('861','18'),
('862','19'),
('863','20'),
('864','21'),
('869','22'),
('870','23'),
('871','24'),
('872','25'),
('876','26'),
('877','27'),
('883','28'),
('885','29'),
('887','30'),
('888','31'),
('889','32'),
('891','33'),
('892','34'),
('893','35'),
('895','36'),
('901','37'),
('902','38'),
('903','39'),
('905','40'),
('906','41'),
('909','42'),
('910','43'),
('911','44'),
('912','45'),
('913','46'),
('914','47'),
('915','48'),
('917','49'),
('918','50'),
('919','51'),
('920','52'),
('921','53'),
('923','54'),
('924','55'),
('925','56'),
('926','57'),
('929','58'),
('930','59'),
('931','60'),
('932','61'),
('933','62'),
('936','63'),
('940','64'),
('943','65'),
('944','66'),
('945','67'),
('947','68'),
('948','69'),
('950','70'),
('951','71'),
('953','72'),
('955','73'),
('956','74'),
('957','75'),
('958','76'),
('960','77'),
('961','78'),
('964','79'),
('965','80'),
('967','81'),
('968','82'),
('970','83'),
('971','84'),
('975','85'),
('976','86'),
('977','87'),
('979','88'),
('980','89'),
('982','90'),
('983','91'),
('984','92'),
('985','93'),
('987','94'),
('988','95'),
('989','96'),
('990','97'),
('991','98'),
('992','99'),
('994','100'),
('996','1'),
('997','2'); 


DROP TABLE IF EXISTS `video_albums`;
CREATE TABLE `video_albums` (
  `id` bigint(20) unsigned NOT NULL AUTO_INCREMENT,
  `name` varchar(255) COLLATE utf8_unicode_ci DEFAULT NULL,
  `user_video_id` bigint(20) unsigned DEFAULT NULL,
  PRIMARY KEY (`id`),
  UNIQUE KEY `id` (`id`),
  KEY `user_video_id` (`user_video_id`),
  CONSTRAINT `video_albums_ibfk_1` FOREIGN KEY (`user_video_id`) REFERENCES `users` (`id`)
) ENGINE=InnoDB AUTO_INCREMENT=51 DEFAULT CHARSET=utf8 COLLATE=utf8_unicode_ci;

INSERT INTO `video_albums` VALUES ('1','accusantium','501'),
('2','totam','502'),
('3','expedita','503'),
('4','error','504'),
('5','accusantium','505'),
('6','incidunt','506'),
('7','aperiam','508'),
('8','nobis','509'),
('9','ipsum','510'),
('10','neque','512'),
('11','nemo','517'),
('12','non','518'),
('13','ea','519'),
('14','illum','520'),
('15','tenetur','521'),
('16','sit','523'),
('17','reiciendis','524'),
('18','unde','525'),
('19','ad','526'),
('20','commodi','529'),
('21','minus','530'),
('22','vel','531'),
('23','voluptas','535'),
('24','repellendus','537'),
('25','exercitationem','538'),
('26','veritatis','539'),
('27','enim','540'),
('28','beatae','541'),
('29','exercitationem','542'),
('30','ut','543'),
('31','laboriosam','544'),
('32','occaecati','545'),
('33','officia','546'),
('34','rerum','547'),
('35','tempore','548'),
('36','eaque','552'),
('37','accusamus','553'),
('38','libero','556'),
('39','ut','557'),
('40','et','561'),
('41','alias','562'),
('42','perspiciatis','564'),
('43','voluptatum','565'),
('44','sed','566'),
('45','veniam','567'),
('46','omnis','568'),
('47','eveniet','569'),
('48','quia','571'),
('49','iste','572'),
('50','voluptates','573'); 


DROP TABLE IF EXISTS `videos`;
CREATE TABLE `videos` (
  `id` bigint(20) unsigned NOT NULL AUTO_INCREMENT,
  `album_video_id` bigint(20) unsigned NOT NULL,
  `media_video_id` bigint(20) unsigned NOT NULL,
  PRIMARY KEY (`id`),
  KEY `album_video_id` (`album_video_id`),
  KEY `media_video_id` (`media_video_id`),
  CONSTRAINT `videos_ibfk_1` FOREIGN KEY (`album_video_id`) REFERENCES `video_albums` (`id`),
  CONSTRAINT `videos_ibfk_2` FOREIGN KEY (`media_video_id`) REFERENCES `media` (`id`)
) ENGINE=InnoDB AUTO_INCREMENT=101 DEFAULT CHARSET=utf8 COLLATE=utf8_unicode_ci;

INSERT INTO `videos` VALUES ('1','1','1'),
('2','2','2'),
('3','3','3'),
('4','4','4'),
('5','5','5'),
('6','6','6'),
('7','7','7'),
('8','8','8'),
('9','9','9'),
('10','10','10'),
('11','11','11'),
('12','12','12'),
('13','13','13'),
('14','14','14'),
('15','15','15'),
('16','16','16'),
('17','17','17'),
('18','18','18'),
('19','19','19'),
('20','20','20'),
('21','21','21'),
('22','22','22'),
('23','23','23'),
('24','24','24'),
('25','25','25'),
('26','26','26'),
('27','27','27'),
('28','28','28'),
('29','29','29'),
('30','30','30'),
('31','31','31'),
('32','32','32'),
('33','33','33'),
('34','34','34'),
('35','35','35'),
('36','36','36'),
('37','37','37'),
('38','38','38'),
('39','39','39'),
('40','40','40'),
('41','41','41'),
('42','42','42'),
('43','43','43'),
('44','44','44'),
('45','45','45'),
('46','46','46'),
('47','47','47'),
('48','48','48'),
('49','49','49'),
('50','50','50'),
('51','1','51'),
('52','2','52'),
('53','3','53'),
('54','4','54'),
('55','5','55'),
('56','6','56'),
('57','7','57'),
('58','8','58'),
('59','9','59'),
('60','10','60'),
('61','11','61'),
('62','12','62'),
('63','13','63'),
('64','14','64'),
('65','15','65'),
('66','16','66'),
('67','17','67'),
('68','18','68'),
('69','19','69'),
('70','20','70'),
('71','21','71'),
('72','22','72'),
('73','23','73'),
('74','24','74'),
('75','25','75'),
('76','26','76'),
('77','27','77'),
('78','28','78'),
('79','29','79'),
('80','30','80'),
('81','31','81'),
('82','32','82'),
('83','33','83'),
('84','34','84'),
('85','35','85'),
('86','36','86'),
('87','37','87'),
('88','38','88'),
('89','39','89'),
('90','40','90'),
('91','41','91'),
('92','42','92'),
('93','43','93'),
('94','44','94'),
('95','45','95'),
('96','46','96'),
('97','47','97'),
('98','48','98'),
('99','49','99'),
('100','50','100'); 




/*!40101 SET SQL_MODE=@OLD_SQL_MODE */;
/*!40014 SET FOREIGN_KEY_CHECKS=@OLD_FOREIGN_KEY_CHECKS */;
/*!40014 SET UNIQUE_CHECKS=@OLD_UNIQUE_CHECKS */;
/*!40101 SET CHARACTER_SET_CLIENT=@OLD_CHARACTER_SET_CLIENT */;
/*!40101 SET CHARACTER_SET_RESULTS=@OLD_CHARACTER_SET_RESULTS */;
/*!40101 SET COLLATION_CONNECTION=@OLD_COLLATION_CONNECTION */;
/*!40111 SET SQL_NOTES=@OLD_SQL_NOTES */;



-- Задача 2:
-- ii. Написать скрипт, возвращающий список имен (только firstname) пользователей без повторений в алфавитном порядке

SELECT DISTINCT firstname from users 


-- Задача 3:

-- iii. Написать скрипт, отмечающий несовершеннолетних пользователей как неактивных (поле is_active = false). 
-- Предварительно добавить такое поле в таблицу profiles со значением по умолчанию = true (или 1)


ALTER TABLE vk.profiles add COLUMN is_active int DEFAULT 1



UPDATE profiles
	SET is_active = 0 
WHERE 
	birthday >= DATE_SUB(CURRENT_DATE, INTERVAL 18 YEAR )
	
-- Задача 4:	
-- iv. Написать скрипт, удаляющий сообщения «из будущего» (дата позже сегодняшней)	
	
delete from messages 
WHERE created_at > CURRENT_DATE 


-- Задача 4:

я еще не определился с курсовой,расматриваю вариант сайта отдаленого обучения,
